ack,api_latency_s,async,async_applied_at,clock_s,controller_wait_s,converged,decisions,errors,exec_s,fatal,final_U,final_p,group,host,init,interval,iterations,method,monitor,n_changes,path,rc,rereads,run,scale,template,u_err_l2,wall_s
False,0,False,[],61.0,0.0,True,0,0,50.87,False,0.7,0.3,v4a,node179,,0,2943,static,,0,,0,0,cavity_Re1000__default,1.0,cavity_Re1000,0.0014408193935207222,63.55
False,34.71,True,"[45, 59, 72, 83, 96, 157, 193, 212, 225, 339, 399, 508, 549, 655, 712, 813, 861, 982, 1040, 1148, 1175, 1241, 1253, 1321, 1337, 1405, 1435, 1451, 1529, 1632]",40.0,0.0,True,113,0,35.41,False,0.9288,0.0712,v4a,node132,,10,1632,jev4,,31,10:0.7656/0.2344;44:0.8206/0.1794;58:0.8649/0.1351;71:0.8996/0.1004;82:0.8649/0.1351;142:0.8996/0.1004;176:0.9471/0.0529;192:0.95/0.05;211:0.9314/0.0686;321:0.95/0.05;379:0.9314/0.0686;490:0.95/0.05;538:0.9314/0.0686;641:0.95/0.05;701:0.9314/0.0686;802:0.95/0.05;851:0.9314/0.0686;967:0.95/0.05;1028:0.9314/0.0686;1132:0.95/0.05;1160:0.9048/0.0952;1219:0.9301/0.0699;1252:0.8693/0.1307;1306:0.903/0.097;1336:0.8232/0.1768;1391:0.867/0.133;1422:0.9288/0.0712;1434:0.9481/0.0519;1450:0.9013/0.0987;1509:0.8671/0.1329;1615:0.9288/0.0712,0,0,cavity_Re1000__jev4_async_r0,1.0,cavity_Re1000,0.0006313427861916249,41.46
False,34.29,True,"[44, 57, 72, 92, 106, 121, 221, 242, 294, 414, 537, 558, 626, 647, 704, 727, 791, 808, 860, 916, 1026, 1040, 1116, 1130, 1210, 1229, 1305, 1341, 1355, 1366, 1475, 1487, 1556, 1574]",40.0,0.0,True,114,0,35.31,False,0.8261,0.1739,v4a,node177,,10,1630,jev4,,39,11:0.7656/0.2344;43:0.8206/0.1794;56:0.8649/0.1351;71:0.9276/0.0724;91:0.95/0.05;105:0.9314/0.0686;210:0.95/0.05;230:0.9314/0.0686;283:0.95/0.05;402:0.9314/0.0686;525:0.95/0.05;547:0.9314/0.0686;615:0.95/0.05;635:0.9048/0.0952;684:0.9301/0.0699;715:0.9048/0.0952;774:0.9301/0.0699;790:0.95/0.05;848:0.9314/0.0686;902:0.9065/0.0935;1012:0.9314/0.0686;1025:0.95/0.05;1039:0.9048/0.0952;1094:0.95/0.05;1129:0.9048/0.0952;1188:0.9301/0.0699;1209:0.9048/0.0952;1228:0.8262/0.1738;1284:0.8694/0.1306;1327:0.9031/0.0969;1340:0.9491/0.0509;1354:0.9302/0.0698;1461:0.95/0.05;1474:0.9314/0.0686;1486:0.8716/0.1284;1540:0.9048/0.0952;1555:0.8716/0.1284;1573:0.7724/0.2276;1627:0.8261/0.1739,0,0,cavity_Re1000__jev4_async_r1,1.0,cavity_Re1000,0.00028479143257096354,42.23
False,38.52,True,"[39, 53, 79, 117, 132, 140, 251, 359, 464, 518, 627, 652, 764, 787, 842, 862, 919, 973, 1088, 1112, 1167, 1179, 1288, 1348, 1421, 1530, 1544, 1617]",44.0,0.0,True,130,0,38.96,False,0.9048,0.0952,v4a,node061,,10,1720,jev4,,30,10:0.7656/0.2344;38:0.8206/0.1794;52:0.9015/0.0985;104:0.9482/0.0518;116:0.95/0.05;131:0.9314/0.0686;236:0.95/0.05;348:0.9314/0.0686;452:0.95/0.05;506:0.9314/0.0686;612:0.95/0.05;641:0.9314/0.0686;748:0.95/0.05;777:0.9314/0.0686;828:0.95/0.05;851:0.9314/0.0686;904:0.95/0.05;963:0.9314/0.0686;1073:0.95/0.05;1099:0.9314/0.0686;1151:0.95/0.05;1166:0.9314/0.0686;1277:0.95/0.05;1330:0.9314/0.0686;1406:0.9065/0.0935;1517:0.9314/0.0686;1529:0.95/0.05;1543:0.9048/0.0952;1604:0.8716/0.1284;1714:0.9048/0.0952,0,0,cavity_Re1000__jev4_async_r2,1.0,cavity_Re1000,0.0006471573984526048,45.24
True,30.3,True,"[41, 65, 100, 122, 223, 248, 314, 335, 412, 487, 514, 544, 648, 693, 748, 859, 870, 939, 950, 1024, 1035, 1101, 1112, 1173, 1185, 1252, 1264, 1329, 1340, 1400, 1411, 1478, 1489, 1551, 1562, 1632, 1644, 1710, 1721, 1784, 1795]",44.0,0.0,True,114,0,39.56,False,0.7079,0.2921,v4a,node061,,10,1834,jev4,,41,10:0.7656/0.2344;51:0.8672/0.1328;87:0.9289/0.0711;110:0.9032/0.0968;211:0.9289/0.0711;233:0.9032/0.0968;300:0.9289/0.0711;324:0.8672/0.1328;398:0.9014/0.0986;474:0.9275/0.0725;497:0.95/0.05;524:0.9314/0.0686;632:0.95/0.05;682:0.9314/0.0686;736:0.9065/0.0935;842:0.9314/0.0686;869:0.8716/0.1284;923:0.9314/0.0686;949:0.8716/0.1284;1011:0.9314/0.0686;1034:0.8716/0.1284;1089:0.9314/0.0686;1111:0.8716/0.1284;1156:0.9314/0.0686;1183:0.8716/0.1284;1239:0.9314/0.0686;1263:0.8716/0.1284;1316:0.9314/0.0686;1339:0.8716/0.1284;1388:0.9314/0.0686;1410:0.8716/0.1284;1463:0.9314/0.0686;1488:0.8716/0.1284;1538:0.9314/0.0686;1561:0.8716/0.1284;1610:0.9314/0.0686;1643:0.8716/0.1284;1691:0.9314/0.0686;1720:0.8716/0.1284;1772:0.829/0.171;1794:0.7079/0.2921,0,0,cavity_Re1000__jev4ack_async_r0,1.0,cavity_Re1000,3.569864534457777e-05,45.04
True,47.38,True,"[43, 67, 100, 119, 226, 249, 325, 350, 414, 438, 510, 543, 578, 682, 693, 782, 793, 866, 877, 936, 947, 1012, 1023, 1102, 1113, 1175, 1187, 1258, 1269, 1340, 1351, 1431, 1442, 1515, 1526, 1596, 1607, 1677, 1688, 1753, 1764, 1838, 1850, 1923, 1934, 2000, 2011, 2085, 2096, 2164, 2175, 2239, 2250, 2323, 2334, 2401, 2412, 2483, 2494, 2567, 2578, 2649, 2660, 2736, 2747, 2822, 2833, 2904, 2915, 2986, 2997, 3067, 3078, 3142, 3153]",69.0,0.0,True,190,0,62.81,False,0.6959,0.3041,v4a,node176,,10,3190,jev4,,75,10:0.7656/0.2344;53:0.8672/0.1328;89:0.9289/0.0711;110:0.9032/0.0968;214:0.9289/0.0711;236:0.8672/0.1328;303:0.9014/0.0986;335:0.8672/0.1328;400:0.9014/0.0986;424:0.8205/0.1795;495:0.8649/0.1351;520:0.8996/0.1004;553:0.8649/0.1351;665:0.9276/0.0724;692:0.865/0.135;767:0.9276/0.0724;792:0.865/0.135;854:0.9276/0.0724;876:0.865/0.135;923:0.9276/0.0724;946:0.865/0.135;1000:0.9276/0.0724;1022:0.865/0.135;1081:0.9276/0.0724;1112:0.865/0.135;1161:0.9276/0.0724;1186:0.865/0.135;1243:0.9276/0.0724;1268:0.865/0.135;1326:0.9276/0.0724;1350:0.865/0.135;1404:0.9276/0.0724;1441:0.865/0.135;1501:0.9276/0.0724;1525:0.865/0.135;1582:0.9276/0.0724;1606:0.865/0.135;1664:0.9276/0.0724;1687:0.865/0.135;1740:0.9276/0.0724;1763:0.865/0.135;1822:0.9276/0.0724;1849:0.865/0.135;1907:0.9276/0.0724;1933:0.865/0.135;1985:0.9276/0.0724;2010:0.865/0.135;2066:0.9276/0.0724;2095:0.865/0.135;2150:0.9276/0.0724;2174:0.865/0.135;2227:0.9276/0.0724;2249:0.865/0.135;2306:0.9276/0.0724;2333:0.865/0.135;2387:0.9276/0.0724;2411:0.865/0.135;2467:0.9276/0.0724;2493:0.865/0.135;2553:0.9276/0.0724;2577:0.865/0.135;2635:0.9276/0.0724;2659:0.865/0.135;2721:0.9276/0.0724;2746:0.865/0.135;2809:0.9276/0.0724;2832:0.865/0.135;2891:0.9276/0.0724;2914:0.865/0.135;2971:0.9276/0.0724;2996:0.865/0.135;3053:0.9276/0.0724;3077:0.865/0.135;3128:0.8207/0.1793;3152:0.6959/0.3041,0,0,cavity_Re1000__jev4ack_async_r1,1.0,cavity_Re1000,1.865876763369771e-05,69.27
True,29.72,True,"[45, 84, 127, 152, 260, 285, 356, 379, 444, 499, 524, 629, 640, 702, 713, 782, 793, 851, 862, 927, 938, 1007, 1018, 1085, 1096, 1170, 1181, 1258, 1269, 1347, 1358, 1420, 1431, 1498, 1509, 1572, 1583, 1650, 1661, 1725, 1736, 1802, 1814, 1888]",44.0,0.0,True,116,0,39.41,False,0.8995,0.1005,v4a,node179,,10,1888,jev4,,44,10:0.7656/0.2344;70:0.8672/0.1328;110:0.9289/0.0711;137:0.9032/0.0968;247:0.9289/0.0711;270:0.8672/0.1328;341:0.9014/0.0986;366:0.8672/0.1328;427:0.9014/0.0986;484:0.9275/0.0725;509:0.9014/0.0986;616:0.9275/0.0725;639:0.8648/0.1352;689:0.8995/0.1005;712:0.8174/0.1826;767:0.8995/0.1005;792:0.8174/0.1826;839:0.8995/0.1005;861:0.8174/0.1826;915:0.8995/0.1005;937:0.8174/0.1826;992:0.8995/0.1005;1017:0.8174/0.1826;1071:0.8995/0.1005;1095:0.8174/0.1826;1151:0.8995/0.1005;1180:0.8174/0.1826;1242:0.8995/0.1005;1268:0.8174/0.1826;1333:0.8995/0.1005;1357:0.8174/0.1826;1407:0.8995/0.1005;1430:0.8174/0.1826;1480:0.8995/0.1005;1508:0.8174/0.1826;1556:0.8995/0.1005;1582:0.8174/0.1826;1637:0.8995/0.1005;1660:0.8174/0.1826;1709:0.8995/0.1005;1735:0.8174/0.1826;1789:0.8995/0.1005;1813:0.8174/0.1826;1874:0.8995/0.1005,0,0,cavity_Re1000__jev4ack_async_r2,1.0,cavity_Re1000,0.0004626914741676064,45.55
False,0,False,[],66.0,0.0,True,0,0,65.36,False,0.7,0.3,v4a,node061,,0,3810,static,,0,,0,0,cavity_Re100__default,1.0,cavity_Re100,0.0008892930492045622,68.35
False,19.35,True,"[47, 77, 91, 106, 131, 140, 244]",21.0,0.0,True,65,0,20.57,False,0.95,0.05,v4a,node176,,10,758,jev4,,7,10:0.7656/0.2344;60:0.8672/0.1328;76:0.9014/0.0986;90:0.9275/0.0725;117:0.95/0.05;130:0.9314/0.0686;230:0.95/0.05,0,0,cavity_Re100__jev4_async_r0,1.0,cavity_Re100,0.0009542244217428343,22.06
False,19.77,True,"[48, 73, 85, 98, 110, 132, 142, 243]",20.0,0.0,True,60,0,19.86,False,0.95,0.05,v4a,node179,,10,749,jev4,,8,10:0.7656/0.2344;59:0.8672/0.1328;72:0.9014/0.0986;84:0.9275/0.0725;97:0.9471/0.0529;119:0.95/0.05;131:0.9314/0.0686;233:0.95/0.05,0,0,cavity_Re100__jev4_async_r1,1.0,cavity_Re100,0.0009541806383507469,21.48
False,19.07,True,"[47, 74, 89, 102, 114, 134, 243, 255]",19.0,0.0,True,63,0,19.61,False,0.95,0.05,v4a,node132,,10,760,jev4,,8,10:0.7656/0.2344;60:0.8672/0.1328;73:0.9014/0.0986;88:0.9275/0.0725;101:0.9471/0.0529;124:0.9275/0.0725;233:0.9471/0.0529;243:0.95/0.05,0,0,cavity_Re100__jev4_async_r2,1.0,cavity_Re100,0.0009541880844382787,20.81
True,17.29,True,"[45, 68, 95, 133, 165]",20.0,0.0,True,59,0,19.09,False,0.95,0.05,v4a,node132,,10,738,jev4,,5,10:0.7656/0.2344;55:0.8206/0.1794;78:0.9015/0.0985;119:0.9482/0.0518;153:0.95/0.05,0,0,cavity_Re100__jev4ack_async_r0,1.0,cavity_Re100,0.0009542126285066138,20.44
True,18.3,True,"[42, 66, 106, 145, 178, 199, 308]",22.0,0.0,True,60,0,20.96,False,0.95,0.05,v4a,node177,,10,798,jev4,,7,10:0.7656/0.2344;52:0.8206/0.1794;88:0.8649/0.1351;130:0.9276/0.0724;165:0.9472/0.0528;188:0.9276/0.0724;296:0.95/0.05,0,0,cavity_Re100__jev4ack_async_r1,1.0,cavity_Re100,0.0009542073417726191,22.68
True,18.94,True,"[43, 66, 100, 138, 173, 268, 305, 324, 431]",23.0,0.0,True,59,0,22.29,False,0.95,0.05,v4a,node061,,10,832,jev4,,9,10:0.7656/0.2344;53:0.8206/0.1794;86:0.9015/0.0985;122:0.9276/0.0724;148:0.9015/0.0985;257:0.9482/0.0518;293:0.95/0.05;315:0.9314/0.0686;418:0.95/0.05,0,0,cavity_Re100__jev4ack_async_r2,1.0,cavity_Re100,0.0009541813235487147,25.18
False,0,False,[],59.0,0.0,True,0,0,52.86,False,0.7,0.3,v4a,node176,,0,2930,static,,0,,0,0,cavity_Re400__default,1.0,cavity_Re400,0.0006914953349989376,60.24
False,17.05,True,"[56, 74, 91, 102, 123, 229, 240, 287, 394, 416, 476, 487, 547, 558, 623, 635, 703, 715]",23.0,0.0,True,58,0,18.01,False,0.8693,0.1307,v4a,node179,,10,774,jev4,,19,10:0.7656/0.2344;55:0.8672/0.1328;73:0.9289/0.0711;90:0.9482/0.0518;111:0.929/0.071;215:0.9482/0.0518;228:0.95/0.05;277:0.9314/0.0686;384:0.95/0.05;404:0.9314/0.0686;464:0.95/0.05;475:0.9314/0.0686;537:0.95/0.05;557:0.9048/0.0952;612:0.9301/0.0699;622:0.95/0.05;634:0.9048/0.0952;682:0.9301/0.0699;714:0.8693/0.1307,0,0,cavity_Re400__jev4_async_r0,1.0,cavity_Re400,0.0006167964768017411,23.98
False,14.82,True,"[48, 61, 77, 91, 101, 113, 222]",16.0,0.0,True,49,0,14.62,False,0.95,0.05,v4a,node132,,10,605,jev4,,7,10:0.7656/0.2344;47:0.8206/0.1794;60:0.9015/0.0985;76:0.9482/0.0518;90:0.95/0.05;100:0.9314/0.0686;209:0.95/0.05,0,0,cavity_Re400__jev4_async_r1,1.0,cavity_Re400,0.0008791420578993905,17.97
False,15.12,True,"[42, 75, 85, 108, 117, 138, 244]",36.0,0.0,True,49,0,15.71,False,0.95,0.05,v4a,node177,,10,614,jev4,,7,10:0.7656/0.2344;56:0.8672/0.1328;74:0.9014/0.0986;97:0.9481/0.0519;107:0.95/0.05;127:0.9314/0.0686;232:0.95/0.05,0,0,cavity_Re400__jev4_async_r2,1.0,cavity_Re400,0.0008791603670398292,37.23
True,15.49,True,"[45, 67, 103, 126, 190, 237, 258, 364, 385, 457, 540, 587, 609, 723, 734, 798, 809]",41.0,0.0,True,51,0,19.94,False,0.903,0.097,v4a,node177,,10,868,jev4,,18,10:0.7656/0.2344;55:0.8672/0.1328;91:0.9014/0.0986;113:0.8672/0.1328;175:0.9014/0.0986;215:0.9481/0.0519;247:0.9288/0.0712;352:0.9481/0.0519;374:0.9013/0.0987;444:0.9275/0.0725;530:0.9471/0.0529;574:0.95/0.05;597:0.9314/0.0686;704:0.95/0.05;733:0.9048/0.0952;781:0.9301/0.0699;808:0.8693/0.1307;861:0.903/0.097,0,0,cavity_Re400__jev4ack_async_r0,1.0,cavity_Re400,0.0006155622917640273,41.95
True,22.78,True,"[48, 74, 113, 215, 239, 324, 345, 409, 432, 495, 506, 578, 589, 647, 658, 725, 736, 802, 813, 876, 887, 956, 967, 1031, 1042, 1111, 1122, 1186, 1197, 1267, 1278, 1340, 1351]",35.0,0.0,True,84,0,30.62,False,0.8235,0.1765,v4a,node061,,10,1397,jev4,,33,11:0.7656/0.2344;58:0.8672/0.1328;100:0.8235/0.1765;202:0.9032/0.0968;225:0.8695/0.1305;304:0.9032/0.0968;334:0.8695/0.1305;392:0.9032/0.0968;419:0.8235/0.1765;483:0.9032/0.0968;505:0.8235/0.1765;556:0.9032/0.0968;588:0.8235/0.1765;633:0.9032/0.0968;657:0.8235/0.1765;713:0.9032/0.0968;735:0.8235/0.1765;791:0.9032/0.0968;812:0.8235/0.1765;865:0.9032/0.0968;886:0.8235/0.1765;942:0.9032/0.0968;966:0.8235/0.1765;1015:0.9032/0.0968;1041:0.8235/0.1765;1090:0.9032/0.0968;1121:0.8235/0.1765;1175:0.9032/0.0968;1196:0.8235/0.1765;1250:0.9032/0.0968;1277:0.8235/0.1765;1327:0.9032/0.0968;1350:0.8235/0.1765,0,0,cavity_Re400__jev4ack_async_r1,1.0,cavity_Re400,0.0005317552464517437,36.76
True,14.86,True,"[46, 98, 141, 162, 225, 259, 303]",22.0,0.0,True,46,0,17.35,False,0.95,0.05,v4a,node176,,10,664,jev4,,7,10:0.7656/0.2344;72:0.8672/0.1328;127:0.9289/0.0711;151:0.9032/0.0968;213:0.9289/0.0711;246:0.9482/0.0518;279:0.95/0.05,0,0,cavity_Re400__jev4ack_async_r2,1.0,cavity_Re400,0.0008791909948119343,23.43
False,0,False,[],54.0,0.0,True,0,0,45.98,False,0.7,0.3,v4a,node132,,0,2643,static,,0,,0,0,cavity_Re700__default,1.0,cavity_Re700,0.0010310793598478638,56.22
False,24.63,True,"[47, 76, 92, 104, 135, 242, 596, 707, 767, 874, 889, 954, 966, 1032, 1048]",27.0,0.0,True,88,0,25.34,False,0.867,0.133,v4a,node177,,10,1104,jev4,,16,10:0.7656/0.2344;61:0.8672/0.1328;75:0.9014/0.0986;91:0.9481/0.0519;125:0.9288/0.0712;231:0.95/0.05;583:0.9314/0.0686;695:0.95/0.05;757:0.9314/0.0686;863:0.95/0.05;888:0.9048/0.0952;942:0.9301/0.0699;965:0.8693/0.1307;1018:0.903/0.097;1047:0.8232/0.1768;1100:0.867/0.133,0,0,cavity_Re700__jev4_async_r0,1.0,cavity_Re700,0.0004596145565168756,27.8
False,29.21,True,"[46, 64, 77, 88, 100, 158, 193, 218, 266, 1071, 1087, 1148, 1161]",31.0,0.0,True,100,0,29.81,False,0.8694,0.1306,v4a,node061,,10,1216,jev4,,14,10:0.7656/0.2344;45:0.8206/0.1794;63:0.9015/0.0985;76:0.9276/0.0724;87:0.9015/0.0985;142:0.9276/0.0724;181:0.95/0.05;205:0.9314/0.0686;254:0.95/0.05;1056:0.9314/0.0686;1086:0.8716/0.1284;1137:0.9048/0.0952;1160:0.8262/0.1738;1211:0.8694/0.1306,0,0,cavity_Re700__jev4_async_r1,1.0,cavity_Re700,0.0004702399682311307,31.54
False,22.33,True,"[43, 56, 67, 76, 137, 150, 198, 296, 741, 773, 833, 848]",28.0,0.0,True,71,0,22.95,False,0.9048,0.0952,v4a,node176,,10,924,jev4,,13,10:0.7656/0.2344;42:0.8672/0.1328;55:0.9289/0.0711;66:0.9032/0.0968;122:0.9289/0.0711;136:0.95/0.05;182:0.9314/0.0686;284:0.95/0.05;731:0.9314/0.0686;753:0.9065/0.0935;820:0.9314/0.0686;847:0.8716/0.1284;901:0.9048/0.0952,0,0,cavity_Re700__jev4_async_r2,1.0,cavity_Re700,0.0006274086918643041,28.91
True,16.06,True,"[49, 72, 106, 142, 241, 264, 329, 352, 486, 512, 533, 556, 619, 645, 677, 796, 807, 876, 887]",24.0,0.0,True,49,0,20.98,False,0.7724,0.2276,v4a,node176,,10,932,jev4,,19,10:0.7656/0.2344;59:0.8672/0.1328;94:0.9289/0.0711;128:0.9032/0.0968;230:0.9289/0.0711;251:0.8672/0.1328;311:0.9014/0.0986;339:0.8205/0.1795;473:0.8649/0.1351;496:0.8996/0.1004;522:0.9471/0.0529;543:0.9275/0.0725;608:0.9471/0.0529;629:0.95/0.05;668:0.9314/0.0686;775:0.95/0.05;806:0.9048/0.0952;864:0.8716/0.1284;886:0.7724/0.2276,0,0,cavity_Re700__jev4ack_async_r0,1.0,cavity_Re700,0.0003129586054521989,24.8
True,16.68,True,"[44, 68, 103, 222, 251, 315, 347, 368, 477, 503, 572, 595, 620, 639, 753, 764, 827, 838, 899, 910]",26.0,0.0,True,57,0,21.58,False,0.867,0.133,v4a,node179,,10,968,jev4,,21,11:0.7656/0.2344;54:0.8672/0.1328;91:0.8235/0.1765;207:0.9032/0.0968;232:0.8695/0.1305;296:0.9032/0.0968;335:0.9289/0.0711;357:0.9032/0.0968;458:0.9289/0.0711;487:0.8672/0.1328;557:0.9014/0.0986;582:0.9275/0.0725;605:0.95/0.05;630:0.9314/0.0686;741:0.95/0.05;763:0.9048/0.0952;807:0.9301/0.0699;837:0.8693/0.1307;885:0.903/0.097;909:0.8232/0.1768;964:0.867/0.133,0,0,cavity_Re700__jev4ack_async_r1,1.0,cavity_Re700,0.0005126490018021338,27.12
True,16.35,True,"[40, 63, 97, 118, 218, 241, 311, 347, 369, 488, 553, 659, 670, 747, 758, 828, 839]",25.0,0.0,True,55,0,20.54,False,0.867,0.133,v4a,node132,,10,893,jev4,,18,10:0.7656/0.2344;50:0.8672/0.1328;84:0.9289/0.0711;107:0.9032/0.0968;208:0.9289/0.0711;228:0.9032/0.0968;297:0.9289/0.0711;333:0.95/0.05;357:0.9314/0.0686;472:0.95/0.05;542:0.9314/0.0686;646:0.95/0.05;669:0.9048/0.0952;734:0.9301/0.0699;757:0.8693/0.1307;810:0.903/0.097;838:0.8232/0.1768;892:0.867/0.133,0,0,cavity_Re700__jev4ack_async_r2,1.0,cavity_Re700,0.00046601319351473265,26.11
False,0,False,[],338.0,0.0,True,0,0,325.32,False,0.7,0.3,v4a,node132,,0,2918,static,,0,,0,0,lbfs_Re300__default,1.0,lbfs_Re300,0.0002768892143747031,342.09
False,539.99,True,"[33, 73, 84, 93, 102, 203, 212, 222, 393, 492, 502, 612, 623, 663, 673, 773, 783, 883, 893, 902, 943, 952, 993, 1074, 1173, 1182, 1283, 1293, 1302, 1332, 1432, 1443, 1543, 1553, 1592, 1602, 1663, 1763, 1772, 1813, 1822, 1863, 1873, 1972, 1982, 1993, 2033, 2042, 2083, 2093, 2103, 2143, 2152, 2193, 2202, 2302, 2312, 2372, 2473, 2483, 2542, 2593, 2693, 2703, 2803, 2813, 2913, 2923, 3025, 3033, 3134, 3143, 3203, 3303, 3313, 3413, 3423, 3433, 3462, 3563, 3573, 3672, 3683, 3733, 3833, 3842, 3883, 3893, 3933, 3943, 4003, 4103, 4112, 4153, 4162, 4232, 4333, 4343, 4442, 4453, 4553, 4633, 4733, 4743, 4843, 4853, 4953, 4963, 5064, 5073, 5173, 5183, 5253, 5353, 5363, 5453, 5554, 5563, 5663, 5672, 5773, 5783, 5973, 6073, 6082, 6123, 6132, 6173, 6183, 6223, 6232, 6293, 6393, 6403, 6442, 6543, 6553, 6592, 6602, 6672, 6773, 6783, 6882, 6933, 7033, 7043, 7083, 7092, 7193, 7203, 7303, 7313, 7383, 7483, 7493, 7562, 7663, 7673, 7763, 7833, 7933, 7943, 8063, 8073, 8174, 8183, 8283, 8293, 8383, 8483, 8492, 8593, 8602, 8693, 8763, 8863, 8873, 8973, 8982, 9023, 9033, 9132, 9142, 9182, 9223, 9233, 9273, 9283, 9322, 9333, 9403, 9503, 9513, 9593, 9693, 9703, 9803, 9813, 9913, 9923, 10023, 10033, 10133, 10142, 10213, 10263, 10363, 10374, 10474, 10483, 10583, 10593, 10664, 10763, 10773, 10873, 10883, 10983, 10992, 11093, 11102, 11203, 11213, 11314, 11323, 11423, 11432, 11473, 11482, 11522, 11533, 11582, 11683, 11692, 11763, 11862, 11872, 11953, 12053, 12153, 12162, 12263, 12272, 12373, 12383, 12423, 12433, 12482, 12583, 12593, 12644, 12693, 12793, 12804, 12904, 12913, 13014, 13023, 13103, 13152, 13253, 13263, 13363, 13373, 13413, 13422, 13463, 13473, 13553, 13613, 13715, 13724, 13823, 13833, 13933, 13943, 14043, 14052, 14153, 14163, 14262, 14273, 14373, 14383, 14432, 14533, 14543, 14593, 14693, 14703, 14743, 14753, 14793, 14802, 14843, 14853, 14893, 14994, 15002, 15012, 15053, 15063, 15103, 15112, 15192, 15263, 15362, 15373, 15473, 15482, 15584, 15593, 15693, 15703, 15803, 15814, 15913, 15923, 16023, 16032, 16043, 16063, 16133, 16193, 16295, 16303, 16403, 16413, 16513, 16523, 16653, 16662, 16704, 16713, 16753, 16763, 16864, 16873, 16973, 16985, 17083, 17093, 17193, 17203, 17303, 17313, 17363, 17465, 17472, 17563, 17663, 17672, 17773, 17783, 17823, 17833, 17913, 17963, 18063, 18073, 18174, 18183, 18283, 18293, 18343, 18444, 18453, 18553, 18563, 18663, 18673, 18773, 18783, 18883, 18893, 18933, 18943, 18983, 18994, 19033, 19043, 19113, 19213, 19223, 19263, 19273, 19373, 19383, 19423, 19433, 19503, 19603, 19613, 19713, 19723, 19823, 19923, 19933]",2348.0,0.0,False,2000,0,2332.19,False,0.8738,0.1262,v4a,node177,,10,20000,jev4,,398,30:0.625/0.375;70:0.7692/0.2308;80:0.8695/0.1305;90:0.9032/0.0968;100:0.8695/0.1305;200:0.9302/0.0698;210:0.9491/0.0509;220:0.9302/0.0698;390:0.9049/0.0951;490:0.95/0.05;500:0.9314/0.0686;610:0.9065/0.0935;620:0.829/0.171;660:0.8716/0.1284;670:0.829/0.171;770:0.8716/0.1284;780:0.829/0.171;880:0.8716/0.1284;890:0.9314/0.0686;900:0.9065/0.0935;940:0.95/0.05;950:0.9314/0.0686;990:0.9065/0.0935;1070:0.8738/0.1262;1170:0.9065/0.0935;1180:0.8738/0.1262;1280:0.9065/0.0935;1290:0.9314/0.0686;1300:0.95/0.05;1330:0.9314/0.0686;1430:0.95/0.05;1440:0.9314/0.0686;1540:0.95/0.05;1550:0.9314/0.0686;1590:0.95/0.05;1600:0.9314/0.0686;1660:0.9065/0.0935;1760:0.95/0.05;1770:0.9314/0.0686;1810:0.95/0.05;1820:0.9314/0.0686;1860:0.95/0.05;1870:0.9314/0.0686;1970:0.95/0.05;1980:0.9314/0.0686;1990:0.9065/0.0935;2030:0.9314/0.0686;2040:0.9065/0.0935;2080:0.95/0.05;2090:0.9314/0.0686;2100:0.9065/0.0935;2140:0.95/0.05;2150:0.9314/0.0686;2190:0.95/0.05;2200:0.9314/0.0686;2300:0.95/0.05;2310:0.9314/0.0686;2370:0.9065/0.0935;2470:0.95/0.05;2480:0.9314/0.0686;2540:0.9065/0.0935;2590:0.8738/0.1262;2690:0.9065/0.0935;2700:0.8738/0.1262;2800:0.9065/0.0935;2810:0.8738/0.1262;2910:0.9065/0.0935;2920:0.8738/0.1262;3020:0.9065/0.0935;3030:0.8738/0.1262;3130:0.9327/0.0673;3140:0.9082/0.0918;3200:0.876/0.124;3300:0.9082/0.0918;3310:0.876/0.124;3410:0.9082/0.0918;3420:0.9327/0.0673;3430:0.95/0.05;3460:0.9314/0.0686;3560:0.95/0.05;3570:0.9314/0.0686;3670:0.95/0.05;3680:0.9314/0.0686;3730:0.9065/0.0935;3830:0.95/0.05;3840:0.9314/0.0686;3880:0.95/0.05;3890:0.9314/0.0686;3930:0.95/0.05;3940:0.9314/0.0686;4000:0.9065/0.0935;4100:0.95/0.05;4110:0.9314/0.0686;4150:0.95/0.05;4160:0.9314/0.0686;4230:0.9065/0.0935;4330:0.95/0.05;4340:0.9314/0.0686;4440:0.95/0.05;4450:0.9314/0.0686;4550:0.9065/0.0935;4630:0.8738/0.1262;4730:0.9065/0.0935;4740:0.8738/0.1262;4840:0.9065/0.0935;4850:0.8738/0.1262;4950:0.9065/0.0935;4960:0.8738/0.1262;5060:0.9065/0.0935;5070:0.8738/0.1262;5170:0.9327/0.0673;5180:0.9082/0.0918;5250:0.876/0.124;5350:0.9339/0.0661;5360:0.9098/0.0902;5450:0.8781/0.1219;5550:0.9098/0.0902;5560:0.8781/0.1219;5660:0.9351/0.0649;5670:0.9114/0.0886;5770:0.95/0.05;5780:0.9314/0.0686;5970:0.9065/0.0935;6070:0.95/0.05;6080:0.9314/0.0686;6120:0.95/0.05;6130:0.9314/0.0686;6170:0.95/0.05;6180:0.9314/0.0686;6220:0.95/0.05;6230:0.9314/0.0686;6290:0.9065/0.0935;6390:0.95/0.05;6400:0.9314/0.0686;6440:0.9065/0.0935;6540:0.95/0.05;6550:0.9314/0.0686;6590:0.95/0.05;6600:0.9314/0.0686;6670:0.9065/0.0935;6770:0.95/0.05;6780:0.9314/0.0686;6880:0.9065/0.0935;6930:0.8738/0.1262;7030:0.9327/0.0673;7040:0.9082/0.0918;7080:0.95/0.05;7090:0.9314/0.0686;7190:0.95/0.05;7200:0.9314/0.0686;7300:0.95/0.05;7310:0.9314/0.0686;7380:0.9065/0.0935;7480:0.95/0.05;7490:0.9314/0.0686;7560:0.9065/0.0935;7660:0.95/0.05;7670:0.9314/0.0686;7760:0.9065/0.0935;7830:0.8738/0.1262;7930:0.9065/0.0935;7940:0.8738/0.1262;8060:0.9065/0.0935;8070:0.8738/0.1262;8170:0.9065/0.0935;8180:0.8738/0.1262;8280:0.9327/0.0673;8290:0.9082/0.0918;8380:0.876/0.124;8480:0.9339/0.0661;8490:0.9098/0.0902;8590:0.95/0.05;8600:0.9314/0.0686;8690:0.9065/0.0935;8760:0.8738/0.1262;8860:0.9327/0.0673;8870:0.9082/0.0918;8970:0.95/0.05;8980:0.9314/0.0686;9020:0.95/0.05;9030:0.9314/0.0686;9130:0.95/0.05;9140:0.9314/0.0686;9180:0.9065/0.0935;9220:0.9314/0.0686;9230:0.9065/0.0935;9270:0.95/0.05;9280:0.9314/0.0686;9320:0.95/0.05;9330:0.9314/0.0686;9400:0.9065/0.0935;9500:0.95/0.05;9510:0.9314/0.0686;9590:0.9065/0.0935;9690:0.95/0.05;9700:0.9314/0.0686;9800:0.95/0.05;9810:0.9314/0.0686;9910:0.95/0.05;9920:0.9314/0.0686;10020:0.95/0.05;10030:0.9314/0.0686;10130:0.95/0.05;10140:0.9314/0.0686;10210:0.9065/0.0935;10260:0.8738/0.1262;10360:0.9065/0.0935;10370:0.8738/0.1262;10470:0.9065/0.0935;10480:0.8738/0.1262;10580:0.9327/0.0673;10590:0.9082/0.0918;10660:0.876/0.124;10760:0.9082/0.0918;10770:0.876/0.124;10870:0.9082/0.0918;10880:0.876/0.124;10980:0.9339/0.0661;10990:0.9098/0.0902;11090:0.95/0.05;11100:0.9314/0.0686;11200:0.95/0.05;11210:0.9314/0.0686;11310:0.95/0.05;11320:0.9314/0.0686;11420:0.95/0.05;11430:0.9314/0.0686;11470:0.95/0.05;11480:0.9314/0.0686;11520:0.95/0.05;11530:0.9314/0.0686;11580:0.9065/0.0935;11680:0.95/0.05;11690:0.9314/0.0686;11760:0.9065/0.0935;11860:0.95/0.05;11870:0.9314/0.0686;11950:0.9065/0.0935;12050:0.8738/0.1262;12150:0.9065/0.0935;12160:0.8738/0.1262;12260:0.9065/0.0935;12270:0.8738/0.1262;12370:0.9327/0.0673;12380:0.9082/0.0918;12420:0.95/0.05;12430:0.9314/0.0686;12480:0.9065/0.0935;12580:0.95/0.05;12590:0.9314/0.0686;12640:0.9065/0.0935;12690:0.8738/0.1262;12790:0.9065/0.0935;12800:0.8738/0.1262;12900:0.9327/0.0673;12910:0.9082/0.0918;13010:0.95/0.05;13020:0.9314/0.0686;13100:0.9065/0.0935;13150:0.8738/0.1262;13250:0.9065/0.0935;13260:0.8738/0.1262;13360:0.9327/0.0673;13370:0.9082/0.0918;13410:0.95/0.05;13420:0.9314/0.0686;13460:0.95/0.05;13470:0.9314/0.0686;13550:0.9065/0.0935;13610:0.8738/0.1262;13710:0.9065/0.0935;13720:0.8738/0.1262;13820:0.9065/0.0935;13830:0.8738/0.1262;13930:0.9065/0.0935;13940:0.8738/0.1262;14040:0.9065/0.0935;14050:0.8738/0.1262;14150:0.9327/0.0673;14160:0.9082/0.0918;14260:0.95/0.05;14270:0.9314/0.0686;14370:0.95/0.05;14380:0.9314/0.0686;14430:0.9065/0.0935;14530:0.95/0.05;14540:0.9314/0.0686;14590:0.9065/0.0935;14690:0.95/0.05;14700:0.9314/0.0686;14740:0.95/0.05;14750:0.9314/0.0686;14790:0.95/0.05;14800:0.9314/0.0686;14840:0.95/0.05;14850:0.9314/0.0686;14890:0.9065/0.0935;14990:0.95/0.05;15000:0.9314/0.0686;15010:0.9065/0.0935;15050:0.9314/0.0686;15060:0.9065/0.0935;15100:0.95/0.05;15110:0.9314/0.0686;15190:0.9065/0.0935;15260:0.8738/0.1262;15360:0.9065/0.0935;15370:0.8738/0.1262;15470:0.9065/0.0935;15480:0.8738/0.1262;15580:0.9065/0.0935;15590:0.8738/0.1262;15690:0.9065/0.0935;15700:0.8738/0.1262;15800:0.9065/0.0935;15810:0.8738/0.1262;15910:0.9065/0.0935;15920:0.8738/0.1262;16020:0.9065/0.0935;16030:0.9314/0.0686;16040:0.95/0.05;16060:0.9314/0.0686;16130:0.9065/0.0935;16190:0.8738/0.1262;16290:0.9065/0.0935;16300:0.8738/0.1262;16400:0.9327/0.0673;16410:0.9082/0.0918;16510:0.95/0.05;16520:0.9314/0.0686;16650:0.95/0.05;16660:0.9314/0.0686;16700:0.9065/0.0935;16710:0.829/0.171;16750:0.8716/0.1284;16760:0.829/0.171;16860:0.9065/0.0935;16870:0.8738/0.1262;16970:0.9327/0.0673;16980:0.9082/0.0918;17080:0.95/0.05;17090:0.9314/0.0686;17190:0.95/0.05;17200:0.9314/0.0686;17300:0.95/0.05;17310:0.9314/0.0686;17360:0.9065/0.0935;17460:0.95/0.05;17470:0.9314/0.0686;17560:0.9065/0.0935;17660:0.95/0.05;17670:0.9314/0.0686;17770:0.95/0.05;17780:0.9314/0.0686;17820:0.95/0.05;17830:0.9314/0.0686;17910:0.9065/0.0935;17960:0.8738/0.1262;18060:0.9065/0.0935;18070:0.8738/0.1262;18170:0.9065/0.0935;18180:0.8738/0.1262;18280:0.9327/0.0673;18290:0.9082/0.0918;18340:0.876/0.124;18440:0.9082/0.0918;18450:0.876/0.124;18550:0.9339/0.0661;18560:0.9098/0.0902;18660:0.95/0.05;18670:0.9314/0.0686;18770:0.95/0.05;18780:0.9314/0.0686;18880:0.95/0.05;18890:0.9314/0.0686;18930:0.95/0.05;18940:0.9314/0.0686;18980:0.95/0.05;18990:0.9314/0.0686;19030:0.95/0.05;19040:0.9314/0.0686;19110:0.9065/0.0935;19210:0.95/0.05;19220:0.9314/0.0686;19260:0.95/0.05;19270:0.9314/0.0686;19370:0.95/0.05;19380:0.9314/0.0686;19420:0.95/0.05;19430:0.9314/0.0686;19500:0.9065/0.0935;19600:0.9314/0.0686;19610:0.9065/0.0935;19710:0.9314/0.0686;19720:0.9065/0.0935;19820:0.8738/0.1262;19920:0.9065/0.0935;19930:0.8738/0.1262,0,0,lbfs_Re300__jev4_async_r0,1.0,lbfs_Re300,0.0001584883520465201,2349.24
True,520.64,True,"[33, 77, 99, 111, 214, 227, 330, 422, 455, 608, 620, 633, 676, 688, 791, 803, 905, 917, 999, 1072, 1175, 1188, 1291, 1304, 1407, 1420, 1502, 1555, 1658, 1671, 1754, 1857, 1870, 1973, 1986, 2089, 2112, 2144, 2246, 2258, 2341, 2444, 2457, 2560, 2573, 2625, 2728, 2741, 2803, 2876, 2979, 2992, 3095, 3107, 3151, 3254, 3267, 3320, 3413, 3516, 3529, 3572, 3655, 3728, 3831, 3844, 3947, 3970, 4002, 4085, 4188, 4201, 4304, 4317, 4380, 4433, 4537, 4550, 4653, 4667, 4770, 4783, 4816, 4869, 4972, 4985, 5078, 5131, 5234, 5247, 5351, 5364, 5457, 5561, 5574, 5677, 5690, 5773, 5877, 5890, 5993, 6006, 6059, 6112, 6215, 6229, 6332, 6346, 6449, 6463, 6566, 6579, 6612, 6665, 6749, 6852, 6865, 6958, 7061, 7074, 7147, 7250, 7263, 7316, 7419, 7433, 7526, 7629, 7642, 7745, 7758, 7811, 7914, 8017, 8030, 8133, 8146, 8249, 8262, 8365, 8378, 8391, 8495, 8508, 8561, 8615, 8718, 8731, 8835, 8848, 8921, 9024, 9037, 9090, 9193, 9206, 9259, 9363, 9376, 9469, 9572, 9585, 9648, 9752, 9765, 9778, 9791, 9864, 9917, 10020, 10033, 10136, 10149, 10212, 10316, 10329, 10392, 10495, 10508, 10611, 10626, 10679, 10762, 10865, 10879, 10983, 10995, 11098, 11111, 11165, 11238, 11341, 11354, 11457, 11470, 11573, 11586, 11689, 11701, 11804, 11817, 11910, 12013, 12026, 12079, 12132, 12235, 12248, 12301, 12404, 12417, 12520, 12533, 12586, 12689, 12702, 12775, 12828, 12941, 12955, 13059, 13072, 13125, 13228, 13242, 13345, 13358, 13461, 13474, 13577, 13590, 13643, 13746, 13759, 13852, 13955, 13968, 14071, 14084, 14137, 14240, 14253, 14306, 14409, 14422, 14475, 14578, 14591, 14644, 14737, 14840, 14853, 14956, 14969, 15072, 15085, 15188, 15201, 15274, 15377, 15391, 15495, 15508, 15521, 15614, 15667, 15772, 15785, 15868, 15971, 15984, 16038, 16141, 16153, 16256, 16269, 16342, 16425, 16528, 16541, 16644, 16657, 16761, 16774, 16857, 16960, 16973, 17077, 17090, 17173, 17276, 17288, 17391, 17404, 17457, 17520, 17623, 17636, 17719, 17822, 17835, 17888, 17991, 18004, 18107, 18120, 18213, 18296, 18399, 18412, 18515, 18528, 18631, 18644, 18737, 18840, 18853, 18956, 18969, 19023, 19126, 19139, 19242, 19254, 19357, 19369, 19452, 19506, 19609, 19622, 19675, 19778, 19791, 19844, 19947, 19960]",2238.0,0.0,False,1898,0,2223.0,False,0.9114,0.0886,v4a,node176,,10,20000,jev4,,336,30:0.625/0.375;73:0.7692/0.2308;97:0.8695/0.1305;109:0.8264/0.1736;211:0.9049/0.0951;224:0.8717/0.1283;327:0.9315/0.0685;420:0.95/0.05;452:0.9314/0.0686;605:0.95/0.05;618:0.9314/0.0686;630:0.9065/0.0935;673:0.9314/0.0686;686:0.9065/0.0935;788:0.95/0.05;801:0.9314/0.0686;903:0.95/0.05;915:0.9314/0.0686;997:0.9065/0.0935;1069:0.8738/0.1262;1172:0.9065/0.0935;1185:0.8738/0.1262;1288:0.9327/0.0673;1301:0.9082/0.0918;1404:0.95/0.05;1417:0.9314/0.0686;1500:0.9065/0.0935;1552:0.8738/0.1262;1655:0.9327/0.0673;1668:0.9082/0.0918;1751:0.876/0.124;1854:0.9082/0.0918;1867:0.876/0.124;1970:0.9082/0.0918;1983:0.876/0.124;2086:0.9082/0.0918;2109:0.95/0.05;2142:0.9314/0.0686;2244:0.95/0.05;2256:0.9314/0.0686;2338:0.9065/0.0935;2441:0.95/0.05;2454:0.9314/0.0686;2557:0.95/0.05;2570:0.9314/0.0686;2623:0.9065/0.0935;2725:0.95/0.05;2738:0.9314/0.0686;2801:0.9065/0.0935;2873:0.8738/0.1262;2976:0.9065/0.0935;2989:0.8738/0.1262;3092:0.9065/0.0935;3105:0.95/0.05;3147:0.9314/0.0686;3251:0.95/0.05;3264:0.9314/0.0686;3317:0.9065/0.0935;3410:0.8738/0.1262;3513:0.9065/0.0935;3526:0.95/0.05;3569:0.9314/0.0686;3652:0.9065/0.0935;3725:0.8738/0.1262;3828:0.9065/0.0935;3841:0.8738/0.1262;3944:0.9065/0.0935;3967:0.95/0.05;4000:0.9314/0.0686;4082:0.9065/0.0935;4185:0.9314/0.0686;4198:0.9065/0.0935;4301:0.95/0.05;4314:0.9314/0.0686;4377:0.9065/0.0935;4430:0.8738/0.1262;4533:0.9065/0.0935;4547:0.8738/0.1262;4650:0.9065/0.0935;4663:0.8738/0.1262;4767:0.9327/0.0673;4780:0.95/0.05;4813:0.9314/0.0686;4866:0.9065/0.0935;4969:0.95/0.05;4982:0.9314/0.0686;5075:0.9065/0.0935;5128:0.8738/0.1262;5231:0.9065/0.0935;5244:0.8738/0.1262;5347:0.9327/0.0673;5361:0.9082/0.0918;5454:0.876/0.124;5557:0.9339/0.0661;5571:0.9098/0.0902;5674:0.95/0.05;5687:0.9314/0.0686;5770:0.9065/0.0935;5873:0.9314/0.0686;5887:0.9065/0.0935;5990:0.95/0.05;6003:0.9314/0.0686;6056:0.9065/0.0935;6109:0.8738/0.1262;6212:0.9065/0.0935;6225:0.8738/0.1262;6329:0.9065/0.0935;6342:0.8738/0.1262;6446:0.9065/0.0935;6459:0.8738/0.1262;6563:0.9327/0.0673;6576:0.95/0.05;6609:0.9314/0.0686;6662:0.9065/0.0935;6745:0.8738/0.1262;6849:0.9327/0.0673;6862:0.9082/0.0918;6955:0.876/0.124;7058:0.9339/0.0661;7071:0.9098/0.0902;7144:0.8781/0.1219;7247:0.9351/0.0649;7260:0.9114/0.0886;7313:0.8802/0.1198;7416:0.9363/0.0637;7429:0.913/0.087;7523:0.8823/0.1177;7626:0.9375/0.0625;7639:0.9146/0.0854;7742:0.95/0.05;7755:0.9314/0.0686;7808:0.9065/0.0935;7911:0.8738/0.1262;8014:0.9065/0.0935;8027:0.8738/0.1262;8130:0.9065/0.0935;8143:0.8738/0.1262;8246:0.9065/0.0935;8259:0.8738/0.1262;8362:0.9327/0.0673;8375:0.95/0.05;8388:0.9314/0.0686;8491:0.95/0.05;8505:0.9314/0.0686;8558:0.9065/0.0935;8611:0.8738/0.1262;8715:0.9065/0.0935;8728:0.8738/0.1262;8831:0.9327/0.0673;8845:0.9082/0.0918;8918:0.876/0.124;9021:0.9339/0.0661;9034:0.9098/0.0902;9087:0.8781/0.1219;9190:0.9351/0.0649;9203:0.9114/0.0886;9256:0.8802/0.1198;9359:0.9363/0.0637;9373:0.913/0.087;9466:0.8823/0.1177;9569:0.913/0.087;9582:0.8823/0.1177;9645:0.8426/0.1574;9748:0.8823/0.1177;9762:0.913/0.087;9775:0.95/0.05;9788:0.9314/0.0686;9861:0.9065/0.0935;9914:0.8738/0.1262;10017:0.9065/0.0935;10030:0.8738/0.1262;10133:0.9327/0.0673;10146:0.9082/0.0918;10209:0.876/0.124;10312:0.9339/0.0661;10326:0.9098/0.0902;10389:0.8781/0.1219;10492:0.9351/0.0649;10505:0.9114/0.0886;10608:0.95/0.05;10621:0.9314/0.0686;10676:0.9065/0.0935;10759:0.8738/0.1262;10862:0.9065/0.0935;10875:0.8738/0.1262;10979:0.9327/0.0673;10993:0.9082/0.0918;11095:0.95/0.05;11108:0.9314/0.0686;11161:0.9065/0.0935;11235:0.8738/0.1262;11338:0.9065/0.0935;11351:0.8738/0.1262;11454:0.9065/0.0935;11467:0.8738/0.1262;11570:0.9065/0.0935;11583:0.8738/0.1262;11686:0.9327/0.0673;11699:0.9082/0.0918;11801:0.95/0.05;11814:0.9314/0.0686;11907:0.9065/0.0935;12010:0.95/0.05;12023:0.9314/0.0686;12076:0.9065/0.0935;12129:0.8738/0.1262;12232:0.9327/0.0673;12245:0.9082/0.0918;12298:0.876/0.124;12401:0.9339/0.0661;12414:0.9098/0.0902;12517:0.95/0.05;12530:0.9314/0.0686;12583:0.9065/0.0935;12686:0.95/0.05;12699:0.9314/0.0686;12772:0.9065/0.0935;12825:0.8738/0.1262;12938:0.9065/0.0935;12951:0.8738/0.1262;13055:0.9327/0.0673;13069:0.9082/0.0918;13122:0.876/0.124;13225:0.9082/0.0918;13238:0.876/0.124;13342:0.9082/0.0918;13355:0.876/0.124;13458:0.9082/0.0918;13471:0.876/0.124;13574:0.9339/0.0661;13587:0.9098/0.0902;13640:0.8781/0.1219;13743:0.9351/0.0649;13756:0.9114/0.0886;13849:0.8802/0.1198;13952:0.9363/0.0637;13965:0.913/0.087;14068:0.95/0.05;14081:0.9314/0.0686;14134:0.9065/0.0935;14237:0.95/0.05;14250:0.9314/0.0686;14303:0.9065/0.0935;14406:0.95/0.05;14419:0.9314/0.0686;14472:0.9065/0.0935;14575:0.95/0.05;14588:0.9314/0.0686;14641:0.9065/0.0935;14734:0.8738/0.1262;14837:0.9065/0.0935;14850:0.8738/0.1262;14953:0.9065/0.0935;14966:0.8738/0.1262;15069:0.9065/0.0935;15082:0.8738/0.1262;15185:0.9327/0.0673;15198:0.9082/0.0918;15271:0.876/0.124;15374:0.9082/0.0918;15387:0.876/0.124;15491:0.9339/0.0661;15505:0.95/0.05;15518:0.9314/0.0686;15611:0.9065/0.0935;15664:0.8738/0.1262;15767:0.9327/0.0673;15782:0.9082/0.0918;15865:0.876/0.124;15968:0.9339/0.0661;15981:0.9098/0.0902;16034:0.8781/0.1219;16138:0.9351/0.0649;16151:0.9114/0.0886;16253:0.95/0.05;16266:0.9314/0.0686;16339:0.9065/0.0935;16422:0.8738/0.1262;16525:0.9065/0.0935;16538:0.8738/0.1262;16641:0.9065/0.0935;16654:0.8738/0.1262;16757:0.9327/0.0673;16771:0.9082/0.0918;16854:0.876/0.124;16957:0.9082/0.0918;16970:0.876/0.124;17073:0.9339/0.0661;17087:0.9098/0.0902;17170:0.8781/0.1219;17273:0.9351/0.0649;17286:0.9114/0.0886;17388:0.95/0.05;17401:0.9314/0.0686;17454:0.9065/0.0935;17517:0.8738/0.1262;17620:0.9327/0.0673;17633:0.9082/0.0918;17716:0.876/0.124;17819:0.9339/0.0661;17832:0.9098/0.0902;17885:0.8781/0.1219;17988:0.9351/0.0649;18001:0.9114/0.0886;18104:0.95/0.05;18117:0.9314/0.0686;18210:0.9065/0.0935;18293:0.8738/0.1262;18396:0.9065/0.0935;18409:0.8738/0.1262;18512:0.9065/0.0935;18525:0.8738/0.1262;18628:0.9327/0.0673;18641:0.9082/0.0918;18734:0.876/0.124;18837:0.9082/0.0918;18850:0.876/0.124;18953:0.9339/0.0661;18966:0.9098/0.0902;19019:0.8781/0.1219;19123:0.9098/0.0902;19136:0.8781/0.1219;19239:0.9351/0.0649;19252:0.9114/0.0886;19354:0.95/0.05;19367:0.9314/0.0686;19449:0.9065/0.0935;19502:0.8738/0.1262;19606:0.9327/0.0673;19619:0.9082/0.0918;19672:0.876/0.124;19775:0.9339/0.0661;19788:0.9098/0.0902;19841:0.8781/0.1219;19944:0.9351/0.0649;19957:0.9114/0.0886,0,0,lbfs_Re300__jev4ack_async_r0,1.0,lbfs_Re300,2.222665512195899e-05,2239.0
False,0,False,[],449.0,0.0,True,0,0,430.66,False,0.7,0.3,v4a,node061,,0,3910,static,,0,,0,0,lbfs_Re400__default,1.0,lbfs_Re400,0.000350232613564194,450.98
False,565.41,True,"[33, 73, 83, 92, 193, 202, 304, 312, 323, 463, 563, 573, 613, 623, 673, 743, 843, 852, 863, 903, 913, 1013, 1023, 1122, 1133, 1183, 1193, 1233, 1243, 1293, 1303, 1403, 1413, 1422, 1433, 1543, 1593, 1633, 1643, 1683, 1693, 1742, 1753, 1803, 1853, 1953, 1963, 2003, 2013, 2054, 2062, 2163, 2173, 2273, 2283, 2323, 2333, 2373, 2382, 2482, 2494, 2592, 2603, 2662, 2763, 2773, 2813, 2823, 2863, 2872, 2913, 2922, 2963, 2973, 3013, 3023, 3064, 3073, 3113, 3123, 3163, 3173, 3213, 3223, 3273, 3323, 3423, 3433, 3472, 3482, 3493, 3534, 3543, 3583, 3593, 3603, 3643, 3653, 3753, 3763, 3805, 3813, 3913, 3923, 3963, 3973, 4013, 4023, 4063, 4073, 4163, 4233, 4333, 4343, 4394, 4473, 4574, 4584, 4624, 4634, 4673, 4683, 4784, 4794, 4893, 4903, 5003, 5014, 5113, 5123, 5133, 5153, 5253, 5263, 5273, 5313, 5323, 5364, 5463, 5473, 5513, 5613, 5623, 5803, 5813, 5854, 5863, 5963, 5973, 6014, 6023, 6124, 6133, 6233, 6243, 6343, 6353, 6453, 6463, 6573, 6644, 6743, 6753, 6903, 6913, 6953, 6963, 7063, 7073, 7113, 7123, 7244, 7253, 7293, 7303, 7403, 7413, 7424, 7463, 7473, 7573, 7583, 7623, 7633, 7673, 7683, 7724, 7732, 7743, 7783, 7793, 7843, 7914, 8023, 8033, 8134, 8143, 8243, 8253, 8353, 8363, 8373, 8444, 8453, 8554, 8563, 8664, 8675, 8683, 8793, 8803, 8923, 8984, 8993, 9035, 9044, 9144, 9154, 9254, 9263, 9274, 9283, 9393, 9443, 9543, 9553, 9623, 9723, 9733, 9773, 9783, 9824, 9874, 9883, 9923, 9933, 9973, 9983, 10023, 10034, 10133, 10143, 10243, 10253, 10263, 10273, 10433, 10743, 10753, 10832, 10844, 10885, 10893, 10993, 11003, 11044, 11053, 11154, 11163, 11263, 11274, 11373, 11383, 11393, 11483, 11583, 11593, 11713, 11813, 11824, 11893, 11994, 12003, 12083, 12093, 12134, 12143, 12244, 12253, 12354, 12364, 12463, 12473, 12573, 12583, 12593, 12693, 12703, 12813, 12863, 12903, 12913, 12953, 12963, 13033, 13133, 13143, 13214, 13223, 13233, 13283, 13383, 13393, 13434, 13533, 13543, 13583, 13593, 13693, 13703, 13803, 13813, 13853, 13863, 13913, 13973, 14073, 14083, 14123, 14133, 14183, 14253, 14353, 14363, 14403, 14413, 14453, 14463, 14503, 14513, 14554, 14563, 14603, 14613, 14713, 14722, 14733, 14773, 14783, 14823, 14833, 14873, 14883, 14923, 14933, 14973, 14983, 15024, 15033, 15073, 15083, 15124, 15133, 15173, 15183, 15223, 15233, 15273, 15283, 15323, 15334, 15373, 15384, 15423, 15433, 15473, 15483, 15523, 15533, 15574, 15584, 15623, 15633, 15673, 15773, 15783, 15833, 15933, 16033, 16043, 16084, 16093, 16193, 16203, 16303, 16313, 16323, 16364, 16374, 16475, 16483, 16583, 16593, 16653, 16663, 16714, 16723, 16823, 16833, 16933, 16942, 17003, 17064, 17163, 17174, 17213, 17223, 17284, 17384, 17393, 17433, 17443, 17494, 17593, 17603, 17703, 17714, 17753, 17764, 17803, 17813, 17873, 17923, 18023, 18033, 18074, 18083, 18124, 18133, 18173, 18183, 18223, 18233, 18274, 18283, 18323, 18333, 18373, 18383, 18423, 18433, 18543, 18553, 18593, 18603, 18643, 18653, 18703, 18773, 18873, 18883, 18983, 18993, 19033, 19043, 19083, 19094, 19133, 19143, 19183, 19193, 19233, 19243, 19283, 19293, 19333, 19343, 19383, 19393, 19433, 19443, 19483, 19493, 19533, 19543, 19583, 19593, 19633, 19643, 19683, 19693, 19733, 19742, 19783, 19793, 19833, 19843, 19883, 19893, 19933, 19943, 19983, 19993]",2213.0,0.0,False,2000,0,2195.25,False,0.9314,0.0686,v4a,node176,,10,20000,jev4,,493,30:0.625/0.375;70:0.7692/0.2308;80:0.8695/0.1305;90:0.8264/0.1736;190:0.9049/0.0951;200:0.8717/0.1283;300:0.9315/0.0685;310:0.95/0.05;320:0.9314/0.0686;460:0.9065/0.0935;560:0.95/0.05;570:0.9048/0.0952;610:0.95/0.05;620:0.9314/0.0686;670:0.9065/0.0935;740:0.8738/0.1262;840:0.9327/0.0673;850:0.8739/0.1261;860:0.8319/0.1681;900:0.8739/0.1261;910:0.8319/0.1681;1010:0.9082/0.0918;1020:0.876/0.124;1120:0.9339/0.0661;1130:0.9098/0.0902;1180:0.8781/0.1219;1190:0.7827/0.2173;1230:0.8781/0.1219;1240:0.8373/0.1627;1290:0.8781/0.1219;1300:0.8373/0.1627;1400:0.9114/0.0886;1410:0.9351/0.0649;1420:0.95/0.05;1430:0.9314/0.0686;1540:0.9065/0.0935;1590:0.8738/0.1262;1630:0.9065/0.0935;1640:0.8738/0.1262;1680:0.9327/0.0673;1690:0.9082/0.0918;1740:0.95/0.05;1750:0.9314/0.0686;1800:0.9065/0.0935;1850:0.8738/0.1262;1950:0.9327/0.0673;1960:0.8739/0.1261;2000:0.9327/0.0673;2010:0.9082/0.0918;2050:0.95/0.05;2060:0.9314/0.0686;2160:0.95/0.05;2170:0.9314/0.0686;2270:0.95/0.05;2280:0.9048/0.0952;2320:0.95/0.05;2330:0.9048/0.0952;2370:0.95/0.05;2380:0.9314/0.0686;2480:0.95/0.05;2490:0.9314/0.0686;2590:0.95/0.05;2600:0.9314/0.0686;2660:0.9065/0.0935;2760:0.95/0.05;2770:0.9048/0.0952;2810:0.95/0.05;2820:0.9048/0.0952;2860:0.95/0.05;2870:0.9048/0.0952;2910:0.95/0.05;2920:0.9048/0.0952;2960:0.95/0.05;2970:0.9048/0.0952;3010:0.95/0.05;3020:0.9048/0.0952;3060:0.95/0.05;3070:0.9048/0.0952;3110:0.95/0.05;3120:0.9048/0.0952;3160:0.95/0.05;3170:0.9314/0.0686;3210:0.95/0.05;3220:0.9314/0.0686;3270:0.9065/0.0935;3320:0.8738/0.1262;3420:0.9327/0.0673;3430:0.8739/0.1261;3470:0.9327/0.0673;3480:0.9082/0.0918;3490:0.8318/0.1682;3530:0.9082/0.0918;3540:0.876/0.124;3580:0.9339/0.0661;3590:0.9098/0.0902;3600:0.8781/0.1219;3640:0.9098/0.0902;3650:0.8781/0.1219;3750:0.9351/0.0649;3760:0.8781/0.1219;3800:0.9351/0.0649;3810:0.9114/0.0886;3910:0.95/0.05;3920:0.9048/0.0952;3960:0.95/0.05;3970:0.9048/0.0952;4010:0.95/0.05;4020:0.9048/0.0952;4060:0.95/0.05;4070:0.9314/0.0686;4160:0.9065/0.0935;4230:0.8738/0.1262;4330:0.9327/0.0673;4340:0.9082/0.0918;4390:0.876/0.124;4470:0.8346/0.1654;4570:0.876/0.124;4580:0.8346/0.1654;4620:0.876/0.124;4630:0.8346/0.1654;4670:0.876/0.124;4680:0.8346/0.1654;4780:0.876/0.124;4790:0.8346/0.1654;4890:0.876/0.124;4900:0.8346/0.1654;5000:0.876/0.124;5010:0.8346/0.1654;5110:0.876/0.124;5120:0.9339/0.0661;5130:0.95/0.05;5150:0.9314/0.0686;5250:0.95/0.05;5260:0.9314/0.0686;5270:0.8716/0.1284;5310:0.9314/0.0686;5320:0.9065/0.0935;5360:0.8738/0.1262;5460:0.9327/0.0673;5470:0.9082/0.0918;5510:0.876/0.124;5610:0.9339/0.0661;5620:0.9098/0.0902;5800:0.8781/0.1219;5810:0.8373/0.1627;5850:0.8781/0.1219;5860:0.8373/0.1627;5960:0.8781/0.1219;5970:0.8373/0.1627;6010:0.8781/0.1219;6020:0.8373/0.1627;6120:0.8781/0.1219;6130:0.8373/0.1627;6230:0.9114/0.0886;6240:0.8802/0.1198;6340:0.9363/0.0637;6350:0.913/0.087;6450:0.95/0.05;6460:0.9314/0.0686;6570:0.9065/0.0935;6640:0.8738/0.1262;6740:0.9327/0.0673;6750:0.9082/0.0918;6900:0.95/0.05;6910:0.9314/0.0686;6950:0.95/0.05;6960:0.9314/0.0686;7060:0.95/0.05;7070:0.9314/0.0686;7110:0.95/0.05;7120:0.9314/0.0686;7240:0.95/0.05;7250:0.9048/0.0952;7290:0.95/0.05;7300:0.9314/0.0686;7400:0.95/0.05;7410:0.9314/0.0686;7420:0.8716/0.1284;7460:0.9314/0.0686;7470:0.9065/0.0935;7570:0.95/0.05;7580:0.9314/0.0686;7620:0.95/0.05;7630:0.9048/0.0952;7670:0.95/0.05;7680:0.9048/0.0952;7720:0.95/0.05;7730:0.9314/0.0686;7740:0.9065/0.0935;7780:0.9314/0.0686;7790:0.9065/0.0935;7840:0.8738/0.1262;7910:0.8318/0.1682;8020:0.8738/0.1262;8030:0.8318/0.1682;8130:0.8738/0.1262;8140:0.8318/0.1682;8240:0.9082/0.0918;8250:0.876/0.124;8350:0.9339/0.0661;8360:0.9098/0.0902;8370:0.8345/0.1655;8440:0.8759/0.1241;8450:0.8345/0.1655;8550:0.8759/0.1241;8560:0.8345/0.1655;8660:0.9098/0.0902;8670:0.9339/0.0661;8680:0.9098/0.0902;8790:0.95/0.05;8800:0.9314/0.0686;8920:0.9065/0.0935;8980:0.8738/0.1262;8990:0.8318/0.1682;9030:0.8738/0.1262;9040:0.8318/0.1682;9140:0.8738/0.1262;9150:0.8318/0.1682;9250:0.9082/0.0918;9260:0.9327/0.0673;9270:0.95/0.05;9280:0.9314/0.0686;9390:0.9065/0.0935;9440:0.8738/0.1262;9540:0.9327/0.0673;9550:0.9082/0.0918;9620:0.876/0.124;9720:0.9339/0.0661;9730:0.9098/0.0902;9770:0.95/0.05;9780:0.9314/0.0686;9820:0.9065/0.0935;9870:0.8738/0.1262;9880:0.8318/0.1682;9920:0.8738/0.1262;9930:0.8318/0.1682;9970:0.8738/0.1262;9980:0.7759/0.2241;10020:0.829/0.171;10030:0.7759/0.2241;10130:0.8738/0.1262;10140:0.8318/0.1682;10240:0.9082/0.0918;10250:0.9327/0.0673;10260:0.95/0.05;10270:0.9314/0.0686;10430:0.9065/0.0935;10740:0.95/0.05;10750:0.9314/0.0686;10830:0.9065/0.0935;10840:0.829/0.171;10880:0.8716/0.1284;10890:0.829/0.171;10990:0.9065/0.0935;11000:0.829/0.171;11040:0.8716/0.1284;11050:0.829/0.171;11150:0.8716/0.1284;11160:0.829/0.171;11260:0.8716/0.1284;11270:0.829/0.171;11370:0.9065/0.0935;11380:0.9314/0.0686;11390:0.9065/0.0935;11480:0.8738/0.1262;11580:0.9327/0.0673;11590:0.9082/0.0918;11710:0.876/0.124;11810:0.9339/0.0661;11820:0.9098/0.0902;11890:0.8781/0.1219;11990:0.9351/0.0649;12000:0.9114/0.0886;12080:0.8802/0.1198;12090:0.8399/0.1601;12130:0.8802/0.1198;12140:0.8399/0.1601;12240:0.8802/0.1198;12250:0.8399/0.1601;12350:0.8802/0.1198;12360:0.8399/0.1601;12460:0.8802/0.1198;12470:0.8399/0.1601;12570:0.913/0.087;12580:0.9363/0.0637;12590:0.913/0.087;12690:0.95/0.05;12700:0.9314/0.0686;12810:0.9065/0.0935;12860:0.8738/0.1262;12900:0.9065/0.0935;12910:0.8738/0.1262;12950:0.9327/0.0673;12960:0.9082/0.0918;13030:0.876/0.124;13130:0.9339/0.0661;13140:0.9098/0.0902;13210:0.95/0.05;13220:0.9314/0.0686;13230:0.9065/0.0935;13280:0.8738/0.1262;13380:0.9327/0.0673;13390:0.9082/0.0918;13430:0.876/0.124;13530:0.9339/0.0661;13540:0.9098/0.0902;13580:0.95/0.05;13590:0.9314/0.0686;13690:0.95/0.05;13700:0.9314/0.0686;13800:0.95/0.05;13810:0.9048/0.0952;13850:0.95/0.05;13860:0.9314/0.0686;13910:0.9065/0.0935;13970:0.8738/0.1262;14070:0.9327/0.0673;14080:0.9082/0.0918;14120:0.95/0.05;14130:0.9314/0.0686;14180:0.9065/0.0935;14250:0.8738/0.1262;14350:0.9327/0.0673;14360:0.8739/0.1261;14400:0.9327/0.0673;14410:0.9082/0.0918;14450:0.95/0.05;14460:0.9048/0.0952;14500:0.95/0.05;14510:0.9048/0.0952;14550:0.95/0.05;14560:0.9314/0.0686;14600:0.95/0.05;14610:0.9314/0.0686;14710:0.95/0.05;14720:0.9314/0.0686;14730:0.9065/0.0935;14770:0.95/0.05;14780:0.9048/0.0952;14820:0.95/0.05;14830:0.9048/0.0952;14870:0.95/0.05;14880:0.9048/0.0952;14920:0.95/0.05;14930:0.9048/0.0952;14970:0.95/0.05;14980:0.9048/0.0952;15020:0.95/0.05;15030:0.9048/0.0952;15070:0.95/0.05;15080:0.9048/0.0952;15120:0.95/0.05;15130:0.9048/0.0952;15170:0.95/0.05;15180:0.9048/0.0952;15220:0.95/0.05;15230:0.9048/0.0952;15270:0.95/0.05;15280:0.9048/0.0952;15320:0.95/0.05;15330:0.9048/0.0952;15370:0.95/0.05;15380:0.9048/0.0952;15420:0.95/0.05;15430:0.9048/0.0952;15470:0.95/0.05;15480:0.9048/0.0952;15520:0.95/0.05;15530:0.9048/0.0952;15570:0.95/0.05;15580:0.9048/0.0952;15620:0.95/0.05;15630:0.9048/0.0952;15670:0.8716/0.1284;15770:0.9314/0.0686;15780:0.9065/0.0935;15830:0.8738/0.1262;15930:0.8318/0.1682;16030:0.8738/0.1262;16040:0.8318/0.1682;16080:0.8738/0.1262;16090:0.8318/0.1682;16190:0.9082/0.0918;16200:0.876/0.124;16300:0.9339/0.0661;16310:0.9098/0.0902;16320:0.8781/0.1219;16360:0.9098/0.0902;16370:0.8781/0.1219;16470:0.9351/0.0649;16480:0.9114/0.0886;16580:0.95/0.05;16590:0.9314/0.0686;16650:0.9065/0.0935;16660:0.829/0.171;16710:0.9065/0.0935;16720:0.8738/0.1262;16820:0.9327/0.0673;16830:0.9082/0.0918;16930:0.95/0.05;16940:0.9314/0.0686;17000:0.9065/0.0935;17060:0.8738/0.1262;17160:0.9327/0.0673;17170:0.8739/0.1261;17210:0.9327/0.0673;17220:0.9082/0.0918;17280:0.876/0.124;17380:0.9339/0.0661;17390:0.876/0.124;17430:0.9339/0.0661;17440:0.9098/0.0902;17490:0.8781/0.1219;17590:0.9351/0.0649;17600:0.9114/0.0886;17700:0.95/0.05;17710:0.9048/0.0952;17750:0.95/0.05;17760:0.9048/0.0952;17800:0.95/0.05;17810:0.9314/0.0686;17870:0.9065/0.0935;17920:0.8738/0.1262;18020:0.9327/0.0673;18030:0.8739/0.1261;18070:0.9327/0.0673;18080:0.9082/0.0918;18120:0.95/0.05;18130:0.9048/0.0952;18170:0.95/0.05;18180:0.9048/0.0952;18220:0.95/0.05;18230:0.9048/0.0952;18270:0.95/0.05;18280:0.9048/0.0952;18320:0.95/0.05;18330:0.9314/0.0686;18370:0.9065/0.0935;18380:0.8738/0.1262;18420:0.9065/0.0935;18430:0.8738/0.1262;18540:0.9327/0.0673;18550:0.9082/0.0918;18590:0.95/0.05;18600:0.9314/0.0686;18640:0.95/0.05;18650:0.9314/0.0686;18700:0.9065/0.0935;18770:0.8738/0.1262;18870:0.9327/0.0673;18880:0.9082/0.0918;18980:0.95/0.05;18990:0.9048/0.0952;19030:0.95/0.05;19040:0.9048/0.0952;19080:0.95/0.05;19090:0.9048/0.0952;19130:0.95/0.05;19140:0.9048/0.0952;19180:0.95/0.05;19190:0.9048/0.0952;19230:0.95/0.05;19240:0.9314/0.0686;19280:0.95/0.05;19290:0.9048/0.0952;19330:0.95/0.05;19340:0.9048/0.0952;19380:0.95/0.05;19390:0.9048/0.0952;19430:0.95/0.05;19440:0.9048/0.0952;19480:0.95/0.05;19490:0.9048/0.0952;19530:0.95/0.05;19540:0.9314/0.0686;19580:0.95/0.05;19590:0.9048/0.0952;19630:0.95/0.05;19640:0.9048/0.0952;19680:0.95/0.05;19690:0.9314/0.0686;19730:0.95/0.05;19740:0.9314/0.0686;19780:0.95/0.05;19790:0.9314/0.0686;19830:0.95/0.05;19840:0.9048/0.0952;19880:0.95/0.05;19890:0.9048/0.0952;19930:0.95/0.05;19940:0.9048/0.0952;19980:0.95/0.05;19990:0.9314/0.0686,0,0,lbfs_Re400__jev4_async_r0,1.0,lbfs_Re400,0.8852206951223981,2213.6
True,516.57,True,"[34, 77, 100, 122, 225, 237, 340, 373, 446, 468, 480, 573, 586, 689, 792, 805, 908, 920, 1023, 1035, 1137, 1150, 1253, 1266, 1369, 1382, 1485, 1498, 1601, 1614, 1717, 1729, 1782, 1855, 1908, 2011, 2024, 2128, 2141, 2244, 2257, 2360, 2373, 2436, 2539, 2552, 2565, 2579, 2622, 2636, 2680, 2693, 2736, 2749, 2852, 2865, 2968, 2981, 3084, 3097, 3160, 3173, 3246, 3350, 3363, 3467, 3480, 3583, 3596, 3699, 3712, 3765, 3828, 3931, 3944, 4047, 4060, 4103, 4116, 4159, 4172, 4216, 4230, 4283, 4336, 4409, 4512, 4525, 4628, 4641, 4704, 4787, 4891, 4904, 5007, 5020, 5123, 5136, 5239, 5252, 5335, 5348, 5391, 5404, 5508, 5521, 5574, 5677, 5690, 5793, 5806, 5909, 5922, 5975, 6038, 6142, 6155, 6228, 6312, 6416, 6429, 6532, 6545, 6648, 6661, 6765, 6779, 6792, 6815, 6878, 6971, 7074, 7087, 7151, 7254, 7267, 7341, 7444, 7457, 7560, 7573, 7587, 7630, 7643, 7746, 7759, 7862, 7875, 7918, 7931, 8014, 8028, 8081, 8094, 8197, 8210, 8223, 8276, 8289, 8392, 8405, 8508, 8521, 8624, 8637, 8690, 8743, 8806, 8910, 8923, 9027, 9040, 9143, 9156, 9259, 9282, 9305, 9328, 9371, 9464, 9648, 9751, 9764, 9917, 10020, 10033, 10086, 10189, 10202, 10265, 10358, 10461, 10475, 10578, 10591, 10695, 10708, 10811, 10824, 10837, 10850, 10953, 10966, 11039, 11102, 11205, 11218, 11271, 11374, 11387, 11401, 11444, 11457, 11560, 11573, 11636, 11739, 11752, 11856, 11869, 11952, 12005, 12108, 12121, 12194, 12297, 12310, 12413, 12427, 12530, 12544, 12628, 12681, 12734, 12837, 12850, 12954, 12968, 13072, 13085, 13188, 13201, 13304, 13317, 13470, 13533, 13636, 13649, 13662, 13706, 13719, 13822, 13835, 13888, 13991, 14004, 14107, 14121, 14134, 14178, 14191, 14284, 14387, 14401, 14504, 14517, 14570, 14623, 14726, 14739, 14842, 14855, 14958, 14971, 15034, 15047, 15091, 15104, 15227, 15240, 15303, 15316, 15359, 15373, 15476, 15490, 15593, 15606, 15709, 15723, 15826, 15839, 15892, 16006, 16019, 16072, 16175, 16189, 16242, 16346, 16359, 16412, 16515, 16528, 16631, 16644, 16747, 16760, 16863, 16916, 17020, 17033, 17136, 17149, 17232, 17335, 17349, 17393, 17406, 17509, 17522, 17625, 17638, 17681, 17694, 17797, 17810, 17913, 17926, 18029, 18042, 18115, 18218, 18231, 18274, 18286, 18329, 18343, 18446, 18459, 18512, 18615, 18718, 18731, 18774, 18787, 18830, 18843, 18946, 18959, 19022, 19075, 19178, 19191, 19234, 19247, 19290, 19303, 19346, 19358, 19461, 19473, 19576, 19589, 19692, 19705, 19758, 19811, 19914, 19927]",2185.0,0.0,False,1885,0,2169.13,False,0.9082,0.0918,v4a,node132,,10,20000,jev4,,370,30:0.625/0.375;74:0.7692/0.2308;97:0.8695/0.1305;120:0.8264/0.1736;222:0.9049/0.0951;235:0.8717/0.1283;337:0.9049/0.0951;370:0.9302/0.0698;443:0.95/0.05;466:0.9314/0.0686;478:0.9065/0.0935;570:0.95/0.05;583:0.9314/0.0686;686:0.9065/0.0935;789:0.95/0.05;802:0.9314/0.0686;905:0.95/0.05;918:0.9314/0.0686;1020:0.95/0.05;1033:0.9314/0.0686;1135:0.95/0.05;1147:0.9314/0.0686;1250:0.95/0.05;1263:0.9314/0.0686;1366:0.95/0.05;1379:0.9314/0.0686;1482:0.95/0.05;1495:0.9314/0.0686;1598:0.95/0.05;1611:0.9314/0.0686;1714:0.95/0.05;1727:0.9314/0.0686;1779:0.9065/0.0935;1852:0.8738/0.1262;1905:0.8318/0.1682;2008:0.8738/0.1262;2021:0.8318/0.1682;2124:0.9082/0.0918;2138:0.876/0.124;2241:0.9339/0.0661;2254:0.9098/0.0902;2357:0.95/0.05;2370:0.9314/0.0686;2433:0.9065/0.0935;2536:0.9314/0.0686;2549:0.9065/0.0935;2562:0.8738/0.1262;2575:0.8318/0.1682;2619:0.9065/0.0935;2632:0.829/0.171;2676:0.9065/0.0935;2690:0.8738/0.1262;2733:0.9327/0.0673;2746:0.9082/0.0918;2849:0.95/0.05;2862:0.9314/0.0686;2965:0.95/0.05;2978:0.9314/0.0686;3081:0.95/0.05;3094:0.9314/0.0686;3157:0.9065/0.0935;3170:0.8738/0.1262;3243:0.8318/0.1682;3346:0.9082/0.0918;3360:0.876/0.124;3463:0.9339/0.0661;3477:0.9098/0.0902;3580:0.95/0.05;3593:0.9314/0.0686;3696:0.95/0.05;3709:0.9314/0.0686;3762:0.9065/0.0935;3825:0.8738/0.1262;3928:0.9327/0.0673;3941:0.9082/0.0918;4044:0.95/0.05;4057:0.9048/0.0952;4100:0.95/0.05;4113:0.9048/0.0952;4156:0.95/0.05;4169:0.9048/0.0952;4212:0.95/0.05;4226:0.9314/0.0686;4280:0.9065/0.0935;4333:0.8738/0.1262;4406:0.8318/0.1682;4509:0.9082/0.0918;4522:0.876/0.124;4625:0.9339/0.0661;4638:0.9098/0.0902;4701:0.8781/0.1219;4784:0.8373/0.1627;4887:0.8781/0.1219;4901:0.8373/0.1627;5004:0.9114/0.0886;5017:0.8802/0.1198;5120:0.9363/0.0637;5133:0.913/0.087;5236:0.95/0.05;5249:0.9314/0.0686;5332:0.9065/0.0935;5345:0.8738/0.1262;5388:0.9065/0.0935;5401:0.8738/0.1262;5504:0.9327/0.0673;5518:0.9082/0.0918;5571:0.876/0.124;5674:0.9339/0.0661;5687:0.9098/0.0902;5790:0.95/0.05;5803:0.9314/0.0686;5906:0.95/0.05;5919:0.9314/0.0686;5972:0.9065/0.0935;6035:0.8738/0.1262;6138:0.9327/0.0673;6152:0.9082/0.0918;6225:0.876/0.124;6308:0.8346/0.1654;6412:0.876/0.124;6426:0.8346/0.1654;6529:0.876/0.124;6542:0.8346/0.1654;6645:0.876/0.124;6658:0.8346/0.1654;6761:0.876/0.124;6775:0.9339/0.0661;6789:0.95/0.05;6812:0.9314/0.0686;6875:0.9065/0.0935;6968:0.8738/0.1262;7071:0.9327/0.0673;7084:0.9082/0.0918;7147:0.876/0.124;7251:0.9339/0.0661;7264:0.9098/0.0902;7337:0.8781/0.1219;7441:0.9351/0.0649;7454:0.9114/0.0886;7557:0.95/0.05;7570:0.9314/0.0686;7583:0.9065/0.0935;7627:0.9314/0.0686;7640:0.9065/0.0935;7743:0.95/0.05;7756:0.9314/0.0686;7859:0.95/0.05;7872:0.9314/0.0686;7915:0.95/0.05;7928:0.9314/0.0686;8011:0.9065/0.0935;8024:0.829/0.171;8078:0.9065/0.0935;8091:0.8738/0.1262;8194:0.9327/0.0673;8207:0.9082/0.0918;8220:0.8318/0.1682;8273:0.9082/0.0918;8286:0.876/0.124;8389:0.9339/0.0661;8402:0.9098/0.0902;8505:0.95/0.05;8518:0.9314/0.0686;8621:0.95/0.05;8634:0.9314/0.0686;8687:0.9065/0.0935;8740:0.8738/0.1262;8803:0.8318/0.1682;8906:0.8738/0.1262;8920:0.8318/0.1682;9023:0.8738/0.1262;9037:0.8318/0.1682;9140:0.8738/0.1262;9153:0.8318/0.1682;9256:0.8738/0.1262;9279:0.9065/0.0935;9302:0.9314/0.0686;9325:0.95/0.05;9368:0.9314/0.0686;9461:0.9065/0.0935;9644:0.8738/0.1262;9748:0.9327/0.0673;9761:0.9082/0.0918;9914:0.876/0.124;10017:0.9339/0.0661;10030:0.9098/0.0902;10083:0.8781/0.1219;10186:0.9351/0.0649;10199:0.9114/0.0886;10262:0.8802/0.1198;10355:0.8399/0.1601;10458:0.8802/0.1198;10471:0.8399/0.1601;10575:0.8802/0.1198;10588:0.8399/0.1601;10691:0.8802/0.1198;10705:0.8399/0.1601;10808:0.8802/0.1198;10821:0.9363/0.0637;10834:0.95/0.05;10847:0.9314/0.0686;10950:0.95/0.05;10963:0.9314/0.0686;11036:0.9065/0.0935;11099:0.8738/0.1262;11202:0.9327/0.0673;11215:0.9082/0.0918;11268:0.876/0.124;11371:0.9339/0.0661;11384:0.9098/0.0902;11397:0.8781/0.1219;11441:0.9098/0.0902;11454:0.8781/0.1219;11557:0.9351/0.0649;11570:0.9114/0.0886;11633:0.8802/0.1198;11736:0.9363/0.0637;11749:0.913/0.087;11852:0.95/0.05;11866:0.9314/0.0686;11949:0.9065/0.0935;12002:0.8738/0.1262;12105:0.9327/0.0673;12118:0.9082/0.0918;12191:0.876/0.124;12294:0.9339/0.0661;12307:0.9098/0.0902;12410:0.95/0.05;12423:0.9314/0.0686;12527:0.95/0.05;12540:0.9314/0.0686;12624:0.9065/0.0935;12678:0.8738/0.1262;12731:0.8318/0.1682;12834:0.8738/0.1262;12847:0.8318/0.1682;12950:0.8738/0.1262;12964:0.8318/0.1682;13068:0.9082/0.0918;13082:0.876/0.124;13185:0.9339/0.0661;13198:0.9098/0.0902;13301:0.95/0.05;13314:0.9314/0.0686;13467:0.9065/0.0935;13530:0.8738/0.1262;13633:0.9327/0.0673;13646:0.9082/0.0918;13659:0.876/0.124;13702:0.9082/0.0918;13716:0.876/0.124;13819:0.9339/0.0661;13832:0.9098/0.0902;13885:0.8781/0.1219;13988:0.9351/0.0649;14001:0.9114/0.0886;14104:0.95/0.05;14117:0.9314/0.0686;14131:0.9065/0.0935;14174:0.9314/0.0686;14188:0.9065/0.0935;14281:0.8738/0.1262;14384:0.9327/0.0673;14397:0.9082/0.0918;14501:0.95/0.05;14514:0.9314/0.0686;14567:0.9065/0.0935;14620:0.8738/0.1262;14723:0.9327/0.0673;14736:0.9082/0.0918;14839:0.95/0.05;14852:0.9314/0.0686;14955:0.95/0.05;14968:0.9314/0.0686;15031:0.9065/0.0935;15044:0.8738/0.1262;15087:0.9065/0.0935;15101:0.8738/0.1262;15224:0.9327/0.0673;15237:0.9082/0.0918;15300:0.876/0.124;15313:0.8346/0.1654;15356:0.876/0.124;15369:0.8346/0.1654;15473:0.876/0.124;15486:0.8346/0.1654;15590:0.876/0.124;15603:0.8346/0.1654;15706:0.9098/0.0902;15719:0.8781/0.1219;15823:0.9351/0.0649;15836:0.9114/0.0886;15889:0.8802/0.1198;16002:0.9363/0.0637;16016:0.913/0.087;16069:0.8823/0.1177;16172:0.9375/0.0625;16185:0.9146/0.0854;16239:0.8844/0.1156;16342:0.9387/0.0613;16356:0.9162/0.0838;16409:0.8865/0.1135;16512:0.9398/0.0602;16525:0.9177/0.0823;16628:0.95/0.05;16641:0.9314/0.0686;16744:0.95/0.05;16757:0.9314/0.0686;16860:0.9065/0.0935;16913:0.8738/0.1262;17016:0.9327/0.0673;17030:0.9082/0.0918;17133:0.95/0.05;17146:0.9314/0.0686;17229:0.9065/0.0935;17332:0.95/0.05;17345:0.9048/0.0952;17389:0.95/0.05;17403:0.9314/0.0686;17506:0.95/0.05;17519:0.9314/0.0686;17622:0.95/0.05;17635:0.9048/0.0952;17678:0.95/0.05;17691:0.9314/0.0686;17794:0.95/0.05;17807:0.9314/0.0686;17910:0.95/0.05;17923:0.9314/0.0686;18026:0.95/0.05;18039:0.9314/0.0686;18112:0.9065/0.0935;18215:0.95/0.05;18228:0.9048/0.0952;18271:0.95/0.05;18284:0.9048/0.0952;18326:0.95/0.05;18339:0.9314/0.0686;18443:0.95/0.05;18456:0.9314/0.0686;18509:0.9065/0.0935;18612:0.8738/0.1262;18715:0.9327/0.0673;18728:0.9082/0.0918;18771:0.95/0.05;18784:0.9314/0.0686;18827:0.95/0.05;18840:0.9314/0.0686;18943:0.95/0.05;18956:0.9314/0.0686;19019:0.9065/0.0935;19072:0.8738/0.1262;19175:0.9327/0.0673;19188:0.8739/0.1261;19231:0.9327/0.0673;19244:0.9082/0.0918;19287:0.95/0.05;19300:0.9314/0.0686;19343:0.95/0.05;19356:0.9314/0.0686;19458:0.95/0.05;19471:0.9314/0.0686;19573:0.95/0.05;19586:0.9314/0.0686;19689:0.95/0.05;19702:0.9314/0.0686;19755:0.9065/0.0935;19808:0.8738/0.1262;19911:0.9327/0.0673;19924:0.9082/0.0918,0,0,lbfs_Re400__jev4ack_async_r0,1.0,lbfs_Re400,0.8667316420930362,2187.0
False,0,False,[],632.0,0.0,True,0,0,606.26,False,0.7,0.3,v4a,node179,,0,5521,static,,0,,0,0,lbfs_Re600__default,1.0,lbfs_Re600,0.00049771369983672,636.5
False,545.28,True,"[23, 64, 73, 84, 103, 203, 212, 273, 373, 383, 483, 493, 563, 663, 673, 712, 722, 763, 773, 813, 823, 863, 873, 913, 922, 963, 973, 1013, 1023, 1062, 1073, 1172, 1183, 1243, 1343, 1353, 1393, 1403, 1443, 1453, 1493, 1503, 1543, 1553, 1594, 1603, 1643, 1652, 1692, 1703, 1743, 1753, 1793, 1803, 1843, 1853, 1893, 1903, 1944, 1953, 1993, 2003, 2043, 2053, 2092, 2103, 2203, 2213, 2254, 2263, 2303, 2313, 2353, 2362, 2404, 2413, 2453, 2462, 2503, 2513, 2553, 2563, 2604, 2613, 2653, 2663, 2703, 2713, 2753, 2763, 2803, 2813, 2853, 2864, 2903, 2913, 2953, 2962, 3003, 3013, 3053, 3063, 3104, 3113, 3153, 3163, 3203, 3213, 3253, 3263, 3303, 3313, 3353, 3363, 3404, 3413, 3453, 3463, 3503, 3513, 3554, 3563, 3603, 3613, 3653, 3663, 3703, 3713, 3753, 3763, 3803, 3813, 3853, 3863, 3903, 3913, 3953, 3963, 4003, 4013, 4053, 4063, 4103, 4113, 4153, 4163, 4203, 4213, 4253, 4263, 4303, 4313, 4353, 4363, 4403, 4413, 4453, 4463, 4503, 4513, 4553, 4563, 4603, 4613, 4654, 4663, 4703, 4713, 4753, 4763, 4804, 4813, 4853, 4863, 4903, 4913, 4953, 4963, 5003, 5013, 5053, 5063, 5103, 5203, 5213, 5253, 5263, 5303, 5313, 5353, 5363, 5403, 5413, 5453, 5463, 5563, 5572, 5673, 5684, 5783, 5793, 5833, 5843, 5883, 5893, 5933, 5943, 5983, 5993, 6033, 6043, 6083, 6093, 6133, 6143, 6204, 6263, 6353, 6454, 6464, 6564, 6573, 6613, 6623, 6663, 6673, 6713, 6723, 6763, 6773, 6813, 6823, 6863, 6873, 6913, 6922, 6933, 6973, 6984, 7083, 7093, 7143, 7154, 7193, 7203, 7243, 7253, 7333, 7433, 7444, 7485, 7493, 7593, 7602, 7643, 7653, 7693, 7703, 7743, 7753, 7794, 7803, 7843, 7853, 7896, 7903, 8003, 8013, 8053, 8063, 8104, 8113, 8154, 8163, 8203, 8213, 8254, 8264, 8303, 8312, 8353, 8363, 8403, 8413, 8453, 8462, 8503, 8513, 8553, 8563, 8603, 8613, 8653, 8663, 8703, 8713, 8753, 8762, 8803, 8813, 8853, 8863, 8903, 8913, 8953, 8963, 9003, 9013, 9054, 9063, 9103, 9113, 9213, 9223, 9263, 9363, 9373, 9413, 9423, 9463, 9473, 9513, 9523, 9563, 9574, 9613, 9623, 9663, 9673, 9713, 9722, 9733, 9773, 9782, 9823, 9833, 9873, 9883, 9923, 9933, 9973, 9983, 10023, 10033, 10073, 10083, 10123, 10133, 10173, 10184, 10223, 10233, 10273, 10283, 10323, 10334, 10373, 10463, 10563, 10573, 10673, 10683, 10723, 10733, 10773, 10783, 10823, 10833, 10873, 10883, 10923, 10933, 10974, 10983, 11023, 11033, 11073, 11084, 11124, 11133, 11173, 11183, 11274, 11373, 11383, 11423, 11433, 11473, 11483, 11523, 11533, 11573, 11583, 11624, 11633, 11733, 11743, 11783, 11793, 11833, 11843, 11884, 11893, 11933, 11943, 11983, 11994, 12033, 12043, 12084, 12093, 12133, 12143, 12243, 12253, 12293, 12303, 12343, 12352, 12393, 12403, 12443, 12453, 12493, 12503, 12543, 12553, 12593, 12603, 12674, 12723, 12803, 12904, 12913, 12954, 12963, 13003, 13013, 13113, 13122, 13163, 13173, 13223, 13233, 13273, 13282, 13323, 13333, 13373, 13383, 13423, 13432, 13473, 13484, 13523, 13533, 13573, 13583, 13623, 13633, 13673, 13683, 13723, 13733, 13773, 13783, 13823, 13833, 13873, 13883, 13983, 13993, 14033, 14043, 14083, 14093, 14133, 14143, 14183, 14193, 14233, 14243, 14283, 14293, 14333, 14343, 14383, 14393, 14433, 14443, 14483, 14493, 14533, 14543, 14583, 14593, 14633, 14643, 14683, 14693, 14733, 14743, 14783, 14793, 14833, 14843, 14883, 14893, 14933, 14942, 14983, 14993, 15033, 15043, 15083, 15093, 15133, 15143, 15183, 15193, 15233, 15242, 15283, 15293, 15333, 15343, 15383, 15393, 15433, 15443, 15483, 15493, 15533, 15543, 15583, 15593, 15633, 15643, 15683, 15693, 15733, 15742, 15783, 15793, 15833, 15843, 15883, 15893, 15933, 15942, 15983, 15993, 16033, 16042, 16053, 16093, 16102, 16203, 16213, 16254, 16263, 16303, 16313, 16354, 16363, 16403, 16413, 16454, 16463, 16503, 16513, 16553, 16563, 16603, 16613, 16653, 16663, 16703, 16713, 16754, 16763, 16863, 16872, 16913, 16923, 16963, 16973, 17013, 17023, 17063, 17073, 17113, 17123, 17163, 17173, 17214, 17224, 17264, 17273, 17313, 17324, 17393, 17463, 17563, 17573, 17614, 17623, 17663, 17673, 17713, 17723, 17763, 17773, 17813, 17823, 17863, 17873, 17913, 17923, 17963, 17973, 18013, 18023, 18063, 18073, 18112, 18123, 18223, 18233, 18273, 18283, 18323, 18332, 18373, 18383, 18423, 18432, 18473, 18483, 18523, 18533, 18573, 18583, 18623, 18632, 18673, 18683, 18723, 18733, 18773, 18783, 18823, 18833, 18873, 18883, 18924, 18933, 18973, 18982, 19023, 19032, 19073, 19084, 19183, 19193, 19233, 19243, 19253, 19293, 19303, 19343, 19353, 19393, 19403, 19443, 19452, 19493, 19503, 19543, 19553, 19593, 19604, 19643, 19653, 19694, 19702, 19713, 19753, 19763, 19803, 19813, 19853, 19863, 19904, 19913, 19953, 19964]",2265.0,0.0,False,2000,0,2243.89,False,0.9314,0.0686,v4a,node132,,10,20000,jev4,,698,20:0.625/0.375;60:0.7692/0.2308;70:0.8235/0.1765;80:0.9032/0.0968;100:0.8695/0.1305;200:0.9302/0.0698;210:0.9049/0.0951;270:0.8717/0.1283;370:0.9315/0.0685;380:0.9067/0.0933;480:0.95/0.05;490:0.9314/0.0686;560:0.9065/0.0935;660:0.95/0.05;670:0.9314/0.0686;710:0.95/0.05;720:0.9048/0.0952;760:0.95/0.05;770:0.9048/0.0952;810:0.95/0.05;820:0.9048/0.0952;860:0.95/0.05;870:0.9048/0.0952;910:0.95/0.05;920:0.9048/0.0952;960:0.95/0.05;970:0.9048/0.0952;1010:0.95/0.05;1020:0.9048/0.0952;1060:0.95/0.05;1070:0.9314/0.0686;1170:0.95/0.05;1180:0.9314/0.0686;1240:0.9065/0.0935;1340:0.95/0.05;1350:0.9314/0.0686;1390:0.95/0.05;1400:0.9048/0.0952;1440:0.95/0.05;1450:0.9048/0.0952;1490:0.95/0.05;1500:0.9048/0.0952;1540:0.95/0.05;1550:0.9048/0.0952;1590:0.95/0.05;1600:0.9048/0.0952;1640:0.95/0.05;1650:0.9048/0.0952;1690:0.95/0.05;1700:0.9048/0.0952;1740:0.95/0.05;1750:0.9048/0.0952;1790:0.95/0.05;1800:0.9048/0.0952;1840:0.95/0.05;1850:0.9048/0.0952;1890:0.95/0.05;1900:0.9048/0.0952;1940:0.95/0.05;1950:0.9048/0.0952;1990:0.95/0.05;2000:0.9048/0.0952;2040:0.95/0.05;2050:0.9314/0.0686;2090:0.95/0.05;2100:0.9314/0.0686;2200:0.95/0.05;2210:0.9314/0.0686;2250:0.95/0.05;2260:0.9048/0.0952;2300:0.95/0.05;2310:0.9048/0.0952;2350:0.95/0.05;2360:0.9048/0.0952;2400:0.95/0.05;2410:0.9048/0.0952;2450:0.95/0.05;2460:0.9048/0.0952;2500:0.95/0.05;2510:0.9048/0.0952;2550:0.95/0.05;2560:0.9048/0.0952;2600:0.95/0.05;2610:0.9048/0.0952;2650:0.95/0.05;2660:0.9048/0.0952;2700:0.95/0.05;2710:0.9048/0.0952;2750:0.95/0.05;2760:0.9048/0.0952;2800:0.95/0.05;2810:0.9048/0.0952;2850:0.95/0.05;2860:0.9048/0.0952;2900:0.95/0.05;2910:0.9048/0.0952;2950:0.95/0.05;2960:0.9048/0.0952;3000:0.95/0.05;3010:0.9048/0.0952;3050:0.95/0.05;3060:0.9048/0.0952;3100:0.95/0.05;3110:0.9048/0.0952;3150:0.95/0.05;3160:0.9048/0.0952;3200:0.95/0.05;3210:0.9048/0.0952;3250:0.95/0.05;3260:0.9048/0.0952;3300:0.95/0.05;3310:0.9048/0.0952;3350:0.95/0.05;3360:0.9048/0.0952;3400:0.95/0.05;3410:0.9048/0.0952;3450:0.95/0.05;3460:0.9048/0.0952;3500:0.95/0.05;3510:0.9048/0.0952;3550:0.95/0.05;3560:0.9048/0.0952;3600:0.95/0.05;3610:0.9048/0.0952;3650:0.95/0.05;3660:0.9048/0.0952;3700:0.95/0.05;3710:0.9048/0.0952;3750:0.95/0.05;3760:0.9048/0.0952;3800:0.95/0.05;3810:0.9048/0.0952;3850:0.95/0.05;3860:0.9048/0.0952;3900:0.95/0.05;3910:0.9048/0.0952;3950:0.95/0.05;3960:0.9048/0.0952;4000:0.95/0.05;4010:0.9048/0.0952;4050:0.95/0.05;4060:0.9048/0.0952;4100:0.95/0.05;4110:0.9048/0.0952;4150:0.95/0.05;4160:0.9048/0.0952;4200:0.95/0.05;4210:0.9048/0.0952;4250:0.95/0.05;4260:0.9048/0.0952;4300:0.95/0.05;4310:0.9048/0.0952;4350:0.95/0.05;4360:0.9048/0.0952;4400:0.95/0.05;4410:0.9048/0.0952;4450:0.9301/0.0699;4460:0.9048/0.0952;4500:0.95/0.05;4510:0.9048/0.0952;4550:0.95/0.05;4560:0.9048/0.0952;4600:0.95/0.05;4610:0.9048/0.0952;4650:0.95/0.05;4660:0.9048/0.0952;4700:0.95/0.05;4710:0.9048/0.0952;4750:0.95/0.05;4760:0.9048/0.0952;4800:0.95/0.05;4810:0.9048/0.0952;4850:0.95/0.05;4860:0.9048/0.0952;4900:0.95/0.05;4910:0.9048/0.0952;4950:0.95/0.05;4960:0.9048/0.0952;5000:0.95/0.05;5010:0.9048/0.0952;5050:0.95/0.05;5060:0.9048/0.0952;5100:0.8716/0.1284;5200:0.9314/0.0686;5210:0.8716/0.1284;5250:0.9314/0.0686;5260:0.8716/0.1284;5300:0.9314/0.0686;5310:0.8716/0.1284;5350:0.9314/0.0686;5360:0.8716/0.1284;5400:0.9314/0.0686;5410:0.8716/0.1284;5450:0.9314/0.0686;5460:0.9065/0.0935;5560:0.95/0.05;5570:0.9314/0.0686;5670:0.95/0.05;5680:0.9314/0.0686;5780:0.95/0.05;5790:0.9048/0.0952;5830:0.95/0.05;5840:0.9048/0.0952;5880:0.95/0.05;5890:0.9048/0.0952;5930:0.95/0.05;5940:0.9048/0.0952;5980:0.95/0.05;5990:0.9048/0.0952;6030:0.95/0.05;6040:0.9048/0.0952;6080:0.95/0.05;6090:0.9314/0.0686;6130:0.95/0.05;6140:0.9314/0.0686;6200:0.9065/0.0935;6260:0.8738/0.1262;6350:0.8318/0.1682;6450:0.9082/0.0918;6460:0.876/0.124;6560:0.9339/0.0661;6570:0.876/0.124;6610:0.9339/0.0661;6620:0.876/0.124;6660:0.9339/0.0661;6670:0.876/0.124;6710:0.9339/0.0661;6720:0.876/0.124;6760:0.9339/0.0661;6770:0.876/0.124;6810:0.9339/0.0661;6820:0.876/0.124;6860:0.9339/0.0661;6870:0.876/0.124;6910:0.9339/0.0661;6920:0.876/0.124;6930:0.8346/0.1654;6970:0.9098/0.0902;6980:0.8781/0.1219;7080:0.9351/0.0649;7090:0.8781/0.1219;7140:0.9098/0.0902;7150:0.8781/0.1219;7190:0.9351/0.0649;7200:0.8781/0.1219;7240:0.9351/0.0649;7250:0.9114/0.0886;7330:0.8802/0.1198;7430:0.9363/0.0637;7440:0.8802/0.1198;7480:0.9363/0.0637;7490:0.913/0.087;7590:0.95/0.05;7600:0.9048/0.0952;7640:0.95/0.05;7650:0.9048/0.0952;7690:0.95/0.05;7700:0.9048/0.0952;7740:0.95/0.05;7750:0.9048/0.0952;7790:0.95/0.05;7800:0.9048/0.0952;7840:0.95/0.05;7850:0.9048/0.0952;7890:0.95/0.05;7900:0.9314/0.0686;8000:0.95/0.05;8010:0.9048/0.0952;8050:0.95/0.05;8060:0.9048/0.0952;8100:0.95/0.05;8110:0.9048/0.0952;8150:0.95/0.05;8160:0.9048/0.0952;8200:0.95/0.05;8210:0.9048/0.0952;8250:0.95/0.05;8260:0.9048/0.0952;8300:0.95/0.05;8310:0.9048/0.0952;8350:0.95/0.05;8360:0.9048/0.0952;8400:0.95/0.05;8410:0.9048/0.0952;8450:0.95/0.05;8460:0.9048/0.0952;8500:0.95/0.05;8510:0.9048/0.0952;8550:0.95/0.05;8560:0.9048/0.0952;8600:0.95/0.05;8610:0.9048/0.0952;8650:0.95/0.05;8660:0.9048/0.0952;8700:0.95/0.05;8710:0.9048/0.0952;8750:0.95/0.05;8760:0.9048/0.0952;8800:0.95/0.05;8810:0.9048/0.0952;8850:0.95/0.05;8860:0.9048/0.0952;8900:0.95/0.05;8910:0.9048/0.0952;8950:0.95/0.05;8960:0.9048/0.0952;9000:0.95/0.05;9010:0.9048/0.0952;9050:0.95/0.05;9060:0.9048/0.0952;9100:0.95/0.05;9110:0.9314/0.0686;9210:0.95/0.05;9220:0.9314/0.0686;9260:0.9065/0.0935;9360:0.95/0.05;9370:0.9048/0.0952;9410:0.95/0.05;9420:0.9314/0.0686;9460:0.95/0.05;9470:0.9048/0.0952;9510:0.95/0.05;9520:0.9048/0.0952;9560:0.95/0.05;9570:0.9048/0.0952;9610:0.95/0.05;9620:0.9048/0.0952;9660:0.95/0.05;9670:0.9048/0.0952;9710:0.95/0.05;9720:0.9048/0.0952;9730:0.8716/0.1284;9770:0.9314/0.0686;9780:0.9065/0.0935;9820:0.95/0.05;9830:0.9048/0.0952;9870:0.95/0.05;9880:0.9048/0.0952;9920:0.95/0.05;9930:0.9048/0.0952;9970:0.95/0.05;9980:0.9048/0.0952;10020:0.95/0.05;10030:0.9048/0.0952;10070:0.95/0.05;10080:0.9048/0.0952;10120:0.95/0.05;10130:0.9048/0.0952;10170:0.95/0.05;10180:0.9048/0.0952;10220:0.95/0.05;10230:0.9048/0.0952;10270:0.95/0.05;10280:0.9048/0.0952;10320:0.95/0.05;10330:0.9048/0.0952;10370:0.8716/0.1284;10460:0.829/0.171;10560:0.9065/0.0935;10570:0.8738/0.1262;10670:0.9327/0.0673;10680:0.8739/0.1261;10720:0.9327/0.0673;10730:0.8739/0.1261;10770:0.9327/0.0673;10780:0.8739/0.1261;10820:0.9327/0.0673;10830:0.8739/0.1261;10870:0.9327/0.0673;10880:0.8739/0.1261;10920:0.9327/0.0673;10930:0.8739/0.1261;10970:0.9327/0.0673;10980:0.8739/0.1261;11020:0.9327/0.0673;11030:0.8739/0.1261;11070:0.9327/0.0673;11080:0.8739/0.1261;11120:0.9327/0.0673;11130:0.8739/0.1261;11170:0.9327/0.0673;11180:0.9082/0.0918;11270:0.876/0.124;11370:0.9339/0.0661;11380:0.876/0.124;11420:0.9339/0.0661;11430:0.876/0.124;11470:0.9339/0.0661;11480:0.876/0.124;11520:0.9339/0.0661;11530:0.876/0.124;11570:0.9339/0.0661;11580:0.876/0.124;11620:0.9339/0.0661;11630:0.9098/0.0902;11730:0.95/0.05;11740:0.9048/0.0952;11780:0.95/0.05;11790:0.9048/0.0952;11830:0.95/0.05;11840:0.9048/0.0952;11880:0.95/0.05;11890:0.9048/0.0952;11930:0.95/0.05;11940:0.9048/0.0952;11980:0.95/0.05;11990:0.9048/0.0952;12030:0.95/0.05;12040:0.9048/0.0952;12080:0.95/0.05;12090:0.9048/0.0952;12130:0.95/0.05;12140:0.9314/0.0686;12240:0.95/0.05;12250:0.9048/0.0952;12290:0.95/0.05;12300:0.9048/0.0952;12340:0.95/0.05;12350:0.9048/0.0952;12390:0.95/0.05;12400:0.9048/0.0952;12440:0.95/0.05;12450:0.9048/0.0952;12490:0.95/0.05;12500:0.9048/0.0952;12540:0.95/0.05;12550:0.9048/0.0952;12590:0.95/0.05;12600:0.9314/0.0686;12670:0.9065/0.0935;12720:0.8738/0.1262;12800:0.8318/0.1682;12900:0.9082/0.0918;12910:0.876/0.124;12950:0.9339/0.0661;12960:0.9098/0.0902;13000:0.95/0.05;13010:0.9314/0.0686;13110:0.95/0.05;13120:0.9314/0.0686;13160:0.95/0.05;13170:0.9048/0.0952;13220:0.95/0.05;13230:0.9048/0.0952;13270:0.95/0.05;13280:0.9048/0.0952;13320:0.95/0.05;13330:0.9048/0.0952;13370:0.95/0.05;13380:0.9048/0.0952;13420:0.95/0.05;13430:0.9048/0.0952;13470:0.95/0.05;13480:0.9048/0.0952;13520:0.95/0.05;13530:0.9314/0.0686;13570:0.95/0.05;13580:0.9048/0.0952;13620:0.95/0.05;13630:0.9048/0.0952;13670:0.95/0.05;13680:0.9048/0.0952;13720:0.95/0.05;13730:0.9048/0.0952;13770:0.95/0.05;13780:0.9048/0.0952;13820:0.95/0.05;13830:0.9314/0.0686;13870:0.95/0.05;13880:0.9314/0.0686;13980:0.95/0.05;13990:0.9048/0.0952;14030:0.95/0.05;14040:0.9048/0.0952;14080:0.95/0.05;14090:0.9048/0.0952;14130:0.95/0.05;14140:0.9048/0.0952;14180:0.95/0.05;14190:0.9048/0.0952;14230:0.95/0.05;14240:0.9048/0.0952;14280:0.95/0.05;14290:0.9048/0.0952;14330:0.95/0.05;14340:0.9048/0.0952;14380:0.95/0.05;14390:0.9314/0.0686;14430:0.95/0.05;14440:0.9048/0.0952;14480:0.95/0.05;14490:0.9048/0.0952;14530:0.95/0.05;14540:0.9048/0.0952;14580:0.95/0.05;14590:0.9048/0.0952;14630:0.95/0.05;14640:0.9048/0.0952;14680:0.95/0.05;14690:0.9048/0.0952;14730:0.95/0.05;14740:0.9048/0.0952;14780:0.95/0.05;14790:0.9048/0.0952;14830:0.95/0.05;14840:0.9048/0.0952;14880:0.95/0.05;14890:0.9048/0.0952;14930:0.95/0.05;14940:0.9048/0.0952;14980:0.95/0.05;14990:0.9048/0.0952;15030:0.95/0.05;15040:0.9048/0.0952;15080:0.95/0.05;15090:0.9048/0.0952;15130:0.95/0.05;15140:0.9048/0.0952;15180:0.95/0.05;15190:0.9048/0.0952;15230:0.95/0.05;15240:0.9048/0.0952;15280:0.95/0.05;15290:0.9048/0.0952;15330:0.95/0.05;15340:0.9048/0.0952;15380:0.95/0.05;15390:0.9048/0.0952;15430:0.95/0.05;15440:0.9048/0.0952;15480:0.95/0.05;15490:0.9048/0.0952;15530:0.95/0.05;15540:0.9048/0.0952;15580:0.95/0.05;15590:0.9048/0.0952;15630:0.95/0.05;15640:0.9048/0.0952;15680:0.95/0.05;15690:0.9048/0.0952;15730:0.95/0.05;15740:0.9048/0.0952;15780:0.95/0.05;15790:0.9048/0.0952;15830:0.95/0.05;15840:0.9048/0.0952;15880:0.95/0.05;15890:0.9048/0.0952;15930:0.95/0.05;15940:0.9314/0.0686;15980:0.95/0.05;15990:0.9048/0.0952;16030:0.95/0.05;16040:0.9048/0.0952;16050:0.8716/0.1284;16090:0.9314/0.0686;16100:0.9065/0.0935;16200:0.95/0.05;16210:0.9048/0.0952;16250:0.95/0.05;16260:0.9048/0.0952;16300:0.95/0.05;16310:0.9048/0.0952;16350:0.95/0.05;16360:0.9048/0.0952;16400:0.95/0.05;16410:0.9048/0.0952;16450:0.95/0.05;16460:0.9048/0.0952;16500:0.95/0.05;16510:0.9048/0.0952;16550:0.95/0.05;16560:0.9048/0.0952;16600:0.95/0.05;16610:0.9048/0.0952;16650:0.95/0.05;16660:0.9048/0.0952;16700:0.95/0.05;16710:0.9048/0.0952;16750:0.95/0.05;16760:0.9314/0.0686;16860:0.95/0.05;16870:0.9314/0.0686;16910:0.95/0.05;16920:0.9048/0.0952;16960:0.95/0.05;16970:0.9048/0.0952;17010:0.95/0.05;17020:0.9048/0.0952;17060:0.95/0.05;17070:0.9048/0.0952;17110:0.95/0.05;17120:0.9048/0.0952;17160:0.95/0.05;17170:0.9048/0.0952;17210:0.95/0.05;17220:0.9048/0.0952;17260:0.95/0.05;17270:0.9314/0.0686;17310:0.95/0.05;17320:0.9314/0.0686;17390:0.9065/0.0935;17460:0.8738/0.1262;17560:0.9327/0.0673;17570:0.9082/0.0918;17610:0.95/0.05;17620:0.9048/0.0952;17660:0.95/0.05;17670:0.9048/0.0952;17710:0.95/0.05;17720:0.9048/0.0952;17760:0.95/0.05;17770:0.9048/0.0952;17810:0.95/0.05;17820:0.9048/0.0952;17860:0.95/0.05;17870:0.9048/0.0952;17910:0.95/0.05;17920:0.9048/0.0952;17960:0.95/0.05;17970:0.9048/0.0952;18010:0.95/0.05;18020:0.9048/0.0952;18060:0.95/0.05;18070:0.9048/0.0952;18110:0.95/0.05;18120:0.9314/0.0686;18220:0.95/0.05;18230:0.9048/0.0952;18270:0.95/0.05;18280:0.9048/0.0952;18320:0.95/0.05;18330:0.9048/0.0952;18370:0.95/0.05;18380:0.9048/0.0952;18420:0.95/0.05;18430:0.9048/0.0952;18470:0.95/0.05;18480:0.9048/0.0952;18520:0.95/0.05;18530:0.9048/0.0952;18570:0.95/0.05;18580:0.9048/0.0952;18620:0.95/0.05;18630:0.9048/0.0952;18670:0.95/0.05;18680:0.9048/0.0952;18720:0.95/0.05;18730:0.9048/0.0952;18770:0.95/0.05;18780:0.9048/0.0952;18820:0.95/0.05;18830:0.9048/0.0952;18870:0.95/0.05;18880:0.9048/0.0952;18920:0.95/0.05;18930:0.9048/0.0952;18970:0.95/0.05;18980:0.9048/0.0952;19020:0.95/0.05;19030:0.9048/0.0952;19070:0.95/0.05;19080:0.9314/0.0686;19180:0.95/0.05;19190:0.9048/0.0952;19230:0.95/0.05;19240:0.9314/0.0686;19250:0.9065/0.0935;19290:0.95/0.05;19300:0.9048/0.0952;19340:0.95/0.05;19350:0.9048/0.0952;19390:0.95/0.05;19400:0.9048/0.0952;19440:0.95/0.05;19450:0.9048/0.0952;19490:0.95/0.05;19500:0.9048/0.0952;19540:0.95/0.05;19550:0.9314/0.0686;19590:0.95/0.05;19600:0.9048/0.0952;19640:0.95/0.05;19650:0.9048/0.0952;19690:0.95/0.05;19700:0.9048/0.0952;19710:0.8716/0.1284;19750:0.9314/0.0686;19760:0.8716/0.1284;19800:0.9314/0.0686;19810:0.8716/0.1284;19850:0.9314/0.0686;19860:0.8716/0.1284;19900:0.9314/0.0686;19910:0.8716/0.1284;19950:0.9314/0.0686;19960:0.8716/0.1284;20000:0.9314/0.0686,0,0,lbfs_Re600__jev4_async_r0,1.0,lbfs_Re600,0.6301336818839285,2266.09
True,529.31,True,"[23, 65, 88, 110, 223, 236, 340, 353, 406, 509, 521, 624, 637, 719, 772, 845, 948, 960, 1013, 1026, 1069, 1082, 1187, 1200, 1243, 1256, 1359, 1371, 1414, 1427, 1530, 1543, 1646, 1659, 1762, 1775, 1878, 1891, 1994, 2007, 2110, 2123, 2226, 2238, 2301, 2354, 2427, 2531, 2544, 2647, 2660, 2743, 2756, 2799, 2812, 2915, 2928, 2981, 3084, 3097, 3140, 3153, 3256, 3269, 3312, 3325, 3428, 3441, 3494, 3547, 3620, 3723, 3736, 3839, 3852, 3905, 3988, 4091, 4104, 4207, 4220, 4323, 4336, 4389, 4452, 4515, 4619, 4631, 4734, 4747, 4789, 4801, 4894, 4948, 4962, 5006, 5019, 5122, 5135, 5238, 5251, 5354, 5367, 5470, 5483, 5536, 5589, 5652, 5755, 5768, 5871, 5884, 5937, 5950, 5993, 6006, 6109, 6122, 6225, 6238, 6330, 6383, 6466, 6570, 6583, 6687, 6700, 6803, 6816, 6919, 6932, 7035, 7048, 7151, 7164, 7267, 7280, 7333, 7346, 7390, 7403, 7506, 7519, 7562, 7575, 7678, 7691, 7754, 7807, 7910, 7923, 8026, 8039, 8132, 8185, 8248, 8351, 8364, 8467, 8480, 8533, 8636, 8649, 8692, 8705, 8758, 8811, 8914, 8927, 9030, 9043, 9096, 9149, 9232, 9335, 9349, 9452, 9465, 9569, 9582, 9686, 9700, 9743, 9756, 9859, 9872, 9975, 9987, 10089, 10102, 10175, 10268, 10342, 10445, 10458, 10561, 10573, 10676, 10689, 10792, 10805, 10908, 10921, 11024, 11037, 11140, 11153, 11206, 11259, 11322, 11425, 11438, 11541, 11554, 11657, 11670, 11713, 11726, 11769, 11782, 11835, 11888, 11981, 12084, 12097, 12200, 12213, 12316, 12329, 12432, 12445, 12548, 12561, 12664, 12677, 12719, 12732, 12835, 12848, 12891, 12904, 13007, 13020, 13123, 13136, 13239, 13251, 13294, 13307, 13410, 13423, 13506, 13559, 13622, 13725, 13738, 13841, 13854, 13897, 13910, 13964, 14047, 14140, 14243, 14256, 14359, 14373, 14476, 14489, 14592, 14605, 14708, 14722, 14825, 14838, 14941, 14954, 15057, 15070, 15163, 15216, 15269, 15372, 15385, 15488, 15501, 15594, 15657, 15760, 15773, 15876, 15889, 15992, 16004, 16097, 16160, 16253, 16357, 16370, 16474, 16487, 16570, 16643, 16746, 16759, 16862, 16875, 16918, 16930, 17032, 17044, 17147, 17160, 17233, 17296, 17399, 17412, 17515, 17528, 17571, 17583, 17686, 17699, 17761, 17864, 17947, 18050, 18063, 18166, 18179, 18192, 18235, 18248, 18301, 18404, 18417, 18520, 18533, 18636, 18649, 18752, 18765, 18868, 18880, 18923, 18936, 18979, 18991, 19034, 19046, 19109, 19212, 19224, 19267, 19280, 19383, 19396, 19499, 19512, 19615, 19627, 19730, 19743, 19846, 19859, 19962, 19975]",2419.0,0.0,False,1890,0,2395.97,False,0.9314,0.0686,v4a,node061,,10,20000,jev4,,367,20:0.625/0.375;63:0.7692/0.2308;85:0.8695/0.1305;108:0.8264/0.1736;220:0.9049/0.0951;233:0.8717/0.1283;336:0.9315/0.0685;350:0.9067/0.0933;403:0.8741/0.1259;506:0.9328/0.0672;519:0.9084/0.0916;621:0.95/0.05;634:0.9314/0.0686;717:0.9065/0.0935;769:0.8738/0.1262;842:0.8318/0.1682;945:0.9082/0.0918;958:0.876/0.124;1010:0.9339/0.0661;1023:0.876/0.124;1066:0.9339/0.0661;1079:0.9098/0.0902;1182:0.95/0.05;1197:0.9048/0.0952;1240:0.95/0.05;1253:0.9314/0.0686;1356:0.95/0.05;1369:0.9314/0.0686;1411:0.95/0.05;1424:0.9314/0.0686;1527:0.95/0.05;1540:0.9314/0.0686;1643:0.95/0.05;1656:0.9314/0.0686;1759:0.95/0.05;1772:0.9314/0.0686;1875:0.95/0.05;1888:0.9314/0.0686;1991:0.95/0.05;2004:0.9314/0.0686;2107:0.95/0.05;2120:0.9314/0.0686;2223:0.95/0.05;2236:0.9314/0.0686;2298:0.9065/0.0935;2351:0.8738/0.1262;2424:0.8318/0.1682;2527:0.9082/0.0918;2541:0.876/0.124;2644:0.9339/0.0661;2657:0.9098/0.0902;2740:0.8781/0.1219;2753:0.8373/0.1627;2796:0.8781/0.1219;2809:0.8373/0.1627;2912:0.9114/0.0886;2925:0.8802/0.1198;2978:0.8399/0.1601;3081:0.913/0.087;3094:0.8823/0.1177;3137:0.9375/0.0625;3150:0.9146/0.0854;3253:0.95/0.05;3266:0.9048/0.0952;3309:0.9301/0.0699;3322:0.9048/0.0952;3425:0.95/0.05;3438:0.9314/0.0686;3491:0.9065/0.0935;3544:0.8738/0.1262;3617:0.8318/0.1682;3720:0.9082/0.0918;3733:0.876/0.124;3836:0.9339/0.0661;3849:0.9098/0.0902;3902:0.8781/0.1219;3985:0.8373/0.1627;4088:0.9114/0.0886;4101:0.8802/0.1198;4204:0.9363/0.0637;4217:0.913/0.087;4320:0.95/0.05;4333:0.9314/0.0686;4386:0.9065/0.0935;4449:0.8738/0.1262;4512:0.8318/0.1682;4615:0.9082/0.0918;4629:0.876/0.124;4731:0.9339/0.0661;4744:0.9098/0.0902;4787:0.95/0.05;4799:0.9314/0.0686;4891:0.9065/0.0935;4944:0.8738/0.1262;4958:0.8318/0.1682;5002:0.8738/0.1262;5016:0.8318/0.1682;5119:0.9082/0.0918;5132:0.876/0.124;5235:0.9339/0.0661;5248:0.9098/0.0902;5351:0.95/0.05;5364:0.9314/0.0686;5467:0.95/0.05;5480:0.9314/0.0686;5533:0.9065/0.0935;5586:0.8738/0.1262;5649:0.8318/0.1682;5752:0.9082/0.0918;5765:0.876/0.124;5868:0.9339/0.0661;5881:0.9098/0.0902;5934:0.8781/0.1219;5947:0.8373/0.1627;5990:0.8781/0.1219;6003:0.8373/0.1627;6106:0.9114/0.0886;6119:0.8802/0.1198;6222:0.9363/0.0637;6235:0.913/0.087;6328:0.8823/0.1177;6380:0.8426/0.1574;6463:0.7927/0.2073;6566:0.8426/0.1574;6580:0.7927/0.2073;6683:0.8844/0.1156;6697:0.8453/0.1547;6800:0.9162/0.0838;6813:0.8865/0.1135;6916:0.9398/0.0602;6929:0.9177/0.0823;7032:0.95/0.05;7045:0.9314/0.0686;7148:0.95/0.05;7161:0.9314/0.0686;7264:0.95/0.05;7277:0.9314/0.0686;7330:0.9065/0.0935;7343:0.8738/0.1262;7386:0.9065/0.0935;7400:0.8738/0.1262;7503:0.9327/0.0673;7516:0.9082/0.0918;7559:0.95/0.05;7572:0.9314/0.0686;7675:0.95/0.05;7688:0.9314/0.0686;7751:0.9065/0.0935;7804:0.8738/0.1262;7907:0.9327/0.0673;7920:0.9082/0.0918;8023:0.95/0.05;8036:0.9314/0.0686;8129:0.9065/0.0935;8182:0.8738/0.1262;8245:0.8318/0.1682;8348:0.9082/0.0918;8361:0.876/0.124;8464:0.9339/0.0661;8477:0.9098/0.0902;8530:0.8781/0.1219;8633:0.9351/0.0649;8646:0.8781/0.1219;8689:0.9351/0.0649;8702:0.9114/0.0886;8755:0.8802/0.1198;8808:0.8399/0.1601;8911:0.913/0.087;8924:0.8823/0.1177;9027:0.9375/0.0625;9040:0.9146/0.0854;9093:0.8844/0.1156;9146:0.8453/0.1547;9229:0.796/0.204;9332:0.8453/0.1547;9345:0.796/0.204;9449:0.8864/0.1136;9462:0.8479/0.1521;9565:0.9177/0.0823;9579:0.8885/0.1115;9682:0.941/0.059;9696:0.9193/0.0807;9740:0.95/0.05;9753:0.9314/0.0686;9856:0.95/0.05;9869:0.9314/0.0686;9972:0.95/0.05;9985:0.9314/0.0686;10087:0.95/0.05;10099:0.9314/0.0686;10172:0.9065/0.0935;10265:0.8738/0.1262;10338:0.8318/0.1682;10442:0.9082/0.0918;10455:0.876/0.124;10558:0.9339/0.0661;10571:0.9098/0.0902;10673:0.95/0.05;10686:0.9314/0.0686;10789:0.95/0.05;10802:0.9314/0.0686;10905:0.95/0.05;10918:0.9314/0.0686;11021:0.95/0.05;11034:0.9314/0.0686;11137:0.95/0.05;11150:0.9314/0.0686;11203:0.9065/0.0935;11256:0.8738/0.1262;11319:0.8318/0.1682;11422:0.9082/0.0918;11435:0.876/0.124;11538:0.9339/0.0661;11551:0.9098/0.0902;11654:0.95/0.05;11667:0.9048/0.0952;11710:0.95/0.05;11723:0.9048/0.0952;11766:0.95/0.05;11779:0.9314/0.0686;11832:0.9065/0.0935;11885:0.8738/0.1262;11978:0.8318/0.1682;12081:0.9082/0.0918;12094:0.876/0.124;12197:0.9339/0.0661;12210:0.9098/0.0902;12313:0.95/0.05;12326:0.9314/0.0686;12429:0.95/0.05;12442:0.9314/0.0686;12545:0.95/0.05;12558:0.9314/0.0686;12661:0.95/0.05;12674:0.9048/0.0952;12717:0.95/0.05;12729:0.9314/0.0686;12832:0.95/0.05;12845:0.9048/0.0952;12888:0.95/0.05;12901:0.9314/0.0686;13004:0.95/0.05;13017:0.9314/0.0686;13120:0.95/0.05;13133:0.9314/0.0686;13236:0.95/0.05;13249:0.9314/0.0686;13291:0.95/0.05;13304:0.9314/0.0686;13407:0.95/0.05;13420:0.9314/0.0686;13503:0.9065/0.0935;13556:0.8738/0.1262;13619:0.8318/0.1682;13722:0.9082/0.0918;13735:0.876/0.124;13838:0.9339/0.0661;13851:0.876/0.124;13894:0.9339/0.0661;13907:0.9098/0.0902;13960:0.8781/0.1219;14044:0.8373/0.1627;14137:0.7861/0.2139;14240:0.8373/0.1627;14253:0.7861/0.2139;14356:0.8802/0.1198;14369:0.8399/0.1601;14473:0.913/0.087;14486:0.8823/0.1177;14589:0.9375/0.0625;14602:0.9146/0.0854;14705:0.95/0.05;14718:0.9314/0.0686;14822:0.95/0.05;14835:0.9314/0.0686;14938:0.95/0.05;14951:0.9314/0.0686;15054:0.95/0.05;15067:0.9314/0.0686;15160:0.9065/0.0935;15213:0.8738/0.1262;15266:0.8318/0.1682;15369:0.9082/0.0918;15382:0.876/0.124;15485:0.9339/0.0661;15498:0.9098/0.0902;15591:0.8781/0.1219;15654:0.8373/0.1627;15757:0.9114/0.0886;15770:0.8802/0.1198;15873:0.9363/0.0637;15886:0.913/0.087;15989:0.95/0.05;16002:0.9314/0.0686;16094:0.9065/0.0935;16157:0.8738/0.1262;16250:0.8318/0.1682;16353:0.9082/0.0918;16367:0.876/0.124;16470:0.9339/0.0661;16484:0.9098/0.0902;16567:0.8781/0.1219;16640:0.8373/0.1627;16743:0.9114/0.0886;16756:0.8802/0.1198;16859:0.9363/0.0637;16872:0.913/0.087;16915:0.95/0.05;16928:0.9314/0.0686;17030:0.95/0.05;17042:0.9314/0.0686;17144:0.95/0.05;17157:0.9314/0.0686;17230:0.9065/0.0935;17293:0.8738/0.1262;17396:0.9327/0.0673;17409:0.9082/0.0918;17512:0.95/0.05;17525:0.9314/0.0686;17568:0.95/0.05;17581:0.9314/0.0686;17683:0.95/0.05;17696:0.9314/0.0686;17759:0.9065/0.0935;17861:0.8738/0.1262;17944:0.8318/0.1682;18047:0.9082/0.0918;18060:0.876/0.124;18163:0.9339/0.0661;18176:0.9098/0.0902;18189:0.8781/0.1219;18232:0.9098/0.0902;18245:0.8781/0.1219;18298:0.8373/0.1627;18401:0.9114/0.0886;18414:0.8802/0.1198;18517:0.9363/0.0637;18530:0.913/0.087;18633:0.95/0.05;18646:0.9314/0.0686;18749:0.95/0.05;18762:0.9314/0.0686;18865:0.95/0.05;18878:0.9314/0.0686;18920:0.95/0.05;18933:0.9048/0.0952;18976:0.95/0.05;18989:0.9048/0.0952;19031:0.95/0.05;19044:0.9314/0.0686;19106:0.9065/0.0935;19209:0.95/0.05;19222:0.9048/0.0952;19264:0.95/0.05;19277:0.9314/0.0686;19380:0.95/0.05;19393:0.9314/0.0686;19496:0.95/0.05;19509:0.9314/0.0686;19612:0.95/0.05;19625:0.9314/0.0686;19727:0.95/0.05;19740:0.9314/0.0686;19843:0.95/0.05;19856:0.9314/0.0686;19959:0.95/0.05;19972:0.9314/0.0686,0,0,lbfs_Re600__jev4ack_async_r0,1.0,lbfs_Re600,0.8308781624585033,2419.49
False,0,False,[],2080.0,0.0,False,0,0,2069.92,False,0.7,0.3,v4a,node177,,0,20000,static,,0,,0,0,lbfs_Re800__default,1.0,lbfs_Re800,0.0012150520120792188,2086.63
False,568.37,True,"[23, 63, 73, 83, 183, 193, 293, 303, 403, 413, 524, 533, 573, 582, 623, 634, 672, 683, 783, 793, 833, 843, 883, 892, 933, 942, 983, 993, 1032, 1043, 1082, 1092, 1103, 1143, 1152, 1163, 1202, 1213, 1224, 1263, 1273, 1313, 1323, 1363, 1373, 1413, 1423, 1463, 1473, 1573, 1583, 1623, 1633, 1673, 1683, 1723, 1733, 1773, 1783, 1823, 1833, 1873, 1883, 1923, 1933, 1973, 1983, 2023, 2033, 2073, 2082, 2123, 2133, 2173, 2183, 2223, 2233, 2273, 2283, 2323, 2333, 2373, 2383, 2423, 2433, 2473, 2483, 2523, 2533, 2633, 2643, 2683, 2692, 2733, 2743, 2783, 2793, 2833, 2843, 2883, 2892, 2993, 3003, 3043, 3053, 3093, 3103, 3143, 3153, 3193, 3203, 3243, 3253, 3293, 3303, 3343, 3353, 3394, 3403, 3503, 3513, 3553, 3563, 3603, 3613, 3653, 3663, 3703, 3713, 3753, 3762, 3803, 3813, 3853, 3862, 3903, 3913, 3953, 3963, 4003, 4013, 4114, 4123, 4223, 4233, 4273, 4283, 4383, 4392, 4433, 4442, 4453, 4493, 4503, 4543, 4553, 4593, 4603, 4643, 4653, 4693, 4703, 4743, 4753, 4793, 4802, 4813, 4853, 4863, 4903, 4913, 4953, 4963, 5063, 5073, 5113, 5123, 5163, 5172, 5272, 5283, 5363, 5433, 5533, 5543, 5584, 5593, 5693, 5703, 5743, 5753, 5793, 5803, 5903, 5913, 5953, 5963, 6003, 6013, 6053, 6063, 6103, 6113, 6153, 6163, 6203, 6213, 6253, 6263, 6303, 6313, 6353, 6364, 6403, 6413, 6453, 6463, 6503, 6513, 6553, 6563, 6603, 6613, 6713, 6723, 6763, 6773, 6813, 6823, 6863, 6873, 6913, 6923, 6963, 6973, 7013, 7023, 7063, 7073, 7173, 7183, 7223, 7233, 7272, 7283, 7333, 7433, 7443, 7483, 7493, 7534, 7543, 7643, 7652, 7693, 7703, 7743, 7753, 7793, 7803, 7843, 7852, 7893, 7903, 7943, 7953, 8003, 8103, 8113, 8153, 8163, 8213, 8223, 8263, 8273, 8313, 8323, 8363, 8373, 8413, 8423, 8463, 8473, 8513, 8523, 8563, 8573, 8613, 8623, 8723, 8733, 8804, 8904, 8913, 8953, 8963, 9003, 9013, 9113, 9123, 9163, 9173, 9213, 9223, 9263, 9273, 9313, 9323, 9363, 9373, 9413, 9423, 9464, 9473, 9513, 9523, 9563, 9573, 9613, 9624, 9664, 9672, 9714, 9723, 9763, 9773, 9813, 9823, 9863, 9873, 9913, 9923, 9963, 9972, 10013, 10022, 10063, 10073, 10113, 10123, 10223, 10233, 10304, 10364, 10463, 10473, 10513, 10523, 10563, 10573, 10613, 10623, 10663, 10673, 10713, 10722, 10763, 10773, 10823, 10924, 10933, 11033, 11043, 11093, 11194, 11203, 11303, 11313, 11353, 11363, 11403, 11413, 11512, 11523, 11623, 11633, 11683, 11733, 11833, 11843, 11884, 11893, 11934, 11943, 11983, 11993, 12034, 12044, 12083, 12093, 12133, 12143, 12183, 12193, 12233, 12243, 12283, 12293, 12333, 12343, 12383, 12393, 12433, 12443, 12483, 12494, 12533, 12543, 12583, 12593, 12633, 12643, 12683, 12693, 12733, 12743, 12783, 12793, 12833, 12842, 12883, 12893, 12933, 12943, 12983, 12993, 13043, 13053, 13093, 13103, 13143, 13154, 13193, 13203, 13243, 13253, 13294, 13303, 13343, 13353, 13393, 13403, 13444, 13453, 13493, 13503, 13543, 13553, 13593, 13603, 13643, 13653, 13693, 13705, 13743, 13753, 13793, 13803, 13843, 13853, 13893, 13903, 13943, 13953, 13993, 14003, 14043, 14053, 14093, 14103, 14143, 14153, 14193, 14203, 14243, 14253, 14323, 14393, 14493, 14503, 14543, 14553, 14593, 14603, 14644, 14653, 14753, 14763, 14803, 14812, 14853, 14863, 14903, 14913, 14953, 14963, 15003, 15013, 15053, 15063, 15103, 15113, 15153, 15163, 15203, 15213, 15253, 15263, 15303, 15313, 15413, 15423, 15463, 15472, 15513, 15525, 15563, 15573, 15613, 15622, 15663, 15673, 15772, 15783, 15833, 15883, 15983, 15993, 16033, 16044, 16083, 16093, 16133, 16143, 16184, 16193, 16293, 16303, 16313, 16354, 16363, 16403, 16413, 16453, 16463, 16503, 16513, 16553, 16563, 16603, 16613, 16653, 16663, 16703, 16713, 16753, 16763, 16803, 16813, 16863, 16913, 17013, 17023, 17063, 17073, 17173, 17183, 17223, 17233, 17274, 17283, 17323, 17333, 17373, 17382, 17423, 17433, 17473, 17483, 17523, 17533, 17573, 17583, 17682, 17693, 17793, 17803, 17893, 17943, 18043, 18053, 18093, 18103, 18143, 18154, 18193, 18203, 18243, 18253, 18353, 18363, 18403, 18413, 18453, 18463, 18502, 18514, 18613, 18623, 18663, 18672, 18773, 18783, 18833, 18883, 18983, 18993, 19033, 19043, 19083, 19093, 19133, 19143, 19183, 19193, 19233, 19243, 19284, 19292, 19333, 19343, 19403, 19493, 19593, 19603, 19643, 19654, 19693, 19703, 19743, 19753, 19793, 19803, 19843, 19852, 19893, 19903, 19943, 19953, 19994]",2414.0,0.0,False,2000,0,2401.28,False,0.9048,0.0952,v4a,node061,,10,20000,jev4,,651,20:0.625/0.375;60:0.7692/0.2308;70:0.8695/0.1305;80:0.8264/0.1736;180:0.8695/0.1305;190:0.8264/0.1736;290:0.9049/0.0951;300:0.8717/0.1283;400:0.9315/0.0685;410:0.9067/0.0933;520:0.95/0.05;530:0.9048/0.0952;570:0.95/0.05;580:0.9048/0.0952;620:0.95/0.05;630:0.9048/0.0952;670:0.95/0.05;680:0.9314/0.0686;780:0.95/0.05;790:0.9048/0.0952;830:0.95/0.05;840:0.9048/0.0952;880:0.95/0.05;890:0.9048/0.0952;930:0.95/0.05;940:0.9048/0.0952;980:0.95/0.05;990:0.9048/0.0952;1030:0.95/0.05;1040:0.9048/0.0952;1080:0.95/0.05;1090:0.9048/0.0952;1100:0.8716/0.1284;1140:0.9314/0.0686;1150:0.8716/0.1284;1160:0.829/0.171;1200:0.9065/0.0935;1210:0.8738/0.1262;1220:0.8318/0.1682;1260:0.8738/0.1262;1270:0.8318/0.1682;1310:0.9082/0.0918;1320:0.8318/0.1682;1360:0.9082/0.0918;1370:0.8318/0.1682;1410:0.9082/0.0918;1420:0.876/0.124;1460:0.9339/0.0661;1470:0.9098/0.0902;1570:0.95/0.05;1580:0.9048/0.0952;1620:0.95/0.05;1630:0.9048/0.0952;1670:0.95/0.05;1680:0.9048/0.0952;1720:0.95/0.05;1730:0.9048/0.0952;1770:0.95/0.05;1780:0.9048/0.0952;1820:0.95/0.05;1830:0.9048/0.0952;1870:0.95/0.05;1880:0.9048/0.0952;1920:0.95/0.05;1930:0.9048/0.0952;1970:0.95/0.05;1980:0.9048/0.0952;2020:0.95/0.05;2030:0.9314/0.0686;2070:0.95/0.05;2080:0.9048/0.0952;2120:0.95/0.05;2130:0.9048/0.0952;2170:0.95/0.05;2180:0.9048/0.0952;2220:0.95/0.05;2230:0.9048/0.0952;2270:0.95/0.05;2280:0.9048/0.0952;2320:0.95/0.05;2330:0.9048/0.0952;2370:0.95/0.05;2380:0.9048/0.0952;2420:0.95/0.05;2430:0.9048/0.0952;2470:0.95/0.05;2480:0.9314/0.0686;2520:0.95/0.05;2530:0.9314/0.0686;2630:0.95/0.05;2640:0.9048/0.0952;2680:0.95/0.05;2690:0.9048/0.0952;2730:0.95/0.05;2740:0.9048/0.0952;2780:0.95/0.05;2790:0.9048/0.0952;2830:0.95/0.05;2840:0.9048/0.0952;2880:0.95/0.05;2890:0.9314/0.0686;2990:0.95/0.05;3000:0.9048/0.0952;3040:0.95/0.05;3050:0.9048/0.0952;3090:0.95/0.05;3100:0.9048/0.0952;3140:0.95/0.05;3150:0.9048/0.0952;3190:0.95/0.05;3200:0.9048/0.0952;3240:0.95/0.05;3250:0.9048/0.0952;3290:0.95/0.05;3300:0.9048/0.0952;3340:0.95/0.05;3350:0.9048/0.0952;3390:0.95/0.05;3400:0.9314/0.0686;3500:0.95/0.05;3510:0.9048/0.0952;3550:0.95/0.05;3560:0.9048/0.0952;3600:0.95/0.05;3610:0.9048/0.0952;3650:0.95/0.05;3660:0.9048/0.0952;3700:0.95/0.05;3710:0.9048/0.0952;3750:0.95/0.05;3760:0.9048/0.0952;3800:0.95/0.05;3810:0.9048/0.0952;3850:0.95/0.05;3860:0.9048/0.0952;3900:0.95/0.05;3910:0.9048/0.0952;3950:0.95/0.05;3960:0.9048/0.0952;4000:0.95/0.05;4010:0.9314/0.0686;4110:0.95/0.05;4120:0.9314/0.0686;4220:0.95/0.05;4230:0.9314/0.0686;4270:0.95/0.05;4280:0.9314/0.0686;4380:0.95/0.05;4390:0.9314/0.0686;4430:0.95/0.05;4440:0.9048/0.0952;4450:0.8716/0.1284;4490:0.9314/0.0686;4500:0.8716/0.1284;4540:0.9314/0.0686;4550:0.8716/0.1284;4590:0.9314/0.0686;4600:0.8716/0.1284;4640:0.9314/0.0686;4650:0.8716/0.1284;4690:0.9314/0.0686;4700:0.8716/0.1284;4740:0.9314/0.0686;4750:0.8716/0.1284;4790:0.9314/0.0686;4800:0.9065/0.0935;4810:0.8738/0.1262;4850:0.9327/0.0673;4860:0.8739/0.1261;4900:0.9327/0.0673;4910:0.8739/0.1261;4950:0.9327/0.0673;4960:0.9082/0.0918;5060:0.95/0.05;5070:0.9048/0.0952;5110:0.95/0.05;5120:0.9048/0.0952;5160:0.95/0.05;5170:0.9314/0.0686;5270:0.95/0.05;5280:0.9314/0.0686;5360:0.9065/0.0935;5430:0.8738/0.1262;5530:0.9327/0.0673;5540:0.8739/0.1261;5580:0.9327/0.0673;5590:0.9082/0.0918;5690:0.95/0.05;5700:0.9048/0.0952;5740:0.95/0.05;5750:0.9048/0.0952;5790:0.95/0.05;5800:0.9314/0.0686;5900:0.95/0.05;5910:0.9048/0.0952;5950:0.95/0.05;5960:0.9048/0.0952;6000:0.95/0.05;6010:0.9048/0.0952;6050:0.95/0.05;6060:0.9048/0.0952;6100:0.95/0.05;6110:0.9048/0.0952;6150:0.95/0.05;6160:0.9048/0.0952;6200:0.95/0.05;6210:0.9048/0.0952;6250:0.95/0.05;6260:0.9048/0.0952;6300:0.95/0.05;6310:0.9048/0.0952;6350:0.95/0.05;6360:0.9048/0.0952;6400:0.95/0.05;6410:0.9048/0.0952;6450:0.95/0.05;6460:0.9048/0.0952;6500:0.95/0.05;6510:0.9048/0.0952;6550:0.95/0.05;6560:0.9048/0.0952;6600:0.95/0.05;6610:0.9314/0.0686;6710:0.95/0.05;6720:0.9048/0.0952;6760:0.95/0.05;6770:0.9048/0.0952;6810:0.95/0.05;6820:0.9048/0.0952;6860:0.95/0.05;6870:0.9048/0.0952;6910:0.95/0.05;6920:0.9048/0.0952;6960:0.95/0.05;6970:0.9048/0.0952;7010:0.95/0.05;7020:0.9048/0.0952;7060:0.95/0.05;7070:0.9314/0.0686;7170:0.95/0.05;7180:0.9048/0.0952;7220:0.95/0.05;7230:0.9314/0.0686;7270:0.95/0.05;7280:0.9314/0.0686;7330:0.9065/0.0935;7430:0.95/0.05;7440:0.9048/0.0952;7480:0.95/0.05;7490:0.9048/0.0952;7530:0.95/0.05;7540:0.9314/0.0686;7640:0.95/0.05;7650:0.9314/0.0686;7690:0.95/0.05;7700:0.9048/0.0952;7740:0.95/0.05;7750:0.9048/0.0952;7790:0.95/0.05;7800:0.9048/0.0952;7840:0.95/0.05;7850:0.9048/0.0952;7890:0.95/0.05;7900:0.9314/0.0686;7940:0.95/0.05;7950:0.9314/0.0686;8000:0.9065/0.0935;8100:0.95/0.05;8110:0.9314/0.0686;8150:0.95/0.05;8160:0.9314/0.0686;8210:0.95/0.05;8220:0.9048/0.0952;8260:0.95/0.05;8270:0.9048/0.0952;8310:0.95/0.05;8320:0.9048/0.0952;8360:0.95/0.05;8370:0.9048/0.0952;8410:0.95/0.05;8420:0.9048/0.0952;8460:0.95/0.05;8470:0.9314/0.0686;8510:0.95/0.05;8520:0.9048/0.0952;8560:0.95/0.05;8570:0.9314/0.0686;8610:0.95/0.05;8620:0.9314/0.0686;8720:0.95/0.05;8730:0.9314/0.0686;8800:0.9065/0.0935;8900:0.95/0.05;8910:0.9048/0.0952;8950:0.95/0.05;8960:0.9048/0.0952;9000:0.95/0.05;9010:0.9314/0.0686;9110:0.95/0.05;9120:0.9048/0.0952;9160:0.95/0.05;9170:0.9048/0.0952;9210:0.95/0.05;9220:0.9314/0.0686;9260:0.95/0.05;9270:0.9048/0.0952;9310:0.95/0.05;9320:0.9048/0.0952;9360:0.95/0.05;9370:0.9048/0.0952;9410:0.95/0.05;9420:0.9048/0.0952;9460:0.95/0.05;9470:0.9048/0.0952;9510:0.95/0.05;9520:0.9048/0.0952;9560:0.95/0.05;9570:0.9048/0.0952;9610:0.95/0.05;9620:0.9048/0.0952;9660:0.95/0.05;9670:0.9048/0.0952;9710:0.95/0.05;9720:0.9048/0.0952;9760:0.95/0.05;9770:0.9048/0.0952;9810:0.95/0.05;9820:0.9048/0.0952;9860:0.95/0.05;9870:0.9048/0.0952;9910:0.95/0.05;9920:0.9314/0.0686;9960:0.95/0.05;9970:0.9048/0.0952;10010:0.95/0.05;10020:0.9048/0.0952;10060:0.95/0.05;10070:0.9314/0.0686;10110:0.95/0.05;10120:0.9314/0.0686;10220:0.95/0.05;10230:0.9314/0.0686;10300:0.9065/0.0935;10360:0.8738/0.1262;10460:0.9327/0.0673;10470:0.8739/0.1261;10510:0.9327/0.0673;10520:0.8739/0.1261;10560:0.9327/0.0673;10570:0.8739/0.1261;10610:0.9327/0.0673;10620:0.9082/0.0918;10660:0.95/0.05;10670:0.9048/0.0952;10710:0.95/0.05;10720:0.9314/0.0686;10760:0.95/0.05;10770:0.9314/0.0686;10820:0.9065/0.0935;10920:0.95/0.05;10930:0.9314/0.0686;11030:0.95/0.05;11040:0.9314/0.0686;11090:0.9065/0.0935;11190:0.95/0.05;11200:0.9314/0.0686;11300:0.95/0.05;11310:0.9048/0.0952;11350:0.95/0.05;11360:0.9048/0.0952;11400:0.95/0.05;11410:0.9314/0.0686;11510:0.95/0.05;11520:0.9314/0.0686;11620:0.95/0.05;11630:0.9314/0.0686;11680:0.9065/0.0935;11730:0.8738/0.1262;11830:0.9327/0.0673;11840:0.8739/0.1261;11880:0.9327/0.0673;11890:0.8739/0.1261;11930:0.9327/0.0673;11940:0.8739/0.1261;11980:0.9327/0.0673;11990:0.8739/0.1261;12030:0.9327/0.0673;12040:0.9082/0.0918;12080:0.95/0.05;12090:0.9048/0.0952;12130:0.95/0.05;12140:0.9048/0.0952;12180:0.95/0.05;12190:0.9048/0.0952;12230:0.95/0.05;12240:0.9048/0.0952;12280:0.95/0.05;12290:0.9048/0.0952;12330:0.95/0.05;12340:0.9048/0.0952;12380:0.95/0.05;12390:0.9048/0.0952;12430:0.95/0.05;12440:0.9048/0.0952;12480:0.95/0.05;12490:0.9048/0.0952;12530:0.95/0.05;12540:0.9048/0.0952;12580:0.95/0.05;12590:0.9048/0.0952;12630:0.95/0.05;12640:0.9314/0.0686;12680:0.95/0.05;12690:0.9048/0.0952;12730:0.95/0.05;12740:0.9314/0.0686;12780:0.95/0.05;12790:0.9048/0.0952;12830:0.95/0.05;12840:0.9048/0.0952;12880:0.95/0.05;12890:0.9314/0.0686;12930:0.95/0.05;12940:0.9048/0.0952;12980:0.95/0.05;12990:0.9048/0.0952;13040:0.95/0.05;13050:0.9048/0.0952;13090:0.9301/0.0699;13100:0.8693/0.1307;13140:0.9301/0.0699;13150:0.8693/0.1307;13190:0.9301/0.0699;13200:0.8693/0.1307;13240:0.9301/0.0699;13250:0.8693/0.1307;13290:0.9301/0.0699;13300:0.8693/0.1307;13340:0.9301/0.0699;13350:0.8693/0.1307;13390:0.9301/0.0699;13400:0.8693/0.1307;13440:0.9301/0.0699;13450:0.8693/0.1307;13490:0.9301/0.0699;13500:0.8693/0.1307;13540:0.9301/0.0699;13550:0.9048/0.0952;13590:0.95/0.05;13600:0.9048/0.0952;13640:0.95/0.05;13650:0.9048/0.0952;13690:0.95/0.05;13700:0.9048/0.0952;13740:0.95/0.05;13750:0.9048/0.0952;13790:0.95/0.05;13800:0.9314/0.0686;13840:0.95/0.05;13850:0.9048/0.0952;13890:0.95/0.05;13900:0.9048/0.0952;13940:0.95/0.05;13950:0.9048/0.0952;13990:0.95/0.05;14000:0.9048/0.0952;14040:0.95/0.05;14050:0.9048/0.0952;14090:0.95/0.05;14100:0.9048/0.0952;14140:0.95/0.05;14150:0.9048/0.0952;14190:0.95/0.05;14200:0.9314/0.0686;14240:0.95/0.05;14250:0.9314/0.0686;14320:0.9065/0.0935;14390:0.8738/0.1262;14490:0.9327/0.0673;14500:0.8739/0.1261;14540:0.9327/0.0673;14550:0.8739/0.1261;14590:0.9327/0.0673;14600:0.8739/0.1261;14640:0.9327/0.0673;14650:0.9082/0.0918;14750:0.95/0.05;14760:0.9048/0.0952;14800:0.95/0.05;14810:0.9048/0.0952;14850:0.95/0.05;14860:0.9048/0.0952;14900:0.95/0.05;14910:0.9048/0.0952;14950:0.95/0.05;14960:0.9314/0.0686;15000:0.95/0.05;15010:0.9048/0.0952;15050:0.95/0.05;15060:0.9048/0.0952;15100:0.95/0.05;15110:0.9048/0.0952;15150:0.95/0.05;15160:0.9048/0.0952;15200:0.95/0.05;15210:0.9048/0.0952;15250:0.95/0.05;15260:0.9048/0.0952;15300:0.95/0.05;15310:0.9314/0.0686;15410:0.95/0.05;15420:0.9314/0.0686;15460:0.95/0.05;15470:0.9048/0.0952;15510:0.95/0.05;15520:0.9314/0.0686;15560:0.95/0.05;15570:0.9048/0.0952;15610:0.95/0.05;15620:0.9048/0.0952;15660:0.95/0.05;15670:0.9314/0.0686;15770:0.95/0.05;15780:0.9314/0.0686;15830:0.9065/0.0935;15880:0.8738/0.1262;15980:0.9327/0.0673;15990:0.8739/0.1261;16030:0.9327/0.0673;16040:0.8739/0.1261;16080:0.9327/0.0673;16090:0.8739/0.1261;16130:0.9327/0.0673;16140:0.9082/0.0918;16180:0.95/0.05;16190:0.9314/0.0686;16290:0.95/0.05;16300:0.9314/0.0686;16310:0.9065/0.0935;16350:0.9314/0.0686;16360:0.8716/0.1284;16400:0.9314/0.0686;16410:0.8716/0.1284;16450:0.9314/0.0686;16460:0.8716/0.1284;16500:0.9314/0.0686;16510:0.8716/0.1284;16550:0.9314/0.0686;16560:0.8716/0.1284;16600:0.9314/0.0686;16610:0.8716/0.1284;16650:0.9314/0.0686;16660:0.8716/0.1284;16700:0.9314/0.0686;16710:0.8716/0.1284;16750:0.9314/0.0686;16760:0.9065/0.0935;16800:0.95/0.05;16810:0.9314/0.0686;16860:0.9065/0.0935;16910:0.8738/0.1262;17010:0.9327/0.0673;17020:0.8739/0.1261;17060:0.9327/0.0673;17070:0.9082/0.0918;17170:0.95/0.05;17180:0.9048/0.0952;17220:0.95/0.05;17230:0.9048/0.0952;17270:0.95/0.05;17280:0.9048/0.0952;17320:0.95/0.05;17330:0.9048/0.0952;17370:0.95/0.05;17380:0.9048/0.0952;17420:0.95/0.05;17430:0.9048/0.0952;17470:0.95/0.05;17480:0.9048/0.0952;17520:0.95/0.05;17530:0.9048/0.0952;17570:0.95/0.05;17580:0.9314/0.0686;17680:0.95/0.05;17690:0.9314/0.0686;17790:0.95/0.05;17800:0.9314/0.0686;17890:0.9065/0.0935;17940:0.8738/0.1262;18040:0.9327/0.0673;18050:0.9082/0.0918;18090:0.95/0.05;18100:0.9048/0.0952;18140:0.95/0.05;18150:0.9048/0.0952;18190:0.95/0.05;18200:0.9048/0.0952;18240:0.95/0.05;18250:0.9314/0.0686;18350:0.95/0.05;18360:0.9048/0.0952;18400:0.95/0.05;18410:0.9048/0.0952;18450:0.95/0.05;18460:0.9048/0.0952;18500:0.95/0.05;18510:0.9314/0.0686;18610:0.95/0.05;18620:0.9048/0.0952;18660:0.95/0.05;18670:0.9314/0.0686;18770:0.95/0.05;18780:0.9314/0.0686;18830:0.9065/0.0935;18880:0.8738/0.1262;18980:0.9327/0.0673;18990:0.8739/0.1261;19030:0.9327/0.0673;19040:0.8739/0.1261;19080:0.9327/0.0673;19090:0.9082/0.0918;19130:0.95/0.05;19140:0.9048/0.0952;19180:0.95/0.05;19190:0.9048/0.0952;19230:0.95/0.05;19240:0.9048/0.0952;19280:0.95/0.05;19290:0.9048/0.0952;19330:0.95/0.05;19340:0.9314/0.0686;19400:0.9065/0.0935;19490:0.8738/0.1262;19590:0.9327/0.0673;19600:0.8739/0.1261;19640:0.9327/0.0673;19650:0.8739/0.1261;19690:0.9327/0.0673;19700:0.8739/0.1261;19740:0.9327/0.0673;19750:0.9082/0.0918;19790:0.95/0.05;19800:0.9048/0.0952;19840:0.95/0.05;19850:0.9048/0.0952;19890:0.95/0.05;19900:0.9048/0.0952;19940:0.95/0.05;19950:0.9048/0.0952;19990:0.95/0.05;20000:0.9048/0.0952,0,0,lbfs_Re800__jev4_async_r0,1.0,lbfs_Re800,1.2639151691620965,2414.79
True,508.42,True,"[23, 67, 80, 103, 216, 229, 292, 397, 410, 423, 496, 600, 612, 665, 768, 781, 884, 897, 950, 1052, 1064, 1126, 1229, 1242, 1345, 1358, 1420, 1483, 1536, 1639, 1652, 1695, 1708, 1811, 1824, 1877, 1930, 2033, 2046, 2149, 2161, 2264, 2277, 2330, 2383, 2456, 2559, 2572, 2616, 2629, 2732, 2744, 2807, 2870, 2974, 2987, 3050, 3143, 3246, 3259, 3362, 3376, 3480, 3493, 3596, 3609, 3701, 3775, 3879, 3892, 3935, 3948, 3991, 4004, 4047, 4060, 4162, 4175, 4278, 4290, 4383, 4445, 4548, 4561, 4664, 4677, 4730, 4835, 4848, 4891, 4985, 5088, 5102, 5205, 5218, 5322, 5335, 5438, 5451, 5554, 5567, 5672, 5685, 5788, 5801, 5864, 5937, 5993, 6086, 6189, 6203, 6306, 6319, 6422, 6435, 6508, 6592, 6695, 6708, 6811, 6824, 6917, 6930, 6973, 6986, 7031, 7044, 7148, 7161, 7265, 7278, 7381, 7395, 7499, 7512, 7525, 7568, 7581, 7685, 7698, 7801, 7813, 7916, 7929, 8032, 8045, 8148, 8161, 8204, 8217, 8320, 8333, 8436, 8448, 8551, 8565, 8638, 8742, 8755, 8858, 8871, 8884, 8927, 9030, 9043, 9146, 9159, 9252, 9315, 9419, 9432, 9535, 9548, 9591, 9604, 9697, 9761, 9844, 9907, 10010, 10024, 10117, 10221, 10234, 10337, 10350, 10403, 10506, 10519, 10532, 10636, 10649, 10752, 10846, 10929, 11032, 11045, 11148, 11162, 11265, 11278, 11332, 11435, 11448, 11501, 11554, 11657, 11670, 11713, 11727, 11830, 11843, 11896, 11950, 12053, 12066, 12159, 12262, 12275, 12338, 12441, 12454, 12557, 12570, 12673, 12686, 12789, 12802, 12856, 12909, 13012, 13025, 13108, 13212, 13225, 13299, 13402, 13416, 13469, 13522, 13625, 13638, 13741, 13754, 13818, 13921, 13934, 14017, 14070, 14153, 14256, 14270, 14384, 14397, 14481, 14545, 14649, 14662, 14766, 14779, 14882, 14895, 14998, 15011, 15084, 15137, 15221, 15324, 15337, 15440, 15453, 15526, 15589, 15692, 15705, 15808, 15911, 15935, 16038, 16051, 16104, 16208, 16222, 16326, 16339, 16392, 16445, 16518, 16621, 16635, 16738, 16751, 16855, 16869, 16912, 16925, 16999, 17052, 17156, 17169, 17272, 17285, 17388, 17401, 17444, 17457, 17560, 17573, 17656, 17709, 17812, 17825, 17878, 17982, 17995, 18058, 18131, 18234, 18247, 18350, 18363, 18407, 18420, 18524, 18537, 18590, 18643, 18697, 18780, 18883, 18897, 19000, 19013, 19117, 19130, 19173, 19186, 19249, 19332, 19436, 19449, 19552, 19565, 19668, 19682, 19785, 19798, 19871, 19924]",2119.0,0.0,False,1889,0,2108.38,False,0.8738,0.1262,v4a,node179,,10,20000,jev4,,349,20:0.625/0.375;63:0.7692/0.2308;77:0.8695/0.1305;100:0.8264/0.1736;213:0.9049/0.0951;226:0.8717/0.1283;289:0.8291/0.1709;392:0.9066/0.0934;407:0.9315/0.0685;420:0.9067/0.0933;493:0.8741/0.1259;596:0.9328/0.0672;610:0.9084/0.0916;662:0.8763/0.1237;765:0.9084/0.0916;778:0.8763/0.1237;881:0.9341/0.0659;894:0.9101/0.0899;947:0.8785/0.1215;1050:0.9353/0.0647;1062:0.9117/0.0883;1124:0.8806/0.1194;1226:0.9365/0.0635;1239:0.9133/0.0867;1342:0.95/0.05;1355:0.9314/0.0686;1418:0.9065/0.0935;1480:0.8738/0.1262;1533:0.8318/0.1682;1636:0.9082/0.0918;1649:0.8318/0.1682;1692:0.9082/0.0918;1705:0.876/0.124;1808:0.9339/0.0661;1821:0.9098/0.0902;1874:0.8781/0.1219;1927:0.8373/0.1627;2030:0.9114/0.0886;2043:0.8802/0.1198;2146:0.9363/0.0637;2159:0.913/0.087;2261:0.95/0.05;2274:0.9314/0.0686;2327:0.9065/0.0935;2380:0.8738/0.1262;2453:0.8318/0.1682;2556:0.9082/0.0918;2569:0.8318/0.1682;2612:0.9082/0.0918;2626:0.876/0.124;2729:0.9339/0.0661;2742:0.9098/0.0902;2804:0.8781/0.1219;2867:0.8373/0.1627;2970:0.9114/0.0886;2984:0.8802/0.1198;3047:0.8399/0.1601;3140:0.7894/0.2106;3243:0.8823/0.1177;3256:0.8426/0.1574;3359:0.9146/0.0854;3372:0.8844/0.1156;3476:0.9387/0.0613;3490:0.9162/0.0838;3593:0.95/0.05;3606:0.9314/0.0686;3699:0.9065/0.0935;3771:0.8738/0.1262;3875:0.9327/0.0673;3889:0.8739/0.1261;3932:0.9327/0.0673;3945:0.8739/0.1261;3988:0.9327/0.0673;4001:0.8739/0.1261;4044:0.9327/0.0673;4057:0.9082/0.0918;4160:0.95/0.05;4172:0.9314/0.0686;4275:0.95/0.05;4288:0.9314/0.0686;4380:0.9065/0.0935;4443:0.8738/0.1262;4545:0.9327/0.0673;4558:0.9082/0.0918;4661:0.95/0.05;4674:0.9314/0.0686;4727:0.9065/0.0935;4830:0.95/0.05;4845:0.9048/0.0952;4888:0.8716/0.1284;4981:0.829/0.171;5085:0.9065/0.0935;5098:0.8738/0.1262;5202:0.9327/0.0673;5215:0.9082/0.0918;5318:0.95/0.05;5332:0.9314/0.0686;5435:0.95/0.05;5448:0.9314/0.0686;5551:0.95/0.05;5564:0.9314/0.0686;5669:0.95/0.05;5682:0.9314/0.0686;5785:0.95/0.05;5798:0.9314/0.0686;5861:0.9065/0.0935;5934:0.8738/0.1262;5990:0.8318/0.1682;6083:0.7794/0.2206;6186:0.876/0.124;6199:0.8346/0.1654;6303:0.9098/0.0902;6316:0.8781/0.1219;6419:0.9351/0.0649;6432:0.9114/0.0886;6505:0.8802/0.1198;6588:0.8399/0.1601;6692:0.913/0.087;6705:0.8823/0.1177;6808:0.9375/0.0625;6821:0.9146/0.0854;6914:0.8844/0.1156;6927:0.8453/0.1547;6970:0.8844/0.1156;6983:0.7928/0.2072;7026:0.8427/0.1573;7041:0.7928/0.2072;7144:0.8427/0.1573;7158:0.7928/0.2072;7261:0.8844/0.1156;7275:0.8453/0.1547;7378:0.9162/0.0838;7391:0.8865/0.1135;7495:0.9398/0.0602;7509:0.9177/0.0823;7522:0.8885/0.1115;7565:0.9177/0.0823;7578:0.8885/0.1115;7681:0.941/0.059;7695:0.9193/0.0807;7798:0.95/0.05;7811:0.9314/0.0686;7913:0.95/0.05;7926:0.9314/0.0686;8029:0.95/0.05;8042:0.9314/0.0686;8145:0.95/0.05;8158:0.9048/0.0952;8201:0.95/0.05;8214:0.9314/0.0686;8317:0.95/0.05;8330:0.9314/0.0686;8433:0.95/0.05;8446:0.9314/0.0686;8548:0.95/0.05;8561:0.9314/0.0686;8635:0.9065/0.0935;8738:0.95/0.05;8752:0.9314/0.0686;8855:0.95/0.05;8868:0.9314/0.0686;8881:0.9065/0.0935;8924:0.8738/0.1262;9027:0.9327/0.0673;9040:0.9082/0.0918;9143:0.95/0.05;9156:0.9314/0.0686;9249:0.9065/0.0935;9312:0.8738/0.1262;9415:0.9327/0.0673;9429:0.9082/0.0918;9532:0.95/0.05;9545:0.9048/0.0952;9588:0.95/0.05;9601:0.9314/0.0686;9694:0.9065/0.0935;9757:0.8738/0.1262;9841:0.8318/0.1682;9904:0.7794/0.2206;10007:0.876/0.124;10020:0.8346/0.1654;10114:0.7828/0.2172;10217:0.8782/0.1218;10231:0.8374/0.1626;10334:0.9115/0.0885;10347:0.8803/0.1197;10400:0.8401/0.1599;10503:0.9131/0.0869;10516:0.9363/0.0637;10529:0.913/0.087;10632:0.95/0.05;10646:0.9314/0.0686;10749:0.9065/0.0935;10842:0.8738/0.1262;10926:0.8318/0.1682;11029:0.9082/0.0918;11042:0.876/0.124;11145:0.9082/0.0918;11158:0.876/0.124;11262:0.9339/0.0661;11275:0.9098/0.0902;11328:0.8781/0.1219;11432:0.9351/0.0649;11445:0.9114/0.0886;11498:0.8802/0.1198;11551:0.8399/0.1601;11654:0.913/0.087;11667:0.8823/0.1177;11710:0.9375/0.0625;11723:0.9146/0.0854;11827:0.95/0.05;11840:0.9314/0.0686;11893:0.9065/0.0935;11946:0.8738/0.1262;12050:0.9327/0.0673;12063:0.9082/0.0918;12156:0.876/0.124;12259:0.9339/0.0661;12272:0.9098/0.0902;12335:0.8781/0.1219;12438:0.9351/0.0649;12451:0.9114/0.0886;12554:0.95/0.05;12567:0.9314/0.0686;12670:0.95/0.05;12683:0.9314/0.0686;12786:0.95/0.05;12799:0.9314/0.0686;12852:0.9065/0.0935;12906:0.8738/0.1262;13009:0.9327/0.0673;13022:0.9082/0.0918;13105:0.876/0.124;13208:0.9339/0.0661;13222:0.9098/0.0902;13295:0.8781/0.1219;13399:0.9351/0.0649;13412:0.9114/0.0886;13466:0.8802/0.1198;13519:0.8399/0.1601;13622:0.913/0.087;13635:0.8823/0.1177;13738:0.9375/0.0625;13751:0.9146/0.0854;13814:0.8844/0.1156;13918:0.9387/0.0613;13931:0.9162/0.0838;14014:0.8865/0.1135;14067:0.848/0.152;14150:0.7994/0.2006;14253:0.8885/0.1115;14266:0.8506/0.1494;14380:0.9193/0.0807;14394:0.8906/0.1094;14477:0.8533/0.1467;14541:0.806/0.194;14645:0.8926/0.1074;14659:0.8558/0.1442;14762:0.9223/0.0777;14776:0.8945/0.1055;14879:0.9443/0.0557;14892:0.9237/0.0763;14995:0.95/0.05;15008:0.9314/0.0686;15081:0.9065/0.0935;15134:0.8738/0.1262;15217:0.8318/0.1682;15321:0.9082/0.0918;15334:0.876/0.124;15437:0.9339/0.0661;15450:0.9098/0.0902;15523:0.8781/0.1219;15586:0.8373/0.1627;15689:0.9114/0.0886;15702:0.8802/0.1198;15805:0.8399/0.1601;15908:0.913/0.087;15931:0.8823/0.1177;16035:0.9375/0.0625;16048:0.9146/0.0854;16101:0.8844/0.1156;16204:0.9387/0.0613;16218:0.9162/0.0838;16322:0.95/0.05;16336:0.9314/0.0686;16389:0.9065/0.0935;16442:0.8738/0.1262;16515:0.8318/0.1682;16618:0.9082/0.0918;16631:0.876/0.124;16735:0.9339/0.0661;16748:0.9098/0.0902;16851:0.95/0.05;16865:0.9314/0.0686;16909:0.95/0.05;16922:0.9314/0.0686;16995:0.9065/0.0935;17049:0.8738/0.1262;17152:0.9327/0.0673;17166:0.9082/0.0918;17269:0.95/0.05;17282:0.9314/0.0686;17385:0.95/0.05;17398:0.9314/0.0686;17441:0.95/0.05;17454:0.9314/0.0686;17557:0.95/0.05;17570:0.9314/0.0686;17653:0.9065/0.0935;17706:0.8738/0.1262;17809:0.9327/0.0673;17822:0.9082/0.0918;17875:0.876/0.124;17978:0.9339/0.0661;17992:0.9098/0.0902;18055:0.8781/0.1219;18128:0.8373/0.1627;18231:0.9114/0.0886;18244:0.8802/0.1198;18347:0.9363/0.0637;18360:0.913/0.087;18403:0.95/0.05;18417:0.9314/0.0686;18520:0.95/0.05;18534:0.9314/0.0686;18587:0.9065/0.0935;18640:0.8738/0.1262;18693:0.8318/0.1682;18777:0.7794/0.2206;18880:0.876/0.124;18893:0.8346/0.1654;18997:0.9098/0.0902;19010:0.8781/0.1219;19113:0.9351/0.0649;19127:0.8781/0.1219;19170:0.9351/0.0649;19183:0.9114/0.0886;19246:0.8802/0.1198;19329:0.8399/0.1601;19432:0.913/0.087;19446:0.8823/0.1177;19549:0.9375/0.0625;19562:0.9146/0.0854;19665:0.95/0.05;19678:0.9314/0.0686;19782:0.95/0.05;19795:0.9314/0.0686;19868:0.9065/0.0935;19921:0.8738/0.1262,0,0,lbfs_Re800__jev4ack_async_r0,1.0,lbfs_Re800,0.91287220238889,2119.69
False,0,False,[],26.0,0.0,True,0,0,7.35,False,0.9,1.0,v4a,node177,,0,293,static,,0,,0,0,pitzDaily_U20__default,1.0,pitzDaily_U20,0.0033941731858955285,26.6
False,9.99,True,"[35, 47, 61, 66, 79, 118, 129, 236, 256, 309, 326]",25.0,0.0,True,30,0,11.02,False,0.9465,1.0,v4a,node061,,10,337,jev4,,11,10:0.9265/1.0;34:0.9464/1.0;46:0.9725/1.0;60:0.9861/1.0;70:0.9806/1.0;110:0.9861/1.0;120:0.9806/1.0;225:0.99/1.0;246:0.9802/1.0;299:0.9725/1.0;309:0.9465/1.0,0,0,pitzDaily_U20__jev4_async_r0,1.0,pitzDaily_U20,0.0003863987174872078,26.28
False,11.29,True,"[35, 46, 55, 63, 83, 90, 136, 178, 207, 215, 309, 318, 327]",26.0,0.0,True,34,0,12.5,False,0.9629,1.0,v4a,node176,,10,394,jev4,,13,10:0.9265/1.0;34:0.9464/1.0;45:0.9725/1.0;55:0.9861/1.0;75:0.99/1.0;85:0.9861/1.0;125:0.9806/1.0;169:0.9861/1.0;195:0.9726/1.0;206:0.9621/1.0;298:0.9807/1.0;308:0.9732/1.0;318:0.9629/1.0,0,0,pitzDaily_U20__jev4_async_r1,1.0,pitzDaily_U20,0.0004219198674488872,28.4
False,11.13,True,"[37, 54, 65, 76, 82, 91, 135, 146, 237, 248, 289, 300, 309, 358, 367]",24.0,0.0,True,35,0,13.05,False,0.9626,1.0,v4a,node179,,10,395,jev4,,15,10:0.9265/1.0;36:0.9464/1.0;53:0.9725/1.0;64:0.9861/1.0;75:0.99/1.0;85:0.9861/1.0;128:0.9806/1.0;138:0.973/1.0;229:0.9863/1.0;239:0.9809/1.0;279:0.99/1.0;289:0.9861/1.0;299:0.9806/1.0;339:0.973/1.0;357:0.9626/1.0,0,0,pitzDaily_U20__jev4_async_r2,1.0,pitzDaily_U20,0.0003588927456924932,25.06
True,6.0,True,"[38, 60, 80, 98, 117, 169]",11.0,0.0,True,20,0,8.57,False,0.9729,1.0,v4a,node179,,10,298,jev4,,6,10:0.9265/1.0;48:0.9618/1.0;70:0.9805/1.0;90:0.986/1.0;108:0.9805/1.0;157:0.9729/1.0,0,0,pitzDaily_U20__jev4ack_async_r0,1.0,pitzDaily_U20,0.00036777875939579714,12.51
True,3.85,True,"[34, 59, 77, 98, 115, 164, 186]",17.0,0.0,True,12,0,6.65,False,0.9472,1.0,v4a,node132,,10,209,jev4,,7,10:0.9265/1.0;44:0.9618/1.0;69:0.9805/1.0;87:0.986/1.0;108:0.9805/1.0;155:0.9729/1.0;174:0.9472/1.0,0,0,pitzDaily_U20__jev4ack_async_r1,1.0,pitzDaily_U20,0.0008192706188990489,17.76
True,8.97,True,"[35, 61, 82, 101, 118, 177, 263, 295]",23.0,0.0,True,29,0,12.93,False,0.973,1.0,v4a,node177,,10,403,jev4,,8,10:0.9265/1.0;45:0.9618/1.0;71:0.9805/1.0;92:0.986/1.0;111:0.9805/1.0;168:0.9729/1.0;250:0.9863/1.0;286:0.973/1.0,0,0,pitzDaily_U20__jev4ack_async_r2,1.0,pitzDaily_U20,0.0003541710391932626,24.66
False,0,False,[],12.0,0.0,True,0,0,6.29,False,0.9,1.0,v4a,node132,,0,282,static,,0,,0,0,pitzDaily__default,1.0,pitzDaily,0.003749531873565719,14.24
False,11.51,True,"[34, 69, 79, 86, 94, 139, 147, 198, 284]",19.0,0.0,True,36,0,13.06,False,0.973,1.0,v4a,node177,,10,400,jev4,,9,10:0.9265/1.0;54:0.9618/1.0;68:0.9805/1.0;78:0.99/1.0;88:0.9861/1.0;128:0.99/1.0;138:0.9861/1.0;190:0.9806/1.0;275:0.973/1.0,0,0,pitzDaily__jev4_async_r0,1.0,pitzDaily,0.00032322305184942496,19.93
False,8.43,True,"[36, 46, 54, 77, 96, 209]",15.0,0.0,True,26,0,10.47,False,0.973,1.0,v4a,node061,,10,286,jev4,,6,10:0.9265/1.0;35:0.9464/1.0;45:0.9725/1.0;70:0.9861/1.0;90:0.9806/1.0;202:0.973/1.0,0,0,pitzDaily__jev4_async_r1,1.0,pitzDaily,0.00028173133823260774,15.4
False,14.91,True,"[34, 45, 54, 62, 70, 126, 133, 146, 153, 200, 217, 274, 335, 356, 395, 407, 415]",21.0,0.0,True,45,0,16.79,False,0.9726,1.0,v4a,node176,,10,509,jev4,,17,10:0.9265/1.0;33:0.9464/1.0;44:0.9725/1.0;54:0.9861/1.0;64:0.9806/1.0;116:0.9861/1.0;126:0.99/1.0;136:0.9861/1.0;146:0.9806/1.0;188:0.99/1.0;209:0.9802/1.0;263:0.9725/1.0;325:0.9861/1.0;345:0.9806/1.0;385:0.99/1.0;395:0.9861/1.0;406:0.9726/1.0,0,0,pitzDaily__jev4_async_r2,1.0,pitzDaily,0.0003068578686416287,22.71
True,4.23,True,"[35, 57, 77, 95, 203]",9.0,0.0,True,15,0,6.82,False,0.986,1.0,v4a,node176,,10,219,jev4,,6,10:0.9265/1.0;45:0.9618/1.0;67:0.9805/1.0;87:0.9729/1.0;195:0.9805/1.0;213:0.986/1.0,0,0,pitzDaily__jev4ack_async_r0,1.0,pitzDaily,0.00039578863685135784,9.78
True,6.7,True,"[32, 52, 71, 90, 108, 210]",15.0,0.0,True,20,0,9.56,False,0.9729,1.0,v4a,node179,,10,290,jev4,,6,10:0.9265/1.0;42:0.9618/1.0;62:0.9805/1.0;81:0.986/1.0;100:0.9805/1.0;199:0.9729/1.0,0,0,pitzDaily__jev4ack_async_r1,1.0,pitzDaily,0.00027963538091805976,15.76
True,5.8,True,"[35, 58, 77, 98, 117, 203]",12.0,0.0,True,18,0,8.83,False,0.9729,1.0,v4a,node132,,10,274,jev4,,6,10:0.9265/1.0;45:0.9618/1.0;68:0.9805/1.0;87:0.986/1.0;108:0.9805/1.0;192:0.9729/1.0,0,0,pitzDaily__jev4ack_async_r2,1.0,pitzDaily,0.0003143664127481294,13.03
False,0,False,[],133.0,0.0,False,0,0,121.97,False,0.5,0.5,v4a,node177,,0,4000,static,,0,,0,0,pm_bfs_U25__default,1.0,pm_bfs_U25,0.10010289090590455,134.63
False,18.47,True,"[26, 34, 53, 93, 116, 217, 224, 329, 338, 439, 449, 548, 559, 573, 581, 589]",31.0,0.0,True,59,0,24.76,False,0.99,1.0,v4a,node061,,10,614,jev4,,16,10:0.5/1.0;25:0.5833/1.0;45:0.7368/1.0;83:0.8485/1.0;108:0.8/1.0;208:0.8889/1.0;218:0.8511/1.0;321:0.9196/1.0;331:0.8909/1.0;431:0.9423/1.0;441:0.921/1.0;541:0.9423/1.0;551:0.9703/1.0;561:0.9849/1.0;572:0.9892/1.0;582:0.99/1.0,0,0,pm_bfs_U25__jev4_async_r0,1.0,pm_bfs_U25,0.23361559210192007,32.41
False,16.64,True,"[25, 32, 44, 85, 92, 104, 142, 153, 194, 202, 211, 304, 312, 413, 421, 431, 441, 475]",28.0,0.0,True,53,0,21.8,False,0.9861,1.0,v4a,node176,,10,539,jev4,,18,10:0.5/1.0;24:0.5833/1.0;34:0.5/1.0;74:0.6667/1.0;84:0.8/1.0;94:0.7407/1.0;134:0.851/1.0;144:0.8031/1.0;184:0.8908/1.0;194:0.9422/1.0;204:0.9209/1.0;294:0.9588/1.0;304:0.9433/1.0;405:0.9588/1.0;415:0.979/1.0;425:0.9894/1.0;435:0.99/1.0;466:0.9861/1.0,0,0,pm_bfs_U25__jev4_async_r1,1.0,pm_bfs_U25,0.22987650406923163,29.57
False,16.02,True,"[27, 36, 43, 54, 94, 116, 123, 223, 236, 274, 283, 388, 395, 424, 444, 454]",32.0,0.0,True,53,0,21.1,False,0.9786,1.0,v4a,node179,,10,545,jev4,,16,10:0.5/1.0;26:0.5833/1.0;36:0.7368/1.0;46:0.5833/1.0;86:0.7368/1.0;106:0.8485/1.0;116:0.8/1.0;216:0.8889/1.0;226:0.8511/1.0;266:0.9196/1.0;276:0.8909/1.0;376:0.9196/1.0;387:0.9412/1.0;417:0.9697/1.0;437:0.9846/1.0;447:0.9786/1.0,0,0,pm_bfs_U25__jev4_async_r2,1.0,pm_bfs_U25,0.23132792297618343,33.07
True,11.81,True,"[25, 47, 67, 86, 116, 138, 243, 262, 360, 381, 400, 418]",27.0,0.0,True,36,0,19.63,False,0.9786,1.0,v4a,node179,,10,491,jev4,,12,10:0.5/1.0;35:0.6667/1.0;57:0.8/1.0;77:0.8889/1.0;106:0.918/1.0;126:0.8888/1.0;235:0.9411/1.0;253:0.9194/1.0;353:0.9411/1.0;370:0.9697/1.0;391:0.9846/1.0;410:0.9786/1.0,0,0,pm_bfs_U25__jev4ack_async_r0,1.0,pm_bfs_U25,0.230206937662257,27.62
True,14.33,True,"[26, 48, 67, 85, 112, 129, 222, 331, 349, 368, 475, 497, 595, 614, 638]",35.0,0.0,True,49,0,23.44,False,0.9782,1.0,v4a,node132,,10,644,jev4,,15,10:0.5/1.0;36:0.6667/1.0;58:0.8/1.0;77:0.8889/1.0;105:0.918/1.0;122:0.8888/1.0;214:0.8509/1.0;322:0.8888/1.0;341:0.918/1.0;359:0.8888/1.0;468:0.9411/1.0;485:0.9194/1.0;587:0.9411/1.0;605:0.9697/1.0;624:0.9782/1.0,0,0,pm_bfs_U25__jev4ack_async_r1,1.0,pm_bfs_U25,0.23292546060304123,37.01
True,14.47,True,"[28, 58, 91, 120, 139, 237, 253, 360, 376, 392, 409, 517, 536, 553]",35.0,0.0,True,47,0,26.43,False,0.9843,1.0,v4a,node177,,10,603,jev4,,14,10:0.5/1.0;48:0.6667/1.0;82:0.8/1.0;111:0.8485/1.0;130:0.8/1.0;230:0.8889/1.0;247:0.8511/1.0;353:0.9196/1.0;370:0.9412/1.0;386:0.9573/1.0;402:0.9412/1.0;509:0.9697/1.0;527:0.9782/1.0;546:0.9843/1.0,0,0,pm_bfs_U25__jev4ack_async_r2,1.0,pm_bfs_U25,0.2315300691520889,36.0
False,0,False,[],58.0,0.0,True,0,0,51.8,False,0.5,0.5,v4a,node061,,0,1701,static,,0,,0,0,pm_bfs_U35__default,1.0,pm_bfs_U35,0.071005023986199,59.1
False,16.42,True,"[28, 37, 66, 75, 117, 127, 137, 235, 265, 304, 327, 419, 438, 455, 466, 476]",26.0,0.0,True,54,0,22.09,False,0.9861,1.0,v4a,node176,,10,565,jev4,,16,10:0.5/1.0;27:0.5833/1.0;57:0.7368/1.0;67:0.6666/1.0;108:0.8/1.0;118:0.8889/1.0;128:0.8511/1.0;228:0.9196/1.0;258:0.8909/1.0;298:0.9423/1.0;308:0.921/1.0;409:0.9423/1.0;429:0.9703/1.0;449:0.9849/1.0;459:0.99/1.0;469:0.9861/1.0,0,0,pm_bfs_U35__jev4_async_r0,1.0,pm_bfs_U35,0.044379056634161494,28.3
False,18.78,True,"[27, 34, 47, 89, 96, 108, 149, 156, 165, 206, 220, 260, 275, 292, 397, 407, 510]",27.0,0.0,True,55,0,22.13,False,0.9849,1.0,v4a,node179,,10,576,jev4,,18,10:0.5/1.0;26:0.5833/1.0;36:0.5/1.0;76:0.6667/1.0;88:0.8/1.0;98:0.7407/1.0;138:0.851/1.0;148:0.8888/1.0;158:0.8509/1.0;198:0.9194/1.0;208:0.8907/1.0;252:0.9422/1.0;262:0.9702/1.0;284:0.9588/1.0;387:0.9702/1.0;397:0.9588/1.0;498:0.9702/1.0;574:0.9849/1.0,0,0,pm_bfs_U35__jev4_async_r1,1.0,pm_bfs_U35,0.04343562287056755,27.47
False,16.47,True,"[27, 34, 43, 84, 94, 140, 148, 161, 265, 276, 287, 295, 314, 416, 423, 525]",25.0,0.0,True,52,0,20.48,False,0.9786,1.0,v4a,node132,,10,545,jev4,,16,10:0.5/1.0;26:0.5833/1.0;36:0.5/1.0;76:0.6667/1.0;86:0.5883/1.0;126:0.7408/1.0;139:0.8511/1.0;149:0.8033/1.0;253:0.8511/1.0;264:0.9196/1.0;275:0.9581/1.0;286:0.9786/1.0;306:0.9703/1.0;407:0.9786/1.0;417:0.9703/1.0;517:0.9786/1.0,0,0,pm_bfs_U35__jev4_async_r2,1.0,pm_bfs_U35,0.04825795979518629,25.53
True,10.46,True,"[25, 44, 65, 85, 103, 121, 228, 246, 358, 415, 437, 455]",23.0,0.0,True,35,0,17.94,False,0.9777,1.0,v4a,node132,,10,471,jev4,,12,10:0.5/1.0;35:0.6667/1.0;54:0.8/1.0;75:0.8889/1.0;95:0.918/1.0;113:0.8888/1.0;221:0.9411/1.0;238:0.9194/1.0;346:0.9411/1.0;408:0.9572/1.0;425:0.9691/1.0;447:0.9777/1.0,0,0,pm_bfs_U35__jev4ack_async_r0,1.0,pm_bfs_U35,0.04508517472222654,24.23
True,16.84,True,"[29, 59, 89, 120, 140, 237, 275, 327, 348, 446, 465, 575, 593, 683, 703]",31.0,0.0,True,55,0,26.69,False,0.9846,1.0,v4a,node177,,10,708,jev4,,15,10:0.5/1.0;49:0.6667/1.0;79:0.8/1.0;109:0.8485/1.0;130:0.8/1.0;230:0.8889/1.0;267:0.8511/1.0;318:0.9196/1.0;337:0.8909/1.0;438:0.9196/1.0;456:0.8909/1.0;565:0.9423/1.0;585:0.9581/1.0;674:0.9786/1.0;693:0.9846/1.0,0,0,pm_bfs_U35__jev4ack_async_r1,1.0,pm_bfs_U35,0.03943769329315962,32.27
True,10.47,True,"[25, 45, 62, 89, 117, 135, 234, 251, 361, 409, 427, 445]",24.0,0.0,True,35,0,18.64,False,0.9843,1.0,v4a,node061,,10,461,jev4,,12,10:0.5/1.0;35:0.6667/1.0;55:0.8/1.0;82:0.8889/1.0;109:0.918/1.0;127:0.8888/1.0;227:0.9411/1.0;244:0.9194/1.0;352:0.9411/1.0;401:0.9697/1.0;419:0.9782/1.0;437:0.9843/1.0,0,0,pm_bfs_U35__jev4ack_async_r2,1.0,pm_bfs_U35,0.04522917341059562,25.07
False,0,False,[],74.0,0.0,True,0,0,59.79,False,0.5,0.5,v4a,node061,,0,1881,static,,0,,0,0,pm_bfs_U44__default,1.0,pm_bfs_U44,0.06510848380605032,79.36
False,19.94,True,"[31, 39, 49, 88, 97, 139, 153, 192, 200, 210, 249, 261, 304, 312, 321, 331, 375, 477, 488, 596, 603]",29.0,0.0,True,60,0,24.85,False,0.9691,1.0,v4a,node176,,10,627,jev4,,21,10:0.5/1.0;30:0.5833/1.0;40:0.5/1.0;80:0.6667/1.0;90:0.5/1.0;131:0.6667/1.0;141:0.5883/1.0;182:0.7408/1.0;192:0.8/1.0;202:0.7407/1.0;242:0.8/1.0;252:0.6667/1.0;292:0.7369/1.0;303:0.7968/1.0;313:0.8869/1.0;323:0.9401/1.0;367:0.9181/1.0;469:0.9573/1.0;479:0.9412/1.0;580:0.9573/1.0;595:0.9691/1.0,0,0,pm_bfs_U44__jev4_async_r0,1.0,pm_bfs_U44,0.04730102932726954,30.39
False,17.62,True,"[25, 40, 58, 88, 96, 199, 216, 252, 273, 282, 389, 402, 509, 515, 527, 538, 556, 568]",27.0,0.0,True,54,0,22.21,False,0.99,1.0,v4a,node179,,10,577,jev4,,18,10:0.5/1.0;24:0.5833/1.0;49:0.7368/1.0;79:0.8485/1.0;89:0.8/1.0;191:0.8485/1.0;201:0.7369/1.0;245:0.8485/1.0;265:0.918/1.0;275:0.8888/1.0;380:0.9411/1.0;390:0.9194/1.0;491:0.9411/1.0;508:0.9572/1.0;518:0.9691/1.0;528:0.9777/1.0;548:0.9887/1.0;558:0.99/1.0,0,0,pm_bfs_U44__jev4_async_r1,1.0,pm_bfs_U44,0.043430589511783926,28.86
False,15.21,True,"[27, 36, 55, 74, 119, 139, 147, 252, 257, 280, 380, 389, 490, 500, 509]",43.0,0.0,True,51,0,19.8,False,0.9782,1.0,v4a,node132,,10,525,jev4,,15,10:0.5/1.0;26:0.5833/1.0;46:0.7368/1.0;66:0.6666/1.0;110:0.7368/1.0;130:0.8485/1.0;140:0.8/1.0;240:0.8889/1.0;251:0.9412/1.0;271:0.9196/1.0;371:0.9581/1.0;381:0.9423/1.0;481:0.9581/1.0;491:0.9697/1.0;501:0.9782/1.0,0,0,pm_bfs_U44__jev4_async_r2,1.0,pm_bfs_U44,0.046582225233041626,43.85
True,11.78,True,"[27, 48, 67, 88, 115, 133, 243, 265, 314, 334, 433, 470, 488, 506, 524]",42.0,0.0,True,39,0,19.91,False,0.9887,1.0,v4a,node132,,10,539,jev4,,15,10:0.5/1.0;37:0.5833/1.0;58:0.7368/1.0;77:0.8485/1.0;108:0.8869/1.0;125:0.8485/1.0;234:0.918/1.0;253:0.8888/1.0;307:0.9411/1.0;324:0.9194/1.0;424:0.9411/1.0;463:0.9697/1.0;480:0.9782/1.0;498:0.9843/1.0;516:0.9887/1.0,0,0,pm_bfs_U44__jev4ack_async_r0,1.0,pm_bfs_U44,0.043562187793793866,43.5
True,17.16,True,"[26, 45, 64, 115, 132, 151, 170, 274, 292, 401, 418, 532, 551, 656, 675]",32.0,0.0,True,53,0,26.68,False,0.9565,1.0,v4a,node177,,10,692,jev4,,15,10:0.5/1.0;36:0.5833/1.0;55:0.7368/1.0;107:0.7967/1.0;125:0.8458/1.0;142:0.8848/1.0;161:0.8458/1.0;263:0.9165/1.0;284:0.8869/1.0;392:0.9165/1.0;411:0.8869/1.0;519:0.9401/1.0;542:0.9181/1.0;645:0.9401/1.0;666:0.9565/1.0,0,0,pm_bfs_U44__jev4ack_async_r1,1.0,pm_bfs_U44,0.03599023235771182,33.07
True,14.49,True,"[27, 48, 65, 83, 121, 144, 245, 261, 368, 385, 407, 504, 521, 538]",29.0,0.0,True,43,0,23.29,False,0.9843,1.0,v4a,node061,,10,570,jev4,,14,10:0.5/1.0;37:0.5833/1.0;58:0.7368/1.0;75:0.8485/1.0;113:0.8869/1.0;131:0.8485/1.0;236:0.918/1.0;255:0.8888/1.0;357:0.9411/1.0;378:0.9572/1.0;395:0.9411/1.0;497:0.9697/1.0;514:0.9782/1.0;531:0.9843/1.0,0,0,pm_bfs_U44__jev4ack_async_r2,1.0,pm_bfs_U44,0.040953645806461325,30.09
False,0,False,[],56.0,0.0,True,0,0,50.05,False,0.5,0.5,v4a,node176,,0,1595,static,,0,,0,0,pm_bfs_U50__default,1.0,pm_bfs_U50,0.0770581009741751,60.3
False,13.94,True,"[28, 50, 61, 68, 78, 97, 197, 210, 248, 259, 362, 369, 379, 408, 426]",20.0,0.0,True,44,0,17.72,False,0.99,1.0,v4a,node179,,10,461,jev4,,15,10:0.5/1.0;37:0.5833/1.0;49:0.7368/1.0;60:0.8485/1.0;70:0.918/1.0;90:0.8888/1.0;190:0.9411/1.0;200:0.9194/1.0;240:0.958/1.0;250:0.9422/1.0;350:0.958/1.0;361:0.9696/1.0;371:0.9846/1.0;401:0.989/1.0;411:0.99/1.0,0,0,pm_bfs_U50__jev4_async_r0,1.0,pm_bfs_U50,0.04187659297323005,21.29
False,14.0,True,"[25, 33, 54, 62, 94, 115, 215, 224, 232, 241, 262, 271, 377]",22.0,0.0,True,47,0,17.96,False,0.99,1.0,v4a,node132,,10,484,jev4,,13,10:0.5/1.0;24:0.5833/1.0;44:0.7368/1.0;54:0.8485/1.0;84:0.918/1.0;104:0.8888/1.0;204:0.9411/1.0;214:0.9572/1.0;224:0.9691/1.0;234:0.9843/1.0;254:0.99/1.0;264:0.9861/1.0;367:0.99/1.0,0,0,pm_bfs_U50__jev4_async_r1,1.0,pm_bfs_U50,0.03685760383647619,23.68
False,15.16,True,"[27, 36, 54, 84, 94, 194, 206, 245, 255, 266, 274, 374, 383, 393, 493, 504]",75.0,0.0,True,56,0,20.9,False,0.99,1.0,v4a,node177,,10,576,jev4,,16,10:0.5/1.0;26:0.5833/1.0;46:0.7368/1.0;76:0.8485/1.0;86:0.8/1.0;186:0.8485/1.0;196:0.7369/1.0;236:0.8485/1.0;246:0.918/1.0;256:0.9572/1.0;266:0.9411/1.0;366:0.9697/1.0;376:0.9846/1.0;386:0.9786/1.0;486:0.9846/1.0;496:0.99/1.0,0,0,pm_bfs_U50__jev4_async_r2,1.0,pm_bfs_U50,0.036312973898075376,76.04
True,10.82,True,"[33, 53, 72, 100, 120, 138, 241, 271, 321, 339, 357, 465, 484, 501]",71.0,0.0,True,37,0,17.91,False,0.9843,1.0,v4a,node177,,10,517,jev4,,14,10:0.5/1.0;43:0.6667/1.0;63:0.8/1.0;93:0.8485/1.0;110:0.8869/1.0;130:0.8485/1.0;231:0.918/1.0;261:0.8888/1.0;312:0.9411/1.0;331:0.9697/1.0;349:0.9581/1.0;457:0.9697/1.0;475:0.9782/1.0;494:0.9843/1.0,0,0,pm_bfs_U50__jev4ack_async_r0,1.0,pm_bfs_U50,0.04221766628962135,71.93
True,12.41,True,"[28, 62, 79, 97, 118, 216, 232, 251, 272, 371, 389, 406, 510]",23.0,0.0,True,39,0,21.38,False,0.9782,1.0,v4a,node061,,10,528,jev4,,13,10:0.5/1.0;49:0.6667/1.0;72:0.8/1.0;89:0.8485/1.0;107:0.8/1.0;208:0.8485/1.0;226:0.918/1.0;242:0.9572/1.0;261:0.9411/1.0;362:0.9697/1.0;381:0.9782/1.0;399:0.9697/1.0;499:0.9782/1.0,0,0,pm_bfs_U50__jev4ack_async_r1,1.0,pm_bfs_U50,0.04306069910088538,24.81
True,12.79,True,"[25, 44, 62, 92, 119, 138, 246, 266, 283, 350, 452, 469, 486, 504]",26.0,0.0,True,42,0,22.35,False,0.9843,1.0,v4a,node176,,10,548,jev4,,14,10:0.5/1.0;35:0.5833/1.0;54:0.7368/1.0;82:0.8485/1.0;112:0.8869/1.0;129:0.8485/1.0;238:0.918/1.0;256:0.9572/1.0;276:0.9411/1.0;343:0.9194/1.0;445:0.9411/1.0;462:0.9697/1.0;479:0.9782/1.0;496:0.9843/1.0,0,0,pm_bfs_U50__jev4ack_async_r2,1.0,pm_bfs_U50,0.039675202573621844,26.86
False,0,False,[],58.0,0.0,True,0,0,51.23,False,0.5,0.5,v4a,node176,,0,1638,static,,0,,0,0,pm_bfs_U65__default,1.0,pm_bfs_U65,0.07945494832184584,62.79
False,18.97,True,"[25, 56, 63, 74, 113, 125, 164, 175, 193, 205, 326, 333, 432, 441, 545]",31.0,0.0,True,60,0,25.32,False,0.9581,1.0,v4a,node179,,10,615,jev4,,15,10:0.5/1.0;45:0.6667/1.0;55:0.8/1.0;65:0.6667/1.0;105:0.8/1.0;115:0.7407/1.0;155:0.8/1.0;165:0.8889/1.0;185:0.9412/1.0;195:0.9196/1.0;315:0.9581/1.0;325:0.9423/1.0;425:0.9581/1.0;435:0.9423/1.0;537:0.9581/1.0,0,0,pm_bfs_U65__jev4_async_r0,1.0,pm_bfs_U65,0.03276609505811165,32.58
False,15.21,True,"[28, 47, 55, 95, 133, 144, 151, 163, 262, 272, 372, 380, 480]",25.0,0.0,True,47,0,20.62,False,0.958,1.0,v4a,node132,,10,516,jev4,,13,10:0.5/1.0;37:0.6667/1.0;47:0.8/1.0;57:0.7407/1.0;124:0.8/1.0;134:0.8889/1.0;144:0.918/1.0;154:0.8888/1.0;254:0.9411/1.0;264:0.9194/1.0;364:0.958/1.0;374:0.9422/1.0;474:0.958/1.0,0,0,pm_bfs_U65__jev4_async_r1,1.0,pm_bfs_U65,0.039415818460221665,26.82
False,19.47,True,"[28, 45, 57, 107, 115, 124, 165, 176, 218, 226, 236, 337, 347, 445, 454, 556, 565, 666, 678, 684, 695, 705]",134.0,0.0,True,71,0,25.31,False,0.99,1.0,v4a,node177,,10,720,jev4,,22,10:0.5/1.0;37:0.6667/1.0;47:0.5883/1.0;97:0.6667/1.0;107:0.7369/1.0;117:0.6667/1.0;157:0.7369/1.0;167:0.5834/1.0;207:0.7369/1.0;217:0.8485/1.0;227:0.8/1.0;327:0.8889/1.0;337:0.8511/1.0;437:0.9196/1.0;447:0.8909/1.0;547:0.9196/1.0;557:0.8909/1.0;657:0.9196/1.0;667:0.9581/1.0;677:0.9786/1.0;687:0.9892/1.0;697:0.99/1.0,0,0,pm_bfs_U65__jev4_async_r2,1.0,pm_bfs_U65,0.036655199835822605,135.44
True,11.62,True,"[25, 54, 82, 100, 118, 136, 243, 262, 279, 387, 404, 511]",129.0,0.0,True,42,0,20.23,False,0.9697,1.0,v4a,node177,,10,527,jev4,,12,10:0.5/1.0;45:0.6667/1.0;74:0.8/1.0;92:0.8889/1.0;110:0.918/1.0;128:0.8888/1.0;236:0.9411/1.0;253:0.9697/1.0;272:0.9581/1.0;379:0.9697/1.0;397:0.9581/1.0;504:0.9697/1.0,0,0,pm_bfs_U65__jev4ack_async_r0,1.0,pm_bfs_U65,0.036049052670760584,130.29
True,15.26,True,"[59, 78, 112, 129, 147, 164, 188, 287, 307, 404, 420, 437, 526]",28.0,0.0,True,45,0,24.83,False,0.9412,1.0,v4a,node061,,10,615,jev4,,13,10:0.5/1.0;69:0.6667/1.0;98:0.7369/1.0;122:0.8485/1.0;139:0.8869/1.0;157:0.9165/1.0;174:0.8869/1.0;281:0.9401/1.0;297:0.9181/1.0;397:0.9573/1.0;414:0.9691/1.0;430:0.9573/1.0;517:0.9412/1.0,0,0,pm_bfs_U65__jev4ack_async_r1,1.0,pm_bfs_U65,0.033409111022133696,29.09
True,13.62,True,"[25, 54, 82, 100, 117, 134, 234, 252, 268, 377, 394, 506]",27.0,0.0,True,42,0,21.78,False,0.9697,1.0,v4a,node176,,10,534,jev4,,12,10:0.5/1.0;45:0.6667/1.0;74:0.8/1.0;92:0.8889/1.0;110:0.918/1.0;127:0.8888/1.0;227:0.918/1.0;244:0.9572/1.0;262:0.9411/1.0;368:0.9697/1.0;387:0.9581/1.0;494:0.9697/1.0,0,0,pm_bfs_U65__jev4ack_async_r2,1.0,pm_bfs_U65,0.0358518531212837,27.9
False,0,False,[],60.0,0.0,True,0,0,48.48,False,0.5,0.5,v4a,node179,,0,1604,static,,0,,0,0,pm_bfs_U75__default,1.0,pm_bfs_U75,0.08532703738702989,61.01
False,16.66,True,"[30, 48, 70, 80, 98, 199, 209, 249, 262, 278, 288, 297, 399, 410, 449, 460, 558]",31.0,0.0,True,54,0,22.11,False,0.9846,1.0,v4a,node132,,10,558,jev4,,17,10:0.5/1.0;39:0.6667/1.0;59:0.8/1.0;69:0.8889/1.0;89:0.8511/1.0;191:0.8889/1.0;201:0.8/1.0;241:0.8485/1.0;251:0.918/1.0;271:0.9572/1.0;281:0.9781/1.0;291:0.9696/1.0;391:0.9846/1.0;401:0.9786/1.0;441:0.9846/1.0;451:0.9786/1.0;551:0.9846/1.0,0,0,pm_bfs_U75__jev4_async_r0,1.0,pm_bfs_U75,0.031832810341480895,32.02
False,16.65,True,"[27, 57, 66, 117, 127, 167, 186, 197, 237, 247, 296, 303, 408, 418, 424, 434, 535]",28.0,0.0,True,54,0,22.0,False,0.9781,1.0,v4a,node177,,10,565,jev4,,17,10:0.5/1.0;46:0.6667/1.0;56:0.8/1.0;109:0.8485/1.0;119:0.8/1.0;159:0.8485/1.0;179:0.918/1.0;189:0.8888/1.0;229:0.918/1.0;239:0.8888/1.0;287:0.9411/1.0;297:0.9194/1.0;397:0.958/1.0;407:0.9696/1.0;417:0.9781/1.0;427:0.9696/1.0;527:0.9781/1.0,0,0,pm_bfs_U75__jev4_async_r1,1.0,pm_bfs_U75,0.03413453059926228,29.01
False,17.01,True,"[25, 52, 62, 104, 115, 121, 135, 174, 180, 281, 292, 302, 315, 411, 424, 522, 532]",30.0,0.0,True,57,0,23.67,False,0.9581,1.0,v4a,node061,,10,584,jev4,,17,10:0.5/1.0;44:0.6667/1.0;54:0.5883/1.0;94:0.6667/1.0;104:0.8/1.0;114:0.8485/1.0;124:0.8/1.0;164:0.8485/1.0;174:0.8/1.0;274:0.8485/1.0;284:0.918/1.0;294:0.9572/1.0;304:0.9411/1.0;405:0.9697/1.0;415:0.9581/1.0;515:0.9697/1.0;525:0.9581/1.0,0,0,pm_bfs_U75__jev4_async_r2,1.0,pm_bfs_U75,0.03660733818462769,30.68
True,13.7,True,"[26, 54, 80, 102, 120, 220, 239, 257, 284, 392, 410, 521, 540, 557]",33.0,0.0,True,44,0,23.11,False,0.9843,1.0,v4a,node061,,10,570,jev4,,14,10:0.5/1.0;47:0.6667/1.0;74:0.8/1.0;90:0.8485/1.0;112:0.8/1.0;212:0.8485/1.0;230:0.8869/1.0;249:0.9401/1.0;277:0.9181/1.0;384:0.9573/1.0;402:0.9412/1.0;510:0.9697/1.0;531:0.9782/1.0;550:0.9843/1.0,0,0,pm_bfs_U75__jev4ack_async_r0,1.0,pm_bfs_U75,0.03499804861530315,33.18
True,14.01,True,"[28, 46, 64, 93, 117, 214, 234, 252, 269, 296, 349, 377, 478, 497, 525, 542]",30.0,0.0,True,42,0,23.6,False,0.9777,1.0,v4a,node176,,10,575,jev4,,16,10:0.5/1.0;38:0.6667/1.0;56:0.8/1.0;84:0.8485/1.0;103:0.8/1.0;207:0.8485/1.0;224:0.8869/1.0;244:0.9401/1.0;262:0.9181/1.0;289:0.889/1.0;342:0.9181/1.0;369:0.889/1.0;470:0.9181/1.0;488:0.9401/1.0;517:0.9691/1.0;535:0.9777/1.0,0,0,pm_bfs_U75__jev4ack_async_r1,1.0,pm_bfs_U75,0.034989288928523286,30.92
True,13.32,True,"[28, 47, 66, 97, 116, 220, 237, 259, 292, 310, 369, 479, 496, 513]",27.0,0.0,True,39,0,21.27,False,0.9843,1.0,v4a,node179,,10,543,jev4,,14,10:0.5/1.0;38:0.6667/1.0;57:0.8/1.0;86:0.8485/1.0;107:0.8/1.0;209:0.8485/1.0;230:0.918/1.0;247:0.9572/1.0;279:0.9781/1.0;302:0.9696/1.0;360:0.958/1.0;469:0.9696/1.0;489:0.9781/1.0;506:0.9843/1.0,0,0,pm_bfs_U75__jev4ack_async_r2,1.0,pm_bfs_U75,0.033613962816632335,28.02
False,0,False,[],57.0,0.0,True,0,0,56.33,False,0.7,0.3,v4aheld2,node179,,0,3427,static,,0,,0,0,cavity_Re250__default,1.0,cavity_Re250,0.0007804373014589553,63.21
False,16.11,True,"[47, 69, 87, 100, 134, 234]",17.0,0.0,True,57,0,16.44,False,0.95,0.05,v4aheld2,node132,,10,679,jev4,,6,11:0.7656/0.2344;46:0.8206/0.1794;68:0.9015/0.0985;86:0.9482/0.0518;121:0.929/0.071;221:0.95/0.05,0,0,cavity_Re250__jev4_async_r0,1.0,cavity_Re250,0.0008995204432275494,18.85
False,16.54,True,"[47, 62, 78, 91, 104, 115, 221]",18.0,0.0,True,57,0,16.94,False,0.95,0.05,v4aheld2,node177,,10,668,jev4,,7,10:0.7656/0.2344;46:0.8206/0.1794;61:0.9015/0.0985;77:0.9482/0.0518;90:0.95/0.05;103:0.9314/0.0686;208:0.95/0.05,0,0,cavity_Re250__jev4_async_r1,1.0,cavity_Re250,0.0008996029132143252,19.32
False,17.12,True,"[43, 68, 82, 98, 109, 129, 236, 247, 297]",18.0,0.0,True,60,0,17.62,False,0.95,0.05,v4aheld2,node061,,10,689,jev4,,9,10:0.7656/0.2344;53:0.8672/0.1328;67:0.9014/0.0986;81:0.9275/0.0725;97:0.95/0.05;118:0.9314/0.0686;227:0.95/0.05;237:0.9314/0.0686;280:0.95/0.05,0,0,cavity_Re250__jev4_async_r2,1.0,cavity_Re250,0.0008995285227768544,19.43
True,16.84,True,"[44, 86, 128, 163, 199, 302, 334, 356, 466]",20.0,0.0,True,59,0,19.6,False,0.95,0.05,v4aheld2,node061,,10,785,jev4,,9,10:0.7656/0.2344;71:0.8206/0.1794;111:0.9015/0.0985;150:0.9276/0.0724;185:0.9015/0.0985;290:0.9482/0.0518;323:0.95/0.05;344:0.9314/0.0686;453:0.95/0.05,0,0,cavity_Re250__jev4ack_async_r0,1.0,cavity_Re250,0.0008995897891336651,21.43
True,16.7,True,"[45, 85, 125, 150, 256, 278, 348, 395, 415, 475, 535, 556]",20.0,0.0,True,58,0,20.02,False,0.95,0.05,v4aheld2,node176,,10,836,jev4,,12,10:0.7656/0.2344;68:0.8672/0.1328;107:0.9289/0.0711;135:0.9032/0.0968;241:0.9289/0.0711;266:0.9032/0.0968;331:0.9289/0.0711;379:0.9482/0.0518;405:0.9015/0.0985;463:0.9276/0.0724;519:0.9472/0.0528;545:0.95/0.05,0,0,cavity_Re250__jev4ack_async_r1,1.0,cavity_Re250,0.0008995441191409687,21.93
True,16.08,True,"[45, 87, 127, 152, 258, 280, 346, 388, 408, 512, 587]",20.0,0.0,True,58,0,19.2,False,0.95,0.05,v4aheld2,node179,,10,818,jev4,,11,10:0.7656/0.2344;70:0.8672/0.1328;113:0.9289/0.0711;137:0.9032/0.0968;246:0.9289/0.0711;268:0.9032/0.0968;330:0.9289/0.0711;378:0.9482/0.0518;398:0.929/0.071;501:0.9482/0.0518;575:0.95/0.05,0,0,cavity_Re250__jev4ack_async_r2,1.0,cavity_Re250,0.000899622583528467,21.62
False,0,False,[],556.0,0.0,True,0,0,548.44,False,0.7,0.3,v4aheld2,node176,,0,4878,static,,0,,0,0,lbfs_Re500__default,1.0,lbfs_Re500,0.0004382466527410814,558.15
False,549.31,True,"[31, 76, 103, 113, 213, 223, 232, 243, 303, 403, 413, 493, 593, 603, 663, 763, 773, 813, 823, 863, 872, 933, 1033, 1043, 1083, 1093, 1135, 1144, 1253, 1263, 1303, 1313, 1352, 1363, 1462, 1473, 1513, 1523, 1563, 1573, 1613, 1623, 1663, 1672, 1713, 1723, 1763, 1772, 1813, 1823, 1863, 1873, 1913, 1923, 1963, 1973, 2013, 2023, 2063, 2073, 2113, 2122, 2163, 2173, 2213, 2223, 2263, 2273, 2313, 2323, 2363, 2373, 2413, 2422, 2433, 2473, 2483, 2523, 2533, 2573, 2582, 2623, 2633, 2674, 2683, 2722, 2733, 2773, 2782, 2823, 2833, 2873, 2883, 2924, 2932, 3033, 3042, 3083, 3093, 3133, 3143, 3183, 3192, 3233, 3243, 3283, 3293, 3333, 3343, 3383, 3393, 3433, 3443, 3483, 3493, 3533, 3543, 3583, 3593, 3633, 3643, 3683, 3693, 3733, 3743, 3783, 3793, 3833, 3843, 3883, 3893, 3933, 3943, 3983, 3993, 4033, 4043, 4083, 4093, 4133, 4143, 4183, 4193, 4233, 4243, 4283, 4293, 4333, 4342, 4393, 4493, 4503, 4544, 4554, 4593, 4603, 4643, 4653, 4693, 4703, 4743, 4753, 4793, 4803, 4843, 4854, 4893, 4903, 4943, 4953, 4994, 5003, 5043, 5052, 5093, 5103, 5143, 5153, 5193, 5203, 5243, 5253, 5293, 5303, 5343, 5353, 5393, 5403, 5443, 5453, 5493, 5503, 5544, 5553, 5593, 5603, 5643, 5653, 5693, 5703, 5743, 5753, 5793, 5803, 5843, 5853, 5893, 5903, 5943, 5953, 5994, 6003, 6043, 6053, 6093, 6103, 6143, 6153, 6193, 6203, 6243, 6253, 6293, 6302, 6343, 6353, 6393, 6403, 6443, 6453, 6493, 6503, 6543, 6553, 6593, 6603, 6643, 6653, 6693, 6743, 6843, 6853, 6893, 6903, 6943, 6953, 6993, 7003, 7043, 7053, 7093, 7103, 7143, 7153, 7193, 7203, 7243, 7253, 7353, 7363, 7403, 7413, 7453, 7463, 7503, 7513, 7553, 7563, 7603, 7613, 7653, 7663, 7704, 7713, 7753, 7762, 7773, 7813, 7823, 7863, 7873, 7913, 7923, 7963, 7973, 8013, 8023, 8063, 8073, 8113, 8123, 8163, 8173, 8213, 8223, 8263, 8273, 8313, 8323, 8363, 8373, 8413, 8423, 8463, 8473, 8513, 8523, 8563, 8573, 8613, 8623, 8663, 8673, 8714, 8723, 8763, 8773, 8853, 8903, 9003, 9013, 9053, 9063, 9103, 9113, 9154, 9164, 9203, 9213, 9253, 9263, 9303, 9313, 9354, 9363, 9403, 9413, 9454, 9462, 9503, 9513, 9553, 9563, 9603, 9613, 9714, 9723, 9764, 9773, 9814, 9823, 9863, 9873, 9913, 9923, 9963, 9973, 10013, 10023, 10063, 10073, 10113, 10122, 10163, 10173, 10213, 10223, 10263, 10273, 10313, 10323, 10363, 10373, 10473, 10483, 10523, 10533, 10573, 10583, 10623, 10633, 10673, 10683, 10724, 10734, 10773, 10783, 10823, 10833, 10873, 10883, 10923, 10933, 10973, 10983, 11023, 11033, 11073, 11083, 11124, 11133, 11174, 11183, 11223, 11233, 11274, 11283, 11323, 11333, 11373, 11383, 11423, 11433, 11473, 11483, 11523, 11533, 11573, 11583, 11623, 11633, 11673, 11683, 11723, 11733, 11773, 11783, 11823, 11833, 11873, 11883, 11923, 11933, 11983, 12033, 12133, 12143, 12183, 12193, 12243, 12343, 12353, 12393, 12403, 12443, 12453, 12494, 12503, 12543, 12553, 12623, 12723, 12733, 12773, 12783, 12822, 12833, 12933, 12943, 12983, 12993, 13033, 13043, 13083, 13093, 13133, 13143, 13183, 13193, 13233, 13243, 13283, 13293, 13333, 13343, 13383, 13393, 13433, 13443, 13483, 13493, 13533, 13543, 13583, 13593, 13633, 13643, 13683, 13693, 13733, 13743, 13783, 13793, 13833, 13843, 13883, 13893, 13934, 13943, 13983, 13993, 14033, 14043, 14083, 14093, 14133, 14143, 14183, 14193, 14233, 14243, 14283, 14383, 14393, 14433, 14443, 14485, 14493, 14593, 14603, 14703, 14713, 14753, 14763, 14803, 14813, 14853, 14863, 14903, 14913, 14953, 14963, 15003, 15013, 15053, 15063, 15103, 15113, 15153, 15163, 15203, 15213, 15253, 15263, 15303, 15313, 15353, 15363, 15403, 15413, 15453, 15463, 15503, 15513, 15553, 15563, 15603, 15613, 15653, 15663, 15703, 15713, 15753, 15763, 15803, 15813, 15854, 15863, 15963, 15973, 16013, 16023, 16063, 16073, 16113, 16123, 16163, 16173, 16213, 16223, 16263, 16273, 16313, 16323, 16363, 16373, 16413, 16423, 16464, 16474, 16513, 16523, 16563, 16573, 16614, 16623, 16663, 16672, 16713, 16723, 16763, 16773, 16813, 16823, 16863, 16873, 16913, 16923, 16963, 16973, 17013, 17023, 17063, 17074, 17113, 17123, 17163, 17173, 17213, 17223, 17263, 17272, 17313, 17323, 17363, 17373, 17413, 17423, 17463, 17473, 17513, 17523, 17563, 17573, 17614, 17623, 17663, 17673, 17713, 17723, 17763, 17773, 17813, 17823, 17863, 17873, 17913, 17923, 17963, 17973, 18013, 18023, 18063, 18073, 18113, 18123, 18164, 18173, 18213, 18263, 18363, 18373, 18413, 18423, 18463, 18473, 18513, 18523, 18563, 18573, 18613, 18623, 18663, 18673, 18713, 18723, 18763, 18773, 18813, 18823, 18863, 18873, 18913, 18923, 18963, 18973, 19013, 19022, 19033, 19074, 19083, 19123, 19133, 19173, 19183, 19224, 19233, 19273, 19283, 19323, 19333, 19373, 19383, 19423, 19433, 19474, 19483, 19523, 19533, 19574, 19583, 19623, 19633, 19673, 19683, 19723, 19732, 19773, 19783, 19823, 19833, 19873, 19883, 19923, 19933, 19973, 19983]",2278.0,0.0,False,2000,0,2262.99,False,0.9048,0.0952,v4aheld2,node179,,10,20000,jev4,,727,30:0.5385/0.4615;70:0.7/0.3;100:0.8235/0.1765;110:0.7692/0.2308;210:0.8695/0.1305;220:0.9032/0.0968;230:0.9289/0.0711;240:0.9032/0.0968;300:0.8695/0.1305;400:0.9302/0.0698;410:0.9049/0.0951;490:0.8717/0.1283;590:0.9315/0.0685;600:0.9067/0.0933;660:0.8741/0.1259;760:0.9328/0.0672;770:0.8741/0.1259;810:0.9328/0.0672;820:0.8741/0.1259;860:0.9328/0.0672;870:0.9084/0.0916;930:0.8763/0.1237;1030:0.9341/0.0659;1040:0.8763/0.1237;1080:0.9341/0.0659;1090:0.8763/0.1237;1130:0.9341/0.0659;1140:0.9101/0.0899;1250:0.95/0.05;1260:0.9048/0.0952;1300:0.95/0.05;1310:0.9048/0.0952;1350:0.95/0.05;1360:0.9314/0.0686;1460:0.95/0.05;1470:0.9314/0.0686;1510:0.95/0.05;1520:0.9048/0.0952;1560:0.95/0.05;1570:0.9048/0.0952;1610:0.95/0.05;1620:0.9048/0.0952;1660:0.95/0.05;1670:0.9048/0.0952;1710:0.95/0.05;1720:0.9048/0.0952;1760:0.95/0.05;1770:0.9048/0.0952;1810:0.95/0.05;1820:0.9048/0.0952;1860:0.95/0.05;1870:0.9048/0.0952;1910:0.95/0.05;1920:0.9048/0.0952;1960:0.95/0.05;1970:0.9048/0.0952;2010:0.95/0.05;2020:0.9048/0.0952;2060:0.95/0.05;2070:0.9048/0.0952;2110:0.95/0.05;2120:0.9048/0.0952;2160:0.95/0.05;2170:0.9048/0.0952;2210:0.95/0.05;2220:0.9048/0.0952;2260:0.95/0.05;2270:0.9048/0.0952;2310:0.95/0.05;2320:0.9048/0.0952;2360:0.95/0.05;2370:0.9048/0.0952;2410:0.95/0.05;2420:0.9314/0.0686;2430:0.9065/0.0935;2470:0.95/0.05;2480:0.9048/0.0952;2520:0.95/0.05;2530:0.9048/0.0952;2570:0.95/0.05;2580:0.9048/0.0952;2620:0.95/0.05;2630:0.9048/0.0952;2670:0.95/0.05;2680:0.9048/0.0952;2720:0.95/0.05;2730:0.9048/0.0952;2770:0.95/0.05;2780:0.9048/0.0952;2820:0.95/0.05;2830:0.9048/0.0952;2870:0.95/0.05;2880:0.9048/0.0952;2920:0.95/0.05;2930:0.9314/0.0686;3030:0.95/0.05;3040:0.9048/0.0952;3080:0.95/0.05;3090:0.9048/0.0952;3130:0.95/0.05;3140:0.9048/0.0952;3180:0.95/0.05;3190:0.9048/0.0952;3230:0.95/0.05;3240:0.9048/0.0952;3280:0.95/0.05;3290:0.9048/0.0952;3330:0.95/0.05;3340:0.9048/0.0952;3380:0.95/0.05;3390:0.9048/0.0952;3430:0.95/0.05;3440:0.9048/0.0952;3480:0.95/0.05;3490:0.9048/0.0952;3530:0.95/0.05;3540:0.9048/0.0952;3580:0.95/0.05;3590:0.9314/0.0686;3630:0.95/0.05;3640:0.9048/0.0952;3680:0.95/0.05;3690:0.9048/0.0952;3730:0.95/0.05;3740:0.9048/0.0952;3780:0.95/0.05;3790:0.9048/0.0952;3830:0.95/0.05;3840:0.9048/0.0952;3880:0.95/0.05;3890:0.9048/0.0952;3930:0.95/0.05;3940:0.9048/0.0952;3980:0.95/0.05;3990:0.9048/0.0952;4030:0.95/0.05;4040:0.9048/0.0952;4080:0.95/0.05;4090:0.9048/0.0952;4130:0.95/0.05;4140:0.9048/0.0952;4180:0.95/0.05;4190:0.9048/0.0952;4230:0.95/0.05;4240:0.9048/0.0952;4280:0.95/0.05;4290:0.9314/0.0686;4330:0.95/0.05;4340:0.9314/0.0686;4390:0.9065/0.0935;4490:0.95/0.05;4500:0.9048/0.0952;4540:0.95/0.05;4550:0.9048/0.0952;4590:0.95/0.05;4600:0.9048/0.0952;4640:0.95/0.05;4650:0.9048/0.0952;4690:0.95/0.05;4700:0.9048/0.0952;4740:0.95/0.05;4750:0.9048/0.0952;4790:0.95/0.05;4800:0.9048/0.0952;4840:0.95/0.05;4850:0.9048/0.0952;4890:0.95/0.05;4900:0.9048/0.0952;4940:0.95/0.05;4950:0.9048/0.0952;4990:0.95/0.05;5000:0.9048/0.0952;5040:0.95/0.05;5050:0.9048/0.0952;5090:0.95/0.05;5100:0.9048/0.0952;5140:0.95/0.05;5150:0.9048/0.0952;5190:0.95/0.05;5200:0.9048/0.0952;5240:0.95/0.05;5250:0.9048/0.0952;5290:0.95/0.05;5300:0.9048/0.0952;5340:0.95/0.05;5350:0.9048/0.0952;5390:0.95/0.05;5400:0.9048/0.0952;5440:0.95/0.05;5450:0.9048/0.0952;5490:0.95/0.05;5500:0.9048/0.0952;5540:0.95/0.05;5550:0.9048/0.0952;5590:0.95/0.05;5600:0.9048/0.0952;5640:0.95/0.05;5650:0.9048/0.0952;5690:0.95/0.05;5700:0.9048/0.0952;5740:0.95/0.05;5750:0.9314/0.0686;5790:0.95/0.05;5800:0.9048/0.0952;5840:0.95/0.05;5850:0.9048/0.0952;5890:0.95/0.05;5900:0.9048/0.0952;5940:0.95/0.05;5950:0.9048/0.0952;5990:0.95/0.05;6000:0.9048/0.0952;6040:0.95/0.05;6050:0.9048/0.0952;6090:0.95/0.05;6100:0.9048/0.0952;6140:0.95/0.05;6150:0.9048/0.0952;6190:0.95/0.05;6200:0.9048/0.0952;6240:0.95/0.05;6250:0.9048/0.0952;6290:0.95/0.05;6300:0.9048/0.0952;6340:0.95/0.05;6350:0.9048/0.0952;6390:0.95/0.05;6400:0.9048/0.0952;6440:0.95/0.05;6450:0.9048/0.0952;6490:0.95/0.05;6500:0.9048/0.0952;6540:0.95/0.05;6550:0.9048/0.0952;6590:0.95/0.05;6600:0.9048/0.0952;6640:0.95/0.05;6650:0.9314/0.0686;6690:0.9065/0.0935;6740:0.8738/0.1262;6840:0.9327/0.0673;6850:0.8739/0.1261;6890:0.9327/0.0673;6900:0.8739/0.1261;6940:0.9327/0.0673;6950:0.9082/0.0918;6990:0.95/0.05;7000:0.9048/0.0952;7040:0.95/0.05;7050:0.9048/0.0952;7090:0.95/0.05;7100:0.9048/0.0952;7140:0.95/0.05;7150:0.9048/0.0952;7190:0.95/0.05;7200:0.9314/0.0686;7240:0.95/0.05;7250:0.9314/0.0686;7350:0.95/0.05;7360:0.9314/0.0686;7400:0.95/0.05;7410:0.9048/0.0952;7450:0.95/0.05;7460:0.9048/0.0952;7500:0.95/0.05;7510:0.9048/0.0952;7550:0.95/0.05;7560:0.9048/0.0952;7600:0.95/0.05;7610:0.9048/0.0952;7650:0.95/0.05;7660:0.9048/0.0952;7700:0.95/0.05;7710:0.9048/0.0952;7750:0.95/0.05;7760:0.9048/0.0952;7770:0.8716/0.1284;7810:0.9314/0.0686;7820:0.8716/0.1284;7860:0.9314/0.0686;7870:0.8716/0.1284;7910:0.9314/0.0686;7920:0.9065/0.0935;7960:0.95/0.05;7970:0.9048/0.0952;8010:0.95/0.05;8020:0.9048/0.0952;8060:0.95/0.05;8070:0.9314/0.0686;8110:0.95/0.05;8120:0.9314/0.0686;8160:0.95/0.05;8170:0.9048/0.0952;8210:0.95/0.05;8220:0.9048/0.0952;8260:0.95/0.05;8270:0.9048/0.0952;8310:0.95/0.05;8320:0.9048/0.0952;8360:0.95/0.05;8370:0.9314/0.0686;8410:0.95/0.05;8420:0.9048/0.0952;8460:0.95/0.05;8470:0.9048/0.0952;8510:0.95/0.05;8520:0.9048/0.0952;8560:0.95/0.05;8570:0.9048/0.0952;8610:0.95/0.05;8620:0.9048/0.0952;8660:0.95/0.05;8670:0.9048/0.0952;8710:0.95/0.05;8720:0.9048/0.0952;8760:0.95/0.05;8770:0.9314/0.0686;8850:0.9065/0.0935;8900:0.8738/0.1262;9000:0.9327/0.0673;9010:0.8739/0.1261;9050:0.9327/0.0673;9060:0.8739/0.1261;9100:0.9327/0.0673;9110:0.8739/0.1261;9150:0.9327/0.0673;9160:0.8739/0.1261;9200:0.9327/0.0673;9210:0.8739/0.1261;9250:0.9327/0.0673;9260:0.8739/0.1261;9300:0.9327/0.0673;9310:0.8739/0.1261;9350:0.9327/0.0673;9360:0.8739/0.1261;9400:0.9327/0.0673;9410:0.9082/0.0918;9450:0.95/0.05;9460:0.9048/0.0952;9500:0.95/0.05;9510:0.9048/0.0952;9550:0.95/0.05;9560:0.9048/0.0952;9600:0.95/0.05;9610:0.9314/0.0686;9710:0.95/0.05;9720:0.9048/0.0952;9760:0.95/0.05;9770:0.9048/0.0952;9810:0.95/0.05;9820:0.9048/0.0952;9860:0.95/0.05;9870:0.9048/0.0952;9910:0.95/0.05;9920:0.9048/0.0952;9960:0.95/0.05;9970:0.9048/0.0952;10010:0.95/0.05;10020:0.9048/0.0952;10060:0.95/0.05;10070:0.9048/0.0952;10110:0.95/0.05;10120:0.9048/0.0952;10160:0.95/0.05;10170:0.9048/0.0952;10210:0.95/0.05;10220:0.9048/0.0952;10260:0.95/0.05;10270:0.9048/0.0952;10310:0.95/0.05;10320:0.9048/0.0952;10360:0.95/0.05;10370:0.9314/0.0686;10470:0.95/0.05;10480:0.9314/0.0686;10520:0.95/0.05;10530:0.9048/0.0952;10570:0.95/0.05;10580:0.9048/0.0952;10620:0.95/0.05;10630:0.9048/0.0952;10670:0.95/0.05;10680:0.9048/0.0952;10720:0.95/0.05;10730:0.9048/0.0952;10770:0.95/0.05;10780:0.9048/0.0952;10820:0.95/0.05;10830:0.9048/0.0952;10870:0.95/0.05;10880:0.9048/0.0952;10920:0.95/0.05;10930:0.9048/0.0952;10970:0.95/0.05;10980:0.9048/0.0952;11020:0.95/0.05;11030:0.9048/0.0952;11070:0.95/0.05;11080:0.9048/0.0952;11120:0.95/0.05;11130:0.9048/0.0952;11170:0.95/0.05;11180:0.9048/0.0952;11220:0.95/0.05;11230:0.9048/0.0952;11270:0.95/0.05;11280:0.9048/0.0952;11320:0.95/0.05;11330:0.9048/0.0952;11370:0.95/0.05;11380:0.9048/0.0952;11420:0.95/0.05;11430:0.9048/0.0952;11470:0.95/0.05;11480:0.9048/0.0952;11520:0.95/0.05;11530:0.9048/0.0952;11570:0.95/0.05;11580:0.9048/0.0952;11620:0.95/0.05;11630:0.9048/0.0952;11670:0.95/0.05;11680:0.9048/0.0952;11720:0.95/0.05;11730:0.9048/0.0952;11770:0.95/0.05;11780:0.9048/0.0952;11820:0.95/0.05;11830:0.9048/0.0952;11870:0.95/0.05;11880:0.9048/0.0952;11920:0.95/0.05;11930:0.9314/0.0686;11980:0.9065/0.0935;12030:0.8738/0.1262;12130:0.9327/0.0673;12140:0.8739/0.1261;12180:0.9327/0.0673;12190:0.9082/0.0918;12240:0.876/0.124;12340:0.9339/0.0661;12350:0.876/0.124;12390:0.9339/0.0661;12400:0.876/0.124;12440:0.9339/0.0661;12450:0.876/0.124;12490:0.9339/0.0661;12500:0.876/0.124;12540:0.9339/0.0661;12550:0.9098/0.0902;12620:0.8781/0.1219;12720:0.9351/0.0649;12730:0.9114/0.0886;12770:0.95/0.05;12780:0.9048/0.0952;12820:0.95/0.05;12830:0.9314/0.0686;12930:0.95/0.05;12940:0.9048/0.0952;12980:0.95/0.05;12990:0.9048/0.0952;13030:0.95/0.05;13040:0.9048/0.0952;13080:0.95/0.05;13090:0.9048/0.0952;13130:0.95/0.05;13140:0.9048/0.0952;13180:0.95/0.05;13190:0.9048/0.0952;13230:0.95/0.05;13240:0.9048/0.0952;13280:0.95/0.05;13290:0.9048/0.0952;13330:0.95/0.05;13340:0.9314/0.0686;13380:0.95/0.05;13390:0.9048/0.0952;13430:0.95/0.05;13440:0.9048/0.0952;13480:0.95/0.05;13490:0.9048/0.0952;13530:0.95/0.05;13540:0.9048/0.0952;13580:0.95/0.05;13590:0.9048/0.0952;13630:0.95/0.05;13640:0.9048/0.0952;13680:0.95/0.05;13690:0.9314/0.0686;13730:0.95/0.05;13740:0.9048/0.0952;13780:0.95/0.05;13790:0.9048/0.0952;13830:0.95/0.05;13840:0.9314/0.0686;13880:0.95/0.05;13890:0.9048/0.0952;13930:0.95/0.05;13940:0.9048/0.0952;13980:0.95/0.05;13990:0.9048/0.0952;14030:0.95/0.05;14040:0.9048/0.0952;14080:0.95/0.05;14090:0.9048/0.0952;14130:0.95/0.05;14140:0.9314/0.0686;14180:0.95/0.05;14190:0.9048/0.0952;14230:0.95/0.05;14240:0.9048/0.0952;14280:0.8716/0.1284;14380:0.9314/0.0686;14390:0.8716/0.1284;14430:0.9314/0.0686;14440:0.9065/0.0935;14480:0.95/0.05;14490:0.9314/0.0686;14590:0.95/0.05;14600:0.9314/0.0686;14700:0.95/0.05;14710:0.9314/0.0686;14750:0.95/0.05;14760:0.9048/0.0952;14800:0.95/0.05;14810:0.9048/0.0952;14850:0.95/0.05;14860:0.9048/0.0952;14900:0.95/0.05;14910:0.9048/0.0952;14950:0.95/0.05;14960:0.9048/0.0952;15000:0.95/0.05;15010:0.9048/0.0952;15050:0.95/0.05;15060:0.9048/0.0952;15100:0.95/0.05;15110:0.9048/0.0952;15150:0.95/0.05;15160:0.9048/0.0952;15200:0.95/0.05;15210:0.9048/0.0952;15250:0.95/0.05;15260:0.9048/0.0952;15300:0.95/0.05;15310:0.9048/0.0952;15350:0.95/0.05;15360:0.9048/0.0952;15400:0.95/0.05;15410:0.9048/0.0952;15450:0.95/0.05;15460:0.9048/0.0952;15500:0.95/0.05;15510:0.9048/0.0952;15550:0.95/0.05;15560:0.9048/0.0952;15600:0.95/0.05;15610:0.9048/0.0952;15650:0.95/0.05;15660:0.9048/0.0952;15700:0.95/0.05;15710:0.9048/0.0952;15750:0.95/0.05;15760:0.9048/0.0952;15800:0.95/0.05;15810:0.9048/0.0952;15850:0.95/0.05;15860:0.9314/0.0686;15960:0.95/0.05;15970:0.9048/0.0952;16010:0.95/0.05;16020:0.9048/0.0952;16060:0.95/0.05;16070:0.9048/0.0952;16110:0.95/0.05;16120:0.9048/0.0952;16160:0.95/0.05;16170:0.9048/0.0952;16210:0.95/0.05;16220:0.9048/0.0952;16260:0.95/0.05;16270:0.9048/0.0952;16310:0.95/0.05;16320:0.9048/0.0952;16360:0.95/0.05;16370:0.9048/0.0952;16410:0.95/0.05;16420:0.9048/0.0952;16460:0.95/0.05;16470:0.9048/0.0952;16510:0.95/0.05;16520:0.9314/0.0686;16560:0.95/0.05;16570:0.9048/0.0952;16610:0.95/0.05;16620:0.9048/0.0952;16660:0.95/0.05;16670:0.9048/0.0952;16710:0.95/0.05;16720:0.9048/0.0952;16760:0.95/0.05;16770:0.9048/0.0952;16810:0.95/0.05;16820:0.9048/0.0952;16860:0.95/0.05;16870:0.9048/0.0952;16910:0.95/0.05;16920:0.9314/0.0686;16960:0.95/0.05;16970:0.9048/0.0952;17010:0.95/0.05;17020:0.9048/0.0952;17060:0.95/0.05;17070:0.9048/0.0952;17110:0.95/0.05;17120:0.9048/0.0952;17160:0.95/0.05;17170:0.9048/0.0952;17210:0.95/0.05;17220:0.9048/0.0952;17260:0.95/0.05;17270:0.9314/0.0686;17310:0.95/0.05;17320:0.9048/0.0952;17360:0.95/0.05;17370:0.9048/0.0952;17410:0.95/0.05;17420:0.9048/0.0952;17460:0.95/0.05;17470:0.9048/0.0952;17510:0.95/0.05;17520:0.9048/0.0952;17560:0.95/0.05;17570:0.9048/0.0952;17610:0.95/0.05;17620:0.9048/0.0952;17660:0.95/0.05;17670:0.9048/0.0952;17710:0.95/0.05;17720:0.9048/0.0952;17760:0.95/0.05;17770:0.9048/0.0952;17810:0.95/0.05;17820:0.9048/0.0952;17860:0.95/0.05;17870:0.9048/0.0952;17910:0.95/0.05;17920:0.9048/0.0952;17960:0.95/0.05;17970:0.9048/0.0952;18010:0.95/0.05;18020:0.9048/0.0952;18060:0.95/0.05;18070:0.9048/0.0952;18110:0.95/0.05;18120:0.9048/0.0952;18160:0.95/0.05;18170:0.9314/0.0686;18210:0.9065/0.0935;18260:0.8738/0.1262;18360:0.9327/0.0673;18370:0.8739/0.1261;18410:0.9327/0.0673;18420:0.9082/0.0918;18460:0.95/0.05;18470:0.9048/0.0952;18510:0.95/0.05;18520:0.9048/0.0952;18560:0.95/0.05;18570:0.9048/0.0952;18610:0.95/0.05;18620:0.9048/0.0952;18660:0.95/0.05;18670:0.9048/0.0952;18710:0.95/0.05;18720:0.9048/0.0952;18760:0.95/0.05;18770:0.9048/0.0952;18810:0.95/0.05;18820:0.9048/0.0952;18860:0.95/0.05;18870:0.9048/0.0952;18910:0.95/0.05;18920:0.9048/0.0952;18960:0.95/0.05;18970:0.9048/0.0952;19010:0.95/0.05;19020:0.9048/0.0952;19030:0.8716/0.1284;19070:0.9314/0.0686;19080:0.8716/0.1284;19120:0.9314/0.0686;19130:0.8716/0.1284;19170:0.9314/0.0686;19180:0.8716/0.1284;19220:0.9314/0.0686;19230:0.8716/0.1284;19270:0.9314/0.0686;19280:0.9065/0.0935;19320:0.95/0.05;19330:0.9048/0.0952;19370:0.95/0.05;19380:0.9048/0.0952;19420:0.95/0.05;19430:0.9048/0.0952;19470:0.95/0.05;19480:0.9048/0.0952;19520:0.95/0.05;19530:0.9048/0.0952;19570:0.95/0.05;19580:0.9048/0.0952;19620:0.95/0.05;19630:0.9048/0.0952;19670:0.95/0.05;19680:0.9048/0.0952;19720:0.95/0.05;19730:0.9048/0.0952;19770:0.95/0.05;19780:0.9048/0.0952;19820:0.95/0.05;19830:0.9048/0.0952;19870:0.95/0.05;19880:0.9314/0.0686;19920:0.95/0.05;19930:0.9048/0.0952;19970:0.95/0.05;19980:0.9048/0.0952,0,0,lbfs_Re500__jev4_async_r0,1.0,lbfs_Re500,0.6994161320044213,2279.73
True,520.92,True,"[31, 74, 87, 110, 213, 227, 330, 343, 446, 459, 542, 645, 657, 669, 712, 724, 827, 839, 941, 953, 996, 1008, 1061, 1114, 1167, 1270, 1282, 1365, 1418, 1520, 1533, 1636, 1649, 1752, 1825, 1928, 1941, 1974, 1987, 2090, 2103, 2216, 2319, 2332, 2425, 2438, 2481, 2494, 2598, 2611, 2714, 2726, 2789, 2893, 2905, 2918, 2961, 2974, 3077, 3089, 3192, 3205, 3287, 3350, 3463, 3476, 3519, 3532, 3645, 3658, 3701, 3714, 3787, 3840, 3943, 3955, 4058, 4070, 4123, 4186, 4249, 4262, 4305, 4318, 4421, 4434, 4537, 4551, 4654, 4668, 4771, 4783, 4886, 4899, 4912, 5075, 5088, 5141, 5194, 5297, 5310, 5413, 5425, 5528, 5540, 5643, 5656, 5668, 5711, 5724, 5797, 5900, 5913, 6006, 6109, 6122, 6225, 6238, 6340, 6353, 6455, 6468, 6511, 6523, 6586, 6639, 6742, 6755, 6858, 6870, 6973, 6985, 7067, 7120, 7183, 7293, 7305, 7408, 7422, 7525, 7537, 7639, 7651, 7754, 7767, 7860, 7913, 7986, 8089, 8102, 8224, 8237, 8280, 8332, 8435, 8448, 8512, 8616, 8629, 8672, 8685, 8798, 8811, 8915, 8927, 9000, 9083, 9176, 9279, 9292, 9405, 9428, 9441, 9483, 9496, 9540, 9554, 9657, 9670, 9773, 9786, 9889, 9901, 10003, 10015, 10118, 10130, 10234, 10247, 10350, 10363, 10465, 10570, 10582, 10685, 10698, 10801, 10814, 10917, 10929, 10992, 11045, 11098, 11201, 11214, 11317, 11330, 11433, 11445, 11488, 11501, 11603, 11615, 11658, 11711, 11784, 11888, 11901, 12004, 12017, 12120, 12133, 12237, 12250, 12353, 12366, 12469, 12482, 12585, 12597, 12640, 12693, 12777, 12880, 12893, 13006, 13019, 13082, 13135, 13238, 13251, 13324, 13427, 13441, 13544, 13557, 13660, 13673, 13775, 13788, 13881, 13934, 14027, 14130, 14143, 14256, 14269, 14372, 14385, 14488, 14500, 14563, 14626, 14709, 14812, 14825, 14928, 14941, 14994, 15047, 15150, 15163, 15266, 15279, 15322, 15335, 15438, 15451, 15464, 15507, 15520, 15583, 15646, 15749, 15762, 15865, 15878, 15981, 15994, 16097, 16110, 16173, 16226, 16280, 16383, 16396, 16529, 16541, 16644, 16656, 16699, 16711, 16764, 16817, 16910, 17013, 17026, 17139, 17152, 17235, 17319, 17422, 17435, 17538, 17551, 17633, 17697, 17800, 17813, 17856, 17869, 17972, 17985, 18088, 18101, 18204, 18217, 18320, 18332, 18385, 18438, 18521, 18624, 18637, 18740, 18753, 18816, 18919, 18931, 18994, 19048, 19151, 19164, 19267, 19280, 19323, 19336, 19379, 19392, 19455, 19508, 19612, 19625, 19708, 19721, 19784, 19837, 19930]",2429.0,0.0,False,1895,0,2417.46,False,0.8026,0.1974,v4aheld2,node177,,10,20000,jev4,,358,30:0.5385/0.4615;71:0.7/0.3;84:0.8235/0.1765;107:0.7692/0.2308;210:0.8695/0.1305;223:0.8264/0.1736;327:0.9049/0.0951;340:0.8717/0.1283;443:0.9315/0.0685;456:0.9067/0.0933;539:0.8741/0.1259;642:0.9328/0.0672;655:0.9084/0.0916;667:0.8763/0.1237;709:0.9084/0.0916;722:0.8763/0.1237;824:0.9341/0.0659;837:0.9101/0.0899;939:0.95/0.05;951:0.9314/0.0686;993:0.95/0.05;1006:0.9314/0.0686;1058:0.9065/0.0935;1111:0.8738/0.1262;1164:0.8318/0.1682;1267:0.9082/0.0918;1280:0.876/0.124;1362:0.8346/0.1654;1415:0.7828/0.2172;1518:0.8346/0.1654;1530:0.7828/0.2172;1633:0.8782/0.1218;1646:0.8374/0.1626;1749:0.8782/0.1218;1822:0.8374/0.1626;1925:0.8782/0.1218;1938:0.9352/0.0648;1971:0.9116/0.0884;1984:0.8805/0.1195;2087:0.9365/0.0635;2100:0.9133/0.0867;2213:0.8827/0.1173;2316:0.9377/0.0623;2329:0.9149/0.0851;2422:0.8848/0.1152;2435:0.7934/0.2066;2478:0.8848/0.1152;2491:0.8458/0.1542;2594:0.9165/0.0835;2608:0.8869/0.1131;2711:0.9401/0.0599;2724:0.9181/0.0819;2786:0.889/0.111;2889:0.9412/0.0588;2903:0.9196/0.0804;2915:0.8512/0.1488;2958:0.889/0.111;2971:0.8512/0.1488;3074:0.9196/0.0804;3087:0.8909/0.1091;3189:0.9423/0.0577;3202:0.921/0.079;3285:0.8928/0.1072;3347:0.8561/0.1439;3460:0.9225/0.0775;3473:0.8561/0.1439;3516:0.9225/0.0775;3529:0.8948/0.1052;3642:0.9445/0.0555;3655:0.924/0.076;3698:0.95/0.05;3711:0.9314/0.0686;3784:0.9065/0.0935;3837:0.8738/0.1262;3940:0.9327/0.0673;3953:0.9082/0.0918;4055:0.95/0.05;4068:0.9314/0.0686;4120:0.9065/0.0935;4183:0.8738/0.1262;4246:0.8318/0.1682;4259:0.7794/0.2206;4302:0.8318/0.1682;4315:0.7794/0.2206;4418:0.8318/0.1682;4431:0.7794/0.2206;4534:0.876/0.124;4547:0.8346/0.1654;4651:0.876/0.124;4664:0.8346/0.1654;4768:0.9098/0.0902;4781:0.8781/0.1219;4883:0.9351/0.0649;4896:0.9114/0.0886;4909:0.8802/0.1198;5072:0.9363/0.0637;5085:0.913/0.087;5138:0.8823/0.1177;5191:0.8426/0.1574;5294:0.9146/0.0854;5307:0.8844/0.1156;5410:0.9387/0.0613;5423:0.9162/0.0838;5525:0.95/0.05;5538:0.9314/0.0686;5640:0.95/0.05;5653:0.9314/0.0686;5666:0.9065/0.0935;5708:0.9314/0.0686;5721:0.9065/0.0935;5794:0.8738/0.1262;5897:0.9327/0.0673;5910:0.9082/0.0918;6003:0.876/0.124;6106:0.9339/0.0661;6119:0.9098/0.0902;6222:0.95/0.05;6235:0.9314/0.0686;6338:0.95/0.05;6350:0.9314/0.0686;6453:0.95/0.05;6465:0.9314/0.0686;6508:0.95/0.05;6521:0.9314/0.0686;6583:0.9065/0.0935;6636:0.8738/0.1262;6739:0.9327/0.0673;6752:0.9082/0.0918;6855:0.95/0.05;6868:0.9314/0.0686;6970:0.95/0.05;6983:0.9314/0.0686;7065:0.9065/0.0935;7117:0.8738/0.1262;7180:0.8318/0.1682;7283:0.9082/0.0918;7303:0.876/0.124;7405:0.9339/0.0661;7418:0.9098/0.0902;7522:0.95/0.05;7535:0.9314/0.0686;7637:0.95/0.05;7649:0.9314/0.0686;7751:0.95/0.05;7764:0.9314/0.0686;7857:0.9065/0.0935;7910:0.8738/0.1262;7983:0.8318/0.1682;8086:0.9082/0.0918;8099:0.876/0.124;8222:0.9339/0.0661;8234:0.9098/0.0902;8277:0.8781/0.1219;8330:0.8373/0.1627;8432:0.9114/0.0886;8445:0.8802/0.1198;8508:0.8399/0.1601;8612:0.913/0.087;8626:0.8399/0.1601;8669:0.913/0.087;8682:0.8823/0.1177;8795:0.9375/0.0625;8808:0.9146/0.0854;8911:0.95/0.05;8925:0.9314/0.0686;8997:0.9065/0.0935;9080:0.8738/0.1262;9173:0.8318/0.1682;9276:0.9082/0.0918;9289:0.876/0.124;9402:0.9339/0.0661;9425:0.9098/0.0902;9438:0.8781/0.1219;9481:0.9098/0.0902;9493:0.8345/0.1655;9536:0.9098/0.0902;9550:0.8781/0.1219;9654:0.9351/0.0649;9667:0.9114/0.0886;9770:0.95/0.05;9783:0.9314/0.0686;9886:0.95/0.05;9899:0.9314/0.0686;10001:0.95/0.05;10013:0.9314/0.0686;10115:0.95/0.05;10128:0.9314/0.0686;10230:0.95/0.05;10244:0.9314/0.0686;10347:0.95/0.05;10360:0.9314/0.0686;10463:0.9065/0.0935;10567:0.95/0.05;10580:0.9314/0.0686;10682:0.95/0.05;10695:0.9314/0.0686;10798:0.95/0.05;10811:0.9314/0.0686;10914:0.95/0.05;10927:0.9314/0.0686;10989:0.9065/0.0935;11042:0.8738/0.1262;11095:0.8318/0.1682;11198:0.9082/0.0918;11211:0.876/0.124;11314:0.9339/0.0661;11327:0.9098/0.0902;11430:0.95/0.05;11443:0.9314/0.0686;11485:0.95/0.05;11498:0.9314/0.0686;11601:0.95/0.05;11613:0.9314/0.0686;11655:0.9065/0.0935;11708:0.8738/0.1262;11781:0.8318/0.1682;11884:0.9082/0.0918;11898:0.876/0.124;12001:0.9339/0.0661;12014:0.9098/0.0902;12117:0.95/0.05;12130:0.9314/0.0686;12233:0.95/0.05;12247:0.9314/0.0686;12350:0.95/0.05;12363:0.9314/0.0686;12466:0.95/0.05;12479:0.9314/0.0686;12582:0.95/0.05;12595:0.9314/0.0686;12637:0.9065/0.0935;12690:0.8738/0.1262;12773:0.8318/0.1682;12877:0.9082/0.0918;12890:0.876/0.124;13003:0.9339/0.0661;13016:0.9098/0.0902;13079:0.8781/0.1219;13132:0.8373/0.1627;13235:0.9114/0.0886;13248:0.8802/0.1198;13321:0.8399/0.1601;13424:0.913/0.087;13437:0.8823/0.1177;13541:0.9375/0.0625;13554:0.9146/0.0854;13657:0.95/0.05;13670:0.9314/0.0686;13773:0.95/0.05;13785:0.9314/0.0686;13878:0.9065/0.0935;13931:0.8738/0.1262;14024:0.8318/0.1682;14127:0.9082/0.0918;14140:0.876/0.124;14253:0.9339/0.0661;14266:0.9098/0.0902;14369:0.95/0.05;14382:0.9314/0.0686;14485:0.95/0.05;14498:0.9314/0.0686;14560:0.9065/0.0935;14623:0.8738/0.1262;14706:0.8318/0.1682;14809:0.9082/0.0918;14822:0.876/0.124;14925:0.9339/0.0661;14938:0.9098/0.0902;14991:0.8781/0.1219;15044:0.8373/0.1627;15147:0.9114/0.0886;15160:0.8802/0.1198;15263:0.9363/0.0637;15276:0.913/0.087;15319:0.95/0.05;15332:0.9314/0.0686;15435:0.95/0.05;15448:0.9314/0.0686;15461:0.9065/0.0935;15504:0.9314/0.0686;15517:0.9065/0.0935;15580:0.8738/0.1262;15643:0.8318/0.1682;15746:0.9082/0.0918;15759:0.876/0.124;15862:0.9339/0.0661;15875:0.9098/0.0902;15978:0.95/0.05;15991:0.9314/0.0686;16094:0.95/0.05;16107:0.9314/0.0686;16170:0.9065/0.0935;16223:0.8738/0.1262;16276:0.8318/0.1682;16380:0.9082/0.0918;16393:0.876/0.124;16526:0.9339/0.0661;16539:0.9098/0.0902;16641:0.95/0.05;16654:0.9048/0.0952;16696:0.95/0.05;16709:0.9314/0.0686;16761:0.9065/0.0935;16814:0.8738/0.1262;16907:0.8318/0.1682;17010:0.9082/0.0918;17023:0.876/0.124;17136:0.9339/0.0661;17149:0.9098/0.0902;17232:0.8781/0.1219;17315:0.8373/0.1627;17419:0.9114/0.0886;17432:0.8802/0.1198;17535:0.9363/0.0637;17548:0.913/0.087;17631:0.8823/0.1177;17693:0.8426/0.1574;17797:0.9146/0.0854;17810:0.8844/0.1156;17853:0.9387/0.0613;17866:0.9162/0.0838;17969:0.95/0.05;17982:0.9314/0.0686;18085:0.95/0.05;18098:0.9314/0.0686;18201:0.95/0.05;18214:0.9314/0.0686;18317:0.95/0.05;18330:0.9314/0.0686;18382:0.9065/0.0935;18435:0.8738/0.1262;18518:0.8318/0.1682;18621:0.9082/0.0918;18634:0.876/0.124;18737:0.9339/0.0661;18750:0.9098/0.0902;18813:0.8781/0.1219;18916:0.9351/0.0649;18929:0.9114/0.0886;18991:0.8802/0.1198;19044:0.8399/0.1601;19148:0.913/0.087;19161:0.8823/0.1177;19264:0.9375/0.0625;19277:0.8824/0.1176;19320:0.9375/0.0625;19333:0.8824/0.1176;19376:0.9375/0.0625;19389:0.9146/0.0854;19452:0.8844/0.1156;19505:0.8453/0.1547;19608:0.9162/0.0838;19622:0.8865/0.1135;19705:0.9398/0.0602;19718:0.9177/0.0823;19781:0.8885/0.1115;19834:0.8506/0.1494;19927:0.8026/0.1974,0,0,lbfs_Re500__jev4ack_async_r0,1.0,lbfs_Re500,0.05569885925417741,2431.59
False,0,False,[],23.0,0.0,True,0,0,7.78,False,0.9,1.0,v4aheld2,node132,,0,290,static,,0,,0,0,pitzDaily_U15__default,1.0,pitzDaily_U15,0.003512311358146684,24.71
False,9.75,True,"[36, 45, 59, 67, 88, 95, 148, 191, 199, 230, 275, 283, 332, 344]",17.0,0.0,True,33,0,11.12,False,0.9484,1.0,v4aheld2,node177,,10,369,jev4,,14,10:0.9265/1.0;35:0.9464/1.0;45:0.9725/1.0;58:0.9861/1.0;78:0.99/1.0;88:0.9861/1.0;138:0.9806/1.0;179:0.9861/1.0;190:0.9806/1.0;220:0.973/1.0;260:0.9863/1.0;274:0.9809/1.0;315:0.9735/1.0;331:0.9484/1.0,0,0,pitzDaily_U15__jev4_async_r0,1.0,pitzDaily_U15,0.00039480235258117707,18.89
False,5.59,True,"[33, 61, 92, 195, 203]",15.0,0.0,True,20,0,6.94,False,0.9724,1.0,v4aheld2,node061,,10,223,jev4,,5,10:0.9265/1.0;53:0.9618/1.0;83:0.9473/1.0;184:0.9618/1.0;194:0.9724/1.0,0,0,pitzDaily_U15__jev4_async_r1,1.0,pitzDaily_U15,0.0009917722359704512,16.78
False,6.21,True,"[37, 58, 65, 83, 93, 137, 177, 198, 209]",40.0,0.0,True,21,0,7.55,False,0.9467,1.0,v4aheld2,node176,,10,235,jev4,,9,10:0.9265/1.0;47:0.9618/1.0;57:0.9805/1.0;77:0.99/1.0;87:0.9861/1.0;127:0.9806/1.0;168:0.9861/1.0;188:0.9726/1.0;198:0.9467/1.0,0,0,pitzDaily_U15__jev4_async_r2,1.0,pitzDaily_U15,0.0004499772934807003,41.05
True,11.81,True,"[35, 56, 79, 104, 122, 240, 320, 339, 358, 461, 480]",50.0,0.0,True,40,0,16.66,False,0.9736,1.0,v4aheld2,node176,,10,545,jev4,,11,10:0.9265/1.0;45:0.9618/1.0;66:0.9805/1.0;89:0.986/1.0;114:0.9805/1.0;227:0.9729/1.0;310:0.9863/1.0;330:0.9809/1.0;349:0.9735/1.0;452:0.9866/1.0;471:0.9736/1.0,0,0,pitzDaily_U15__jev4ack_async_r0,1.0,pitzDaily_U15,0.00028871891284283,51.65
True,8.63,True,"[37, 58, 78, 96, 114, 163, 250, 270, 321, 430]",21.0,0.0,True,30,0,12.52,False,0.9633,1.0,v4aheld2,node179,,10,434,jev4,,10,10:0.9265/1.0;47:0.9618/1.0;68:0.9805/1.0;88:0.986/1.0;106:0.9805/1.0;154:0.9729/1.0;239:0.9863/1.0;260:0.9809/1.0;311:0.9735/1.0;418:0.9633/1.0,0,0,pitzDaily_U15__jev4ack_async_r1,1.0,pitzDaily_U15,0.00032992381552318856,22.73
True,4.42,True,"[37, 58, 75, 92, 108, 202]",14.0,0.0,True,15,0,7.64,False,0.9617,1.0,v4aheld2,node132,,10,227,jev4,,6,10:0.9265/1.0;47:0.9618/1.0;68:0.9805/1.0;85:0.986/1.0;102:0.9805/1.0;189:0.9617/1.0,0,0,pitzDaily_U15__jev4ack_async_r2,1.0,pitzDaily_U15,0.0004058718930394418,14.67
False,0,False,[],149.0,0.0,False,0,0,144.43,False,0.5,0.5,v4aheld2,node177,,0,4000,static,,0,,0,0,pm_bfs_U30__default,1.0,pm_bfs_U30,0.2935364418184317,149.73
False,21.61,True,"[28, 34, 45, 86, 115, 125, 166, 174, 185, 315, 325, 425, 437, 529, 628, 636, 646, 667, 676, 697, 704]",30.0,0.0,True,73,0,27.9,False,0.99,1.0,v4aheld2,node061,,10,752,jev4,,21,10:0.5/1.0;27:0.5833/1.0;37:0.5/1.0;77:0.6667/1.0;107:0.7369/1.0;117:0.6667/1.0;157:0.8/1.0;167:0.8889/1.0;177:0.8511/1.0;307:0.9196/1.0;317:0.8909/1.0;417:0.9196/1.0;427:0.8909/1.0;517:0.8536/1.0;618:0.8909/1.0;628:0.9196/1.0;638:0.9581/1.0;658:0.9697/1.0;668:0.9782/1.0;678:0.9843/1.0;696:0.99/1.0,0,0,pm_bfs_U30__jev4_async_r0,1.0,pm_bfs_U30,0.22236481632806526,31.67
False,23.95,True,"[27, 33, 42, 85, 114, 124, 163, 174, 214, 223, 264, 273, 324, 333, 433, 444, 549, 557, 662, 670, 770, 778, 811, 880, 887]",35.0,0.0,True,87,0,32.62,False,0.99,1.0,v4aheld2,node176,,10,887,jev4,,25,10:0.5/1.0;26:0.5833/1.0;36:0.5/1.0;76:0.6667/1.0;106:0.7369/1.0;116:0.6667/1.0;156:0.8/1.0;166:0.7407/1.0;206:0.851/1.0;216:0.8031/1.0;256:0.851/1.0;266:0.7406/1.0;316:0.851/1.0;326:0.8031/1.0;426:0.8908/1.0;436:0.8535/1.0;540:0.921/1.0;550:0.8928/1.0;651:0.921/1.0;661:0.8928/1.0;761:0.9434/1.0;771:0.9709/1.0;801:0.979/1.0;871:0.9894/1.0;881:0.99/1.0,0,0,pm_bfs_U30__jev4_async_r1,1.0,pm_bfs_U30,0.22161251647868166,36.42
False,16.38,True,"[27, 35, 54, 66, 74, 93, 195, 295, 306, 409, 430, 529, 541, 551]",24.0,0.0,True,59,0,21.51,False,0.9696,1.0,v4aheld2,node179,,10,609,jev4,,14,10:0.5/1.0;26:0.5833/1.0;46:0.7368/1.0;56:0.8485/1.0;66:0.918/1.0;86:0.8888/1.0;187:0.8509/1.0;287:0.9194/1.0;297:0.8907/1.0;401:0.9422/1.0;421:0.9209/1.0;521:0.9422/1.0;531:0.958/1.0;541:0.9696/1.0,0,0,pm_bfs_U30__jev4_async_r2,1.0,pm_bfs_U30,0.222222726463421,25.27
True,10.85,True,"[27, 45, 65, 85, 103, 207, 225, 334, 352, 371, 418, 435, 453]",23.0,0.0,True,36,0,19.03,False,0.99,1.0,v4aheld2,node179,,10,489,jev4,,13,10:0.5/1.0;37:0.6667/1.0;55:0.8/1.0;75:0.8889/1.0;95:0.8511/1.0;195:0.9196/1.0;217:0.8909/1.0;325:0.9196/1.0;344:0.9412/1.0;362:0.9573/1.0;411:0.9782/1.0;428:0.989/1.0;445:0.99/1.0,0,0,pm_bfs_U30__jev4ack_async_r0,1.0,pm_bfs_U30,0.22053599143974575,23.65
True,10.54,True,"[25, 42, 61, 79, 97, 114, 226, 242, 350, 388, 407, 424, 442]",22.0,0.0,True,36,0,19.01,False,0.99,1.0,v4aheld2,node132,,10,479,jev4,,13,10:0.5/1.0;35:0.6667/1.0;52:0.8/1.0;71:0.8889/1.0;89:0.918/1.0;107:0.8888/1.0;214:0.9411/1.0;236:0.9194/1.0;342:0.9411/1.0;380:0.9697/1.0;398:0.9846/1.0;417:0.989/1.0;434:0.99/1.0,0,0,pm_bfs_U30__jev4ack_async_r1,1.0,pm_bfs_U30,0.21916579032134392,22.92
True,12.96,True,"[26, 43, 71, 98, 115, 132, 239, 257, 316, 424, 441, 549, 566]",25.0,0.0,True,46,0,22.73,False,0.958,1.0,v4aheld2,node177,,10,570,jev4,,13,10:0.5/1.0;36:0.6667/1.0;63:0.8/1.0;91:0.8889/1.0;108:0.918/1.0;125:0.8888/1.0;232:0.9411/1.0;249:0.9194/1.0;307:0.8907/1.0;416:0.9422/1.0;434:0.9209/1.0;541:0.9422/1.0;559:0.958/1.0,0,0,pm_bfs_U30__jev4ack_async_r2,1.0,pm_bfs_U30,0.22214624983012654,26.05
False,0,False,[],67.0,0.0,True,0,0,64.45,False,0.5,0.5,v4aheld2,node061,,0,1742,static,,0,,0,0,pm_bfs_U55__default,1.0,pm_bfs_U55,0.0682757298478939,69.22
False,13.0,True,"[27, 36, 56, 64, 74, 84, 96, 195, 204, 262, 364, 434]",20.0,0.0,True,46,0,17.79,False,0.9697,1.0,v4aheld2,node176,,10,473,jev4,,12,10:0.5/1.0;26:0.5833/1.0;46:0.7368/1.0;56:0.8485/1.0;66:0.918/1.0;76:0.9572/1.0;86:0.9411/1.0;186:0.9697/1.0;196:0.9581/1.0;256:0.9423/1.0;356:0.9581/1.0;426:0.9697/1.0,0,0,pm_bfs_U55__jev4_async_r0,1.0,pm_bfs_U55,0.036773560400984076,20.78
False,15.95,True,"[25, 31, 43, 82, 91, 134, 141, 153, 192, 203, 241, 254, 292, 301, 350, 361, 463, 473, 572]",24.0,0.0,True,59,0,21.98,False,0.9581,1.0,v4aheld2,node179,,10,604,jev4,,19,10:0.5/1.0;24:0.5833/1.0;34:0.5/1.0;74:0.6667/1.0;84:0.5883/1.0;124:0.7408/1.0;134:0.8511/1.0;144:0.8033/1.0;184:0.8511/1.0;194:0.8033/1.0;234:0.8511/1.0;244:0.7408/1.0;284:0.8511/1.0;294:0.9196/1.0;344:0.9581/1.0;354:0.9423/1.0;454:0.9581/1.0;464:0.9423/1.0;564:0.9581/1.0,0,0,pm_bfs_U55__jev4_async_r1,1.0,pm_bfs_U55,0.04177889484072917,25.96
False,18.09,True,"[27, 34, 45, 85, 113, 125, 163, 174, 213, 223, 265, 274, 294, 304, 323, 355, 395, 404, 505, 513, 621, 638, 648, 661, 668]",27.0,0.0,True,65,0,24.0,False,0.99,1.0,v4aheld2,node132,,10,668,jev4,,25,10:0.5/1.0;26:0.5833/1.0;36:0.5/1.0;76:0.6667/1.0;106:0.7369/1.0;116:0.6667/1.0;156:0.8/1.0;166:0.7407/1.0;206:0.8/1.0;216:0.6667/1.0;256:0.7369/1.0;266:0.8485/1.0;286:0.918/1.0;296:0.9572/1.0;316:0.9411/1.0;346:0.9194/1.0;386:0.9411/1.0;396:0.9194/1.0;496:0.9411/1.0;506:0.9194/1.0;610:0.9411/1.0;630:0.9697/1.0;640:0.9846/1.0;650:0.989/1.0;660:0.99/1.0,0,0,pm_bfs_U55__jev4_async_r2,1.0,pm_bfs_U55,0.03791998952253155,27.94
True,10.68,True,"[24, 41, 68, 94, 110, 127, 235, 252, 301, 317, 334, 443, 460, 477]",23.0,0.0,True,38,0,20.21,False,0.9843,1.0,v4aheld2,node132,,10,491,jev4,,14,10:0.5/1.0;34:0.6667/1.0;61:0.8/1.0;88:0.8485/1.0;104:0.8869/1.0;120:0.8485/1.0;227:0.918/1.0;245:0.8888/1.0;292:0.9411/1.0;311:0.9697/1.0;327:0.9581/1.0;434:0.9697/1.0;453:0.9782/1.0;470:0.9843/1.0,0,0,pm_bfs_U55__jev4ack_async_r0,1.0,pm_bfs_U55,0.04167263235494061,24.55
True,13.07,True,"[25, 42, 63, 90, 117, 134, 241, 287, 304, 372, 479, 497, 516]",24.0,0.0,True,45,0,22.61,False,0.9781,1.0,v4aheld2,node177,,10,565,jev4,,13,10:0.5/1.0;35:0.5833/1.0;52:0.7368/1.0;83:0.8485/1.0;110:0.8869/1.0;127:0.8485/1.0;234:0.918/1.0;281:0.9572/1.0;297:0.9411/1.0;364:0.9194/1.0;472:0.958/1.0;489:0.9696/1.0;507:0.9781/1.0,0,0,pm_bfs_U55__jev4ack_async_r1,1.0,pm_bfs_U55,0.037470721644925965,25.76
True,10.97,True,"[25, 42, 60, 78, 96, 204, 223, 240, 257, 273, 330, 436, 455, 472, 497]",23.0,0.0,True,39,0,21.13,False,0.9887,1.0,v4aheld2,node061,,10,526,jev4,,15,10:0.5/1.0;35:0.5833/1.0;52:0.7368/1.0;70:0.8485/1.0;88:0.8/1.0;196:0.8485/1.0;214:0.8869/1.0;233:0.9401/1.0;250:0.9691/1.0;267:0.9573/1.0;323:0.9412/1.0;430:0.9573/1.0;446:0.9782/1.0;465:0.9843/1.0;482:0.9887/1.0,0,0,pm_bfs_U55__jev4ack_async_r2,1.0,pm_bfs_U55,0.03983911046633138,24.0
False,0,False,[],65.0,0.0,True,0,0,60.52,False,0.5,0.5,v4aheld2,node176,,0,1655,static,,0,,0,0,pm_bfs_U70__default,1.0,pm_bfs_U70,0.07337150617304754,66.83
False,15.74,True,"[26, 54, 65, 105, 116, 123, 134, 233, 244, 283, 292, 303, 363, 373, 474, 483, 544]",24.0,0.0,True,57,0,20.69,False,0.958,1.0,v4aheld2,node179,,10,579,jev4,,17,10:0.5/1.0;45:0.5833/1.0;55:0.5/1.0;95:0.5833/1.0;105:0.7368/1.0;115:0.8485/1.0;125:0.8/1.0;225:0.8485/1.0;235:0.8/1.0;275:0.8485/1.0;285:0.918/1.0;295:0.9572/1.0;355:0.9781/1.0;365:0.9696/1.0;465:0.9781/1.0;475:0.9696/1.0;535:0.958/1.0,0,0,pm_bfs_U70__jev4_async_r0,1.0,pm_bfs_U70,0.038052526063995576,24.8
False,16.17,True,"[32, 51, 59, 70, 112, 119, 129, 170, 179, 278, 289, 327, 430, 443, 545]",25.0,0.0,True,57,0,21.43,False,0.9581,1.0,v4aheld2,node132,,10,590,jev4,,15,10:0.5/1.0;41:0.6667/1.0;51:0.8/1.0;61:0.6667/1.0;101:0.8/1.0;111:0.8485/1.0;121:0.8/1.0;161:0.8485/1.0;171:0.8/1.0;271:0.8889/1.0;281:0.9412/1.0;321:0.9196/1.0;421:0.9581/1.0;431:0.9423/1.0;536:0.9581/1.0,0,0,pm_bfs_U70__jev4_async_r1,1.0,pm_bfs_U70,0.036681276423403825,25.68
False,15.5,True,"[25, 51, 62, 103, 112, 121, 162, 173, 213, 232, 241, 282, 302, 312, 322, 331, 431, 444, 451, 513]",37.0,0.0,True,56,0,20.67,False,0.9806,1.0,v4aheld2,node177,,10,567,jev4,,20,10:0.5/1.0;44:0.6667/1.0;54:0.5883/1.0;94:0.6667/1.0;104:0.8/1.0;114:0.7407/1.0;154:0.8/1.0;164:0.7407/1.0;204:0.8/1.0;224:0.8889/1.0;234:0.8511/1.0;274:0.8889/1.0;294:0.9412/1.0;304:0.9697/1.0;314:0.9846/1.0;324:0.9786/1.0;424:0.9892/1.0;434:0.99/1.0;444:0.9861/1.0;504:0.9806/1.0,0,0,pm_bfs_U70__jev4_async_r2,1.0,pm_bfs_U70,0.036955315957232254,37.39
True,13.15,True,"[25, 54, 82, 99, 117, 135, 235, 253, 270, 287, 395, 412, 519, 536]",39.0,0.0,True,47,0,23.18,False,0.94,1.0,v4aheld2,node177,,10,594,jev4,,14,10:0.5/1.0;45:0.5833/1.0;74:0.7368/1.0;92:0.7967/1.0;109:0.8458/1.0;127:0.7967/1.0;229:0.8458/1.0;245:0.8848/1.0;263:0.9389/1.0;280:0.9165/1.0;387:0.9564/1.0;405:0.94/1.0;512:0.9564/1.0;529:0.94/1.0,0,0,pm_bfs_U70__jev4ack_async_r0,1.0,pm_bfs_U70,0.036355984224784824,40.13
True,13.08,True,"[25, 55, 87, 104, 121, 230, 259, 278, 297, 397, 413, 431, 447, 504]",25.0,0.0,True,43,0,22.57,False,0.9697,1.0,v4aheld2,node061,,10,555,jev4,,14,10:0.5/1.0;45:0.6667/1.0;75:0.8/1.0;97:0.8485/1.0;114:0.8/1.0;221:0.8485/1.0;250:0.918/1.0;269:0.9572/1.0;288:0.9411/1.0;390:0.9697/1.0;407:0.9782/1.0;423:0.9843/1.0;441:0.9782/1.0;497:0.9697/1.0,0,0,pm_bfs_U70__jev4ack_async_r1,1.0,pm_bfs_U70,0.03648830934220235,26.55
True,13.65,True,"[25, 52, 81, 97, 113, 131, 238, 269, 368, 386, 404, 420, 497]",27.0,0.0,True,49,0,24.38,False,0.9697,1.0,v4aheld2,node176,,10,601,jev4,,14,10:0.5/1.0;45:0.6667/1.0;72:0.8/1.0;91:0.8889/1.0;107:0.918/1.0;123:0.8888/1.0;231:0.918/1.0;258:0.8888/1.0;359:0.9411/1.0;378:0.9697/1.0;396:0.9782/1.0;414:0.9697/1.0;490:0.9581/1.0;597:0.9697/1.0,0,0,pm_bfs_U70__jev4ack_async_r2,1.0,pm_bfs_U70,0.030134740708921103,28.39
