api_latency_s,api_retries,async,async_applied_at,cap,clock_s,co_max,completed,controller_wait_s,decisions,exec_s,fatal,final_U,final_p,group,guards,host,init,interval,lin_p_total,method,model_calls,n_changes,outer_max,outer_total,path,rc,run,steps,steps_planned,template,tight,u_err_l2,unconverged_steps,wall_s
0,0,False,[],50,992.0,4.847299292,True,0.0,0,981.23,False,0.7,0.3,t_grid,0,node126,,0,17534,static,0,0,31,6758,,0,cav3T_Re1000_dt15__default,267,267,cav3T_Re1000_dt15,0,1.6189204773797926e-06,0,993.49
0,0,False,[],50,1515.0,4.847901133,True,0.0,0,1501.16,False,0.5,0.2,t_grid,0,node126,0.5 0.2,0,31050,static,0,0,48,10785,,0,cav3T_Re1000_dt15__grid_U0.5_p0.2,267,267,cav3T_Re1000_dt15,0,0.003802168908114789,0,1516.89
0,0,False,[],50,1095.0,4.847925456,True,0.0,0,1082.23,False,0.5,0.3,t_grid,0,node126,0.5 0.3,0,23552,static,0,0,44,8234,,0,cav3T_Re1000_dt15__grid_U0.5_p0.3,267,267,cav3T_Re1000_dt15,0,0.0038034048057076727,0,1096.43
0,0,False,[],50,1006.0,4.847944902,True,0.0,0,927.6,False,0.5,0.5,t_grid,0,node126,0.5 0.5,0,18511,static,0,0,44,6385,,0,cav3T_Re1000_dt15__grid_U0.5_p0.5,267,267,cav3T_Re1000_dt15,0,0.0038004510099854867,0,1007.38
0,0,False,[],50,873.0,4.847945513,True,0.0,0,863.86,False,0.5,0.7,t_grid,0,node126,0.5 0.7,0,16736,static,0,0,44,5831,,0,cav3T_Re1000_dt15__grid_U0.5_p0.7,267,267,cav3T_Re1000_dt15,0,0.0037977196899703315,0,874.82
0,0,False,[],50,964.0,4.847945785,True,0.0,0,952.09,False,0.5,0.9,t_grid,0,node126,0.5 0.9,0,16408,static,0,0,44,5619,,0,cav3T_Re1000_dt15__grid_U0.5_p0.9,267,267,cav3T_Re1000_dt15,0,0.0037928520337752493,0,967.96
0,0,False,[],50,1478.0,4.847298534,True,0.0,0,1397.18,False,0.7,0.2,t_grid,0,node126,0.7 0.2,0,22827,static,0,0,41,9885,,0,cav3T_Re1000_dt15__grid_U0.7_p0.2,267,267,cav3T_Re1000_dt15,0,1.1962597299560827e-06,0,1479.88
0,0,False,[],50,793.0,4.847299292,True,0.0,0,787.42,False,0.7,0.3,t_grid,0,node126,0.7 0.3,0,17534,static,0,0,31,6758,,0,cav3T_Re1000_dt15__grid_U0.7_p0.3,267,267,cav3T_Re1000_dt15,0,1.6189204773797926e-06,0,794.93
0,0,False,[],50,728.0,4.847316058,True,0.0,0,656.49,False,0.7,0.5,t_grid,0,node126,0.7 0.5,0,13285,static,0,0,25,4572,,0,cav3T_Re1000_dt15__grid_U0.7_p0.5,267,267,cav3T_Re1000_dt15,0,4.001467102654959e-06,0,729.08
0,0,False,[],50,672.0,4.847320584,True,0.0,0,598.61,False,0.7,0.7,t_grid,0,node126,0.7 0.7,0,11767,static,0,0,25,4015,,0,cav3T_Re1000_dt15__grid_U0.7_p0.7,267,267,cav3T_Re1000_dt15,0,5.353345780296701e-06,0,673.76
0,0,False,[],50,511.0,4.847319737,True,0.0,0,505.46,False,0.7,0.9,t_grid,0,node126,0.7 0.9,0,11872,static,0,0,25,4022,,0,cav3T_Re1000_dt15__grid_U0.7_p0.9,267,267,cav3T_Re1000_dt15,0,2.6986663248362467e-05,0,511.71
0,0,False,[],50,1015.0,4.84700784,True,0.0,0,1008.13,False,0.8,0.2,t_grid,0,node126,0.8 0.2,0,20178,static,0,0,42,9364,,0,cav3T_Re1000_dt15__grid_U0.8_p0.2,267,267,cav3T_Re1000_dt15,0,0.0016626481281824675,0,1016.24
0,0,False,[],50,988.0,4.847008027,True,0.0,0,910.95,False,0.8,0.3,t_grid,0,node126,0.8 0.3,0,15270,static,0,0,28,6419,,0,cav3T_Re1000_dt15__grid_U0.8_p0.3,267,267,cav3T_Re1000_dt15,0,0.001662650658225293,0,988.71
0,0,False,[],50,612.0,4.847009323,True,0.0,0,601.89,False,0.8,0.5,t_grid,0,node126,0.8 0.5,0,11349,static,0,0,22,4108,,0,cav3T_Re1000_dt15__grid_U0.8_p0.5,267,267,cav3T_Re1000_dt15,0,0.0016626804030671054,0,613.04
0,0,False,[],50,596.0,4.847014974,True,0.0,0,521.26,False,0.8,0.7,t_grid,0,node126,0.8 0.7,0,9968,static,0,0,19,3416,,0,cav3T_Re1000_dt15__grid_U0.8_p0.7,267,267,cav3T_Re1000_dt15,0,0.0016631595192657513,0,596.95
0,0,False,[],50,,1.114142425e+57,False,0.0,0,,True,0.8,0.9,t_grid,0,node126,0.8 0.9,0,3310,static,0,0,50,886,,-8,cav3T_Re1000_dt15__grid_U0.8_p0.9,20,267,cav3T_Re1000_dt15,0,,15,242.68
0,0,False,[],50,934.0,4.846580569,True,0.0,0,926.48,False,0.95,0.2,t_grid,0,node126,0.95 0.2,0,16082,static,0,0,43,7337,,0,cav3T_Re1000_dt15__grid_U0.95_p0.2,267,267,cav3T_Re1000_dt15,0,0.003929906388542134,0,935.08
0,0,False,[],50,818.0,4.846580563,True,0.0,0,743.73,False,0.95,0.3,t_grid,0,node126,0.95 0.3,0,11451,static,0,0,28,5118,,0,cav3T_Re1000_dt15__grid_U0.95_p0.3,267,267,cav3T_Re1000_dt15,0,0.00392975427632871,0,818.88
0,0,False,[],50,501.0,4.846580667,True,0.0,0,495.37,False,0.95,0.5,t_grid,0,node126,0.95 0.5,0,8830,static,0,0,18,3245,,0,cav3T_Re1000_dt15__grid_U0.95_p0.5,267,267,cav3T_Re1000_dt15,0,0.003929768023950136,0,503.06
0,0,False,[],50,,6.32296892e+88,False,0.0,0,,True,0.95,0.7,t_grid,0,node126,0.95 0.7,0,2356,static,0,0,50,617,,-8,cav3T_Re1000_dt15__grid_U0.95_p0.7,15,267,cav3T_Re1000_dt15,0,,10,136.74
0,0,False,[],50,,3.336003999e+34,False,0.0,0,,True,0.95,0.9,t_grid,0,node126,0.95 0.9,0,556,static,0,0,50,140,,-8,cav3T_Re1000_dt15__grid_U0.95_p0.9,3,267,cav3T_Re1000_dt15,0,,3,48.73
0,0,False,[],50,1029.0,4.846721872,True,0.0,0,1019.88,False,0.9,0.2,t_grid,0,node126,0.9 0.2,0,18039,static,0,0,43,8323,,0,cav3T_Re1000_dt15__grid_U0.9_p0.2,267,267,cav3T_Re1000_dt15,0,0.0032010853832706385,0,1030.23
0,0,False,[],50,840.0,4.846721878,True,0.0,0,832.41,False,0.9,0.3,t_grid,0,node126,0.9 0.3,0,12559,static,0,0,28,5639,,0,cav3T_Re1000_dt15__grid_U0.9_p0.3,267,267,cav3T_Re1000_dt15,0,0.003201023348697172,0,841.83
0,0,False,[],50,644.0,4.846722093,True,0.0,0,568.79,False,0.9,0.5,t_grid,0,node126,0.9 0.5,0,9486,static,0,0,19,3756,,0,cav3T_Re1000_dt15__grid_U0.9_p0.5,267,267,cav3T_Re1000_dt15,0,0.003201033607116836,0,645.09
0,0,False,[],50,1337.0,4.846721246,True,0.0,0,1328.06,False,0.9,0.7,t_grid,0,node126,0.9 0.7,0,33041,static,0,0,42,10463,,0,cav3T_Re1000_dt15__grid_U0.9_p0.7,267,267,cav3T_Re1000_dt15,0,0.0032034478790291384,0,1339.22
0,0,False,[],50,,2.366895267e+97,False,0.0,0,,True,0.9,0.9,t_grid,0,node126,0.9 0.9,0,1031,static,0,0,50,270,,-8,cav3T_Re1000_dt15__grid_U0.9_p0.9,6,267,cav3T_Re1000_dt15,0,,6,74.31
0,0,False,[],50,582.0,9.683099731,True,0.0,0,555.51,False,0.7,0.3,t_grid,0,node126,,0,11102,static,0,0,37,3864,,0,cav3T_Re1000_dt30__default,133,133,cav3T_Re1000_dt30,0,2.9625354569751597e-06,0,584.95
0,0,False,[],50,869.0,9.684188425,True,0.0,0,859.75,False,0.5,0.2,t_grid,0,node126,0.5 0.2,0,18049,static,0,0,50,6138,,0,cav3T_Re1000_dt30__grid_U0.5_p0.2,133,133,cav3T_Re1000_dt30,0,0.0039270466796536944,20,870.42
0,0,False,[],50,746.0,9.684227593,True,0.0,0,738.05,False,0.5,0.3,t_grid,0,node126,0.5 0.3,0,14846,static,0,0,50,5067,,0,cav3T_Re1000_dt30__grid_U0.5_p0.3,133,133,cav3T_Re1000_dt30,0,0.003923950496124213,20,746.99
0,0,False,[],50,665.0,9.684226048,True,0.0,0,658.31,False,0.5,0.5,t_grid,0,node126,0.5 0.5,0,13035,static,0,0,50,4450,,0,cav3T_Re1000_dt30__grid_U0.5_p0.5,133,133,cav3T_Re1000_dt30,0,0.003930467366695408,20,667.12
0,0,False,[],50,634.0,9.684225143,True,0.0,0,625.53,False,0.5,0.7,t_grid,0,node126,0.5 0.7,0,12710,static,0,0,50,4326,,0,cav3T_Re1000_dt30__grid_U0.5_p0.7,133,133,cav3T_Re1000_dt30,0,0.003926731285095695,20,635.22
0,0,False,[],50,709.0,9.684224859,True,0.0,0,632.04,False,0.5,0.9,t_grid,0,node126,0.5 0.9,0,12694,static,0,0,50,4287,,0,cav3T_Re1000_dt30__grid_U0.5_p0.9,133,133,cav3T_Re1000_dt30,0,0.003924884551690173,20,709.63
0,0,False,[],50,797.0,9.683077971,True,0.0,0,788.94,False,0.7,0.2,t_grid,0,node126,0.7 0.2,0,13664,static,0,0,45,5333,,0,cav3T_Re1000_dt30__grid_U0.7_p0.2,133,133,cav3T_Re1000_dt30,0,1.3898000674925704e-06,0,798.22
0,0,False,[],50,597.0,9.683099731,True,0.0,0,589.59,False,0.7,0.3,t_grid,0,node126,0.7 0.3,0,11102,static,0,0,37,3864,,0,cav3T_Re1000_dt30__grid_U0.7_p0.3,133,133,cav3T_Re1000_dt30,0,2.9625354569751597e-06,0,597.84
0,0,False,[],50,458.0,9.683152709,True,0.0,0,449.81,False,0.7,0.5,t_grid,0,node126,0.7 0.5,0,8525,static,0,0,37,2911,,0,cav3T_Re1000_dt30__grid_U0.7_p0.5,133,133,cav3T_Re1000_dt30,0,1.1960960532540078e-05,0,459.72
0,0,False,[],50,492.0,9.683153039,True,0.0,0,418.29,False,0.7,0.7,t_grid,0,node126,0.7 0.7,0,7930,static,0,0,36,2692,,0,cav3T_Re1000_dt30__grid_U0.7_p0.7,133,133,cav3T_Re1000_dt30,0,2.375783669146994e-05,0,493.75
0,0,False,[],50,,6.588383422e+54,False,0.0,0,,True,0.7,0.9,t_grid,0,node126,0.7 0.9,0,3411,static,0,0,50,1042,,-8,cav3T_Re1000_dt30__grid_U0.7_p0.9,22,133,cav3T_Re1000_dt30,0,,19,293.85
0,0,False,[],50,727.0,9.682597875,True,0.0,0,715.38,False,0.8,0.2,t_grid,0,node126,0.8 0.2,0,11944,static,0,0,45,5071,,0,cav3T_Re1000_dt30__grid_U0.8_p0.2,133,133,cav3T_Re1000_dt30,0,0.0017229787811297642,0,728.24
0,0,False,[],50,545.0,9.68259969,True,0.0,0,539.01,False,0.8,0.3,t_grid,0,node126,0.8 0.3,0,9329,static,0,0,32,3603,,0,cav3T_Re1000_dt30__grid_U0.8_p0.3,133,133,cav3T_Re1000_dt30,0,0.0017230215497451204,0,546.93
0,0,False,[],50,469.0,9.682638648,True,0.0,0,393.3,False,0.8,0.5,t_grid,0,node126,0.8 0.5,0,7427,static,0,0,27,2522,,0,cav3T_Re1000_dt30__grid_U0.8_p0.5,133,133,cav3T_Re1000_dt30,0,0.0017229504309273533,0,470.45
0,0,False,[],50,387.0,9.682636078,True,0.0,0,380.83,False,0.8,0.7,t_grid,0,node126,0.8 0.7,0,7425,static,0,0,27,2524,,0,cav3T_Re1000_dt30__grid_U0.8_p0.7,133,133,cav3T_Re1000_dt30,0,0.0017233256098197753,0,387.8
0,0,False,[],50,,2.100656844e+21,False,0.0,0,,True,0.8,0.9,t_grid,0,node126,0.8 0.9,0,425,static,0,0,50,104,,-8,cav3T_Re1000_dt30__grid_U0.8_p0.9,3,133,cav3T_Re1000_dt30,0,,3,43.24
0,0,False,[],50,515.0,9.681922008,True,0.0,0,499.42,False,0.95,0.2,t_grid,0,node126,0.95 0.2,0,8957,static,0,0,46,3929,,0,cav3T_Re1000_dt30__grid_U0.95_p0.2,133,133,cav3T_Re1000_dt30,0,0.004078227006463925,0,516.09
0,0,False,[],50,516.0,9.681922186,True,0.0,0,437.09,False,0.95,0.3,t_grid,0,node126,0.95 0.3,0,6759,static,0,0,31,2831,,0,cav3T_Re1000_dt30__grid_U0.95_p0.3,133,133,cav3T_Re1000_dt30,0,0.004078176971887139,0,518.04
0,0,False,[],50,,5.475032655e+26,False,0.0,0,,True,0.95,0.5,t_grid,0,node126,0.95 0.5,0,1801,static,0,0,50,474,,-8,cav3T_Re1000_dt30__grid_U0.95_p0.5,12,133,cav3T_Re1000_dt30,0,,8,107.59
0,0,False,[],50,,3.920089375e+100,False,0.0,0,,True,0.95,0.7,t_grid,0,node126,0.95 0.7,0,475,static,0,0,50,104,,-8,cav3T_Re1000_dt30__grid_U0.95_p0.7,3,133,cav3T_Re1000_dt30,0,,3,54.39
0,0,False,[],50,,5.584814193e+36,False,0.0,0,,True,0.95,0.9,t_grid,0,node126,0.95 0.9,0,360,static,0,0,50,80,,-8,cav3T_Re1000_dt30__grid_U0.95_p0.9,2,133,cav3T_Re1000_dt30,0,,2,49.7
0,0,False,[],50,611.0,9.682140478,True,0.0,0,605.55,False,0.9,0.2,t_grid,0,node126,0.9 0.2,0,10238,static,0,0,46,4473,,0,cav3T_Re1000_dt30__grid_U0.9_p0.2,133,133,cav3T_Re1000_dt30,0,0.003320438899702672,0,612.78
0,0,False,[],50,497.0,9.682140554,True,0.0,0,491.79,False,0.9,0.3,t_grid,0,node126,0.9 0.3,0,7864,static,0,0,31,3213,,0,cav3T_Re1000_dt30__grid_U0.9_p0.3,133,133,cav3T_Re1000_dt30,0,0.0033204881832672338,0,498.62
0,0,False,[],50,371.0,9.68214105,True,0.0,0,366.13,False,0.9,0.5,t_grid,0,node126,0.9 0.5,0,7033,static,0,0,21,2405,,0,cav3T_Re1000_dt30__grid_U0.9_p0.5,133,133,cav3T_Re1000_dt30,0,0.003320434017025937,0,372.43
0,0,False,[],50,,2.344448881e+16,False,0.0,0,,True,0.9,0.7,t_grid,0,node126,0.9 0.7,0,1020,static,0,0,50,241,,-8,cav3T_Re1000_dt30__grid_U0.9_p0.7,5,133,cav3T_Re1000_dt30,0,,5,72.26
0,0,False,[],50,,6.665237646e+28,False,0.0,0,,True,0.9,0.9,t_grid,0,node126,0.9 0.9,0,445,static,0,0,50,98,,-8,cav3T_Re1000_dt30__grid_U0.9_p0.9,2,133,cav3T_Re1000_dt30,0,,2,41.28
0,0,False,[],50,241.0,6.034637594,True,0.0,0,238.49,False,0.7,0.3,t_grid,0,node127,,0,41359,static,0,0,29,9396,,0,cavT_Re1000_dt05__default,400,400,cavT_Re1000_dt05,0,1.7733750802733154e-05,0,242.4
0,0,False,[],50,400.0,6.034618733,True,0.0,0,396.29,False,0.5,0.2,t_grid,0,node121,0.5 0.2,0,68774,static,0,0,46,15127,,0,cavT_Re1000_dt05__grid_U0.5_p0.2,400,400,cavT_Re1000_dt05,0,0.00038204259474996133,0,402.23
0,0,False,[],50,293.0,6.034591983,True,0.0,0,290.16,False,0.5,0.3,t_grid,0,node126,0.5 0.3,0,55148,static,0,0,45,11846,,0,cavT_Re1000_dt05__grid_U0.5_p0.3,400,400,cavT_Re1000_dt05,0,0.0005076033516212698,0,294.72
0,0,False,[],50,267.0,6.034541889,True,0.0,0,264.7,False,0.5,0.5,t_grid,0,node099,0.5 0.5,0,48910,static,0,0,45,10319,,0,cavT_Re1000_dt05__grid_U0.5_p0.5,400,400,cavT_Re1000_dt05,0,0.0008210070734525163,0,269.28
0,0,False,[],50,270.0,6.034534386,True,0.0,0,266.82,False,0.5,0.7,t_grid,0,node121,0.5 0.7,0,49293,static,0,0,45,10169,,0,cavT_Re1000_dt05__grid_U0.5_p0.7,400,400,cavT_Re1000_dt05,0,0.0009159620436087982,0,275.23
0,0,False,[],50,244.0,6.034534367,True,0.0,0,240.73,False,0.5,0.9,t_grid,0,node126,0.5 0.9,0,50040,static,0,0,45,10169,,0,cavT_Re1000_dt05__grid_U0.5_p0.9,400,400,cavT_Re1000_dt05,0,0.0009159959677436422,0,244.61
0,0,False,[],50,299.0,6.034639324,True,0.0,0,296.89,False,0.7,0.2,t_grid,0,node121,0.7 0.2,0,53806,static,0,0,41,13338,,0,cavT_Re1000_dt05__grid_U0.7_p0.2,400,400,cavT_Re1000_dt05,0,6.860041430354674e-07,0,301.13
0,0,False,[],50,235.0,6.034637594,True,0.0,0,233.09,False,0.7,0.3,t_grid,0,node127,0.7 0.3,0,41359,static,0,0,29,9396,,0,cavT_Re1000_dt05__grid_U0.7_p0.3,400,400,cavT_Re1000_dt05,0,1.7733750802733154e-05,0,237.08
0,0,False,[],50,168.0,6.034620547,True,0.0,0,165.52,False,0.7,0.5,t_grid,0,node121,0.7 0.5,0,31471,static,0,0,24,6668,,0,cavT_Re1000_dt05__grid_U0.7_p0.5,400,400,cavT_Re1000_dt05,0,0.00015560852125696728,0,168.66
0,0,False,[],50,182.0,6.034604391,True,0.0,0,179.54,False,0.7,0.7,t_grid,0,node099,0.7 0.7,0,30347,static,0,0,24,6193,,0,cavT_Re1000_dt05__grid_U0.7_p0.7,400,400,cavT_Re1000_dt05,0,0.0002740000894800049,0,183.74
0,0,False,[],50,,157711.979,False,0.0,0,,True,0.7,0.9,t_grid,0,node126,0.7 0.9,0,6548,static,0,0,50,1236,,-8,cavT_Re1000_dt05__grid_U0.7_p0.9,27,400,cavT_Re1000_dt05,0,,18,38.78
0,0,False,[],50,312.0,6.034643726,True,0.0,0,308.37,False,0.8,0.2,t_grid,0,node127,0.8 0.2,0,46524,static,0,0,42,12594,,0,cavT_Re1000_dt05__grid_U0.8_p0.2,400,400,cavT_Re1000_dt05,0,0.00015303367963965243,0,316.36
0,0,False,[],50,236.0,6.03464349,True,0.0,0,233.22,False,0.8,0.3,t_grid,0,node127,0.8 0.3,0,35961,static,0,0,28,8743,,0,cavT_Re1000_dt05__grid_U0.8_p0.3,400,400,cavT_Re1000_dt05,0,0.0001526054326490005,0,240.1
0,0,False,[],50,146.0,6.034640296,True,0.0,0,144.18,False,0.8,0.5,t_grid,0,node121,0.8 0.5,0,27091,static,0,0,18,5856,,0,cavT_Re1000_dt05__grid_U0.8_p0.5,400,400,cavT_Re1000_dt05,0,0.0001504816238764,0,151.45
0,0,False,[],50,147.0,6.034640076,True,0.0,0,145.48,False,0.8,0.7,t_grid,0,node099,0.8 0.7,0,28882,static,0,0,18,5778,,0,cavT_Re1000_dt05__grid_U0.8_p0.7,400,400,cavT_Re1000_dt05,0,0.00015062825167956023,0,149.35
0,0,False,[],50,,223600.0619,False,0.0,0,,True,0.8,0.9,t_grid,0,node126,0.8 0.9,0,424,static,0,0,50,79,,-8,cavT_Re1000_dt05__grid_U0.8_p0.9,2,400,cavT_Re1000_dt05,0,,2,9.12
0,0,False,[],50,236.0,6.034649398,True,0.0,0,233.66,False,0.95,0.2,t_grid,0,node121,0.95 0.2,0,34328,static,0,0,44,9887,,0,cavT_Re1000_dt05__grid_U0.95_p0.2,400,400,cavT_Re1000_dt05,0,0.0003593732345629294,0,237.89
0,0,False,[],50,184.0,6.034649395,True,0.0,0,182.27,False,0.95,0.3,t_grid,0,node121,0.95 0.3,0,26011,static,0,0,29,6879,,0,cavT_Re1000_dt05__grid_U0.95_p0.3,400,400,cavT_Re1000_dt05,0,0.0003593133249988558,0,185.66
0,0,False,[],50,,5.996092655e+92,False,0.0,0,,True,0.95,0.5,t_grid,0,node099,0.95 0.5,0,3400,static,0,0,50,703,,-8,cavT_Re1000_dt05__grid_U0.95_p0.5,19,400,cavT_Re1000_dt05,0,,9,22.27
0,0,False,[],50,,1.171850433e+33,False,0.0,0,,True,0.95,0.7,t_grid,0,node121,0.95 0.7,0,509,static,0,0,50,95,,-8,cavT_Re1000_dt05__grid_U0.95_p0.7,2,400,cavT_Re1000_dt05,0,,2,7.84
0,0,False,[],50,,0,False,0.0,0,,True,0.95,0.9,t_grid,0,node127,0.95 0.9,0,237,static,0,0,37,37,,-8,cavT_Re1000_dt05__grid_U0.95_p0.9,1,400,cavT_Re1000_dt05,0,,1,5.91
0,0,False,[],50,250.0,6.034647592,True,0.0,0,247.52,False,0.9,0.2,t_grid,0,node127,0.9 0.2,0,39617,static,0,0,43,11288,,0,cavT_Re1000_dt05__grid_U0.9_p0.2,400,400,cavT_Re1000_dt05,0,0.0002932659033263814,0,251.24
0,0,False,[],50,200.0,6.03464758,True,0.0,0,197.54,False,0.9,0.3,t_grid,0,node127,0.9 0.3,0,29960,static,0,0,29,7717,,0,cavT_Re1000_dt05__grid_U0.9_p0.3,400,400,cavT_Re1000_dt05,0,0.00029322912899006987,0,204.08
0,0,False,[],50,155.0,6.03464748,True,0.0,0,153.51,False,0.9,0.5,t_grid,0,node099,0.9 0.5,0,27341,static,0,0,17,5773,,0,cavT_Re1000_dt05__grid_U0.9_p0.5,400,400,cavT_Re1000_dt05,0,0.00029300990530873683,0,157.48
0,0,False,[],50,,35.99753816,False,0.0,0,,True,0.9,0.7,t_grid,0,node121,0.9 0.7,0,1120,static,0,0,50,242,,-8,cavT_Re1000_dt05__grid_U0.9_p0.7,5,400,cavT_Re1000_dt05,0,,5,13.9
0,0,False,[],50,,1.232376197e+21,False,0.0,0,,True,0.9,0.9,t_grid,0,node127,0.9 0.9,0,558,static,0,0,50,99,,-8,cavT_Re1000_dt05__grid_U0.9_p0.9,2,400,cavT_Re1000_dt05,0,,2,10.19
0,0,False,[],50,159.0,12.06821867,True,0.0,0,157.62,False,0.7,0.3,t_grid,0,node121,,0,27153,static,0,0,39,5654,,0,cavT_Re1000_dt10__default,200,200,cavT_Re1000_dt10,0,0.0002580511094137121,0,161.09
0,0,False,[],50,261.0,12.06806728,True,0.0,0,257.85,False,0.5,0.2,t_grid,0,node126,0.5 0.2,0,43809,static,0,0,50,9080,,0,cavT_Re1000_dt10__grid_U0.5_p0.2,200,200,cavT_Re1000_dt10,0,0.0010236475629044645,67,262.74
0,0,False,[],50,246.0,12.06794547,True,0.0,0,226.87,False,0.5,0.3,t_grid,0,node126,0.5 0.3,0,41194,static,0,0,50,8369,,0,cavT_Re1000_dt10__grid_U0.5_p0.3,200,200,cavT_Re1000_dt10,0,0.001489581381736079,66,251.35
0,0,False,[],50,239.0,12.06793245,True,0.0,0,235.72,False,0.5,0.5,t_grid,0,node126,0.5 0.5,0,41470,static,0,0,50,8304,,0,cavT_Re1000_dt10__grid_U0.5_p0.5,200,200,cavT_Re1000_dt10,0,0.0015814145749164508,66,240.03
0,0,False,[],50,197.0,12.06793245,True,0.0,0,194.49,False,0.5,0.7,t_grid,0,node121,0.5 0.7,0,41794,static,0,0,50,8304,,0,cavT_Re1000_dt10__grid_U0.5_p0.7,200,200,cavT_Re1000_dt10,0,0.0015812399956719341,66,198.06
0,0,False,[],50,232.0,12.06793212,True,0.0,0,213.11,False,0.5,0.9,t_grid,0,node126,0.5 0.9,0,42208,static,0,0,50,8302,,0,cavT_Re1000_dt10__grid_U0.5_p0.9,200,200,cavT_Re1000_dt10,0,0.0015829817607413475,66,237.33
0,0,False,[],50,213.0,12.06826549,True,0.0,0,195.07,False,0.7,0.2,t_grid,0,node127,0.7 0.2,0,33280,static,0,0,44,7366,,0,cavT_Re1000_dt10__grid_U0.7_p0.2,200,200,cavT_Re1000_dt10,0,5.235410463254419e-05,0,215.94
0,0,False,[],50,162.0,12.06821867,True,0.0,0,143.91,False,0.7,0.3,t_grid,0,node127,0.7 0.3,0,27153,static,0,0,39,5654,,0,cavT_Re1000_dt10__grid_U0.7_p0.3,200,200,cavT_Re1000_dt10,0,0.0002580511094137121,0,165.75
0,0,False,[],50,129.0,12.06814551,True,0.0,0,127.37,False,0.7,0.5,t_grid,0,node127,0.7 0.5,0,25393,static,0,0,39,5095,,0,cavT_Re1000_dt10__grid_U0.7_p0.5,200,200,cavT_Re1000_dt10,0,0.0005587280738456467,0,130.19
0,0,False,[],50,159.0,12.06815302,True,0.0,0,140.62,False,0.7,0.7,t_grid,0,node121,0.7 0.7,0,25816,static,0,0,39,5091,,0,cavT_Re1000_dt10__grid_U0.7_p0.7,200,200,cavT_Re1000_dt10,0,0.0005464481251325126,0,162.19
0,0,False,[],50,,8897547.402,False,0.0,0,,True,0.7,0.9,t_grid,0,node099,0.7 0.9,0,597,static,0,0,50,123,,-8,cavT_Re1000_dt10__grid_U0.7_p0.9,3,200,cavT_Re1000_dt10,0,,3,7.78
0,0,False,[],50,200.0,12.06828383,True,0.0,0,180.95,False,0.8,0.2,t_grid,0,node126,0.8 0.2,0,28456,static,0,0,43,6771,,0,cavT_Re1000_dt10__grid_U0.8_p0.2,200,200,cavT_Re1000_dt10,0,0.00015424808061731838,0,203.07
0,0,False,[],50,147.0,12.06827519,True,0.0,0,128.55,False,0.8,0.3,t_grid,0,node121,0.8 0.3,0,22801,static,0,0,30,4947,,0,cavT_Re1000_dt10__grid_U0.8_p0.3,200,200,cavT_Re1000_dt10,0,0.00015599658597349096,0,150.05
0,0,False,[],50,104.0,12.06823527,True,0.0,0,102.41,False,0.8,0.5,t_grid,0,node121,0.8 0.5,0,19461,static,0,0,28,3965,,0,cavT_Re1000_dt10__grid_U0.8_p0.5,200,200,cavT_Re1000_dt10,0,0.00024903697484204954,0,105.34
0,0,False,[],50,,1.474252494e+18,False,0.0,0,,True,0.8,0.7,t_grid,0,node099,0.8 0.7,0,10596,static,0,0,50,2348,,-8,cavT_Re1000_dt10__grid_U0.8_p0.7,52,200,cavT_Re1000_dt10,0,,40,62.61
0,0,False,[],50,,5.681720395e+22,False,0.0,0,,True,0.8,0.9,t_grid,0,node121,0.8 0.9,0,1294,static,0,0,50,53,,-8,cavT_Re1000_dt10__grid_U0.8_p0.9,2,200,cavT_Re1000_dt10,0,,2,6.3
0,0,False,[],50,141.0,12.06829652,True,0.0,0,138.34,False,0.95,0.2,t_grid,0,node126,0.95 0.2,0,21460,static,0,0,45,5304,,0,cavT_Re1000_dt10__grid_U0.95_p0.2,200,200,cavT_Re1000_dt10,0,0.00036369805908658103,0,141.97
0,0,False,[],50,147.0,12.06829647,True,0.0,0,145.68,False,0.95,0.3,t_grid,0,node127,0.95 0.3,0,23296,static,0,0,30,4916,,0,cavT_Re1000_dt10__grid_U0.95_p0.3,200,200,cavT_Re1000_dt10,0,0.00036361877533926817,0,148.82
0,0,False,[],50,,7.263224296e+22,False,0.0,0,,True,0.95,0.5,t_grid,0,node127,0.95 0.5,0,387,static,0,0,50,63,,-8,cavT_Re1000_dt10__grid_U0.95_p0.5,2,200,cavT_Re1000_dt10,0,,2,8.61
0,0,False,[],50,,0,False,0.0,0,,True,0.95,0.7,t_grid,0,node127,0.95 0.7,0,191,static,0,0,31,31,,-8,cavT_Re1000_dt10__grid_U0.95_p0.7,1,200,cavT_Re1000_dt10,0,,1,3.49
0,0,False,[],50,,0,False,0.0,0,,True,0.95,0.9,t_grid,0,node127,0.95 0.9,0,2168,static,0,0,24,24,,-8,cavT_Re1000_dt10__grid_U0.95_p0.9,1,200,cavT_Re1000_dt10,0,,1,8.11
0,0,False,[],50,176.0,12.06829279,True,0.0,0,157.34,False,0.9,0.2,t_grid,0,node121,0.9 0.2,0,24698,static,0,0,44,6003,,0,cavT_Re1000_dt10__grid_U0.9_p0.2,200,200,cavT_Re1000_dt10,0,0.0002968139216722767,0,181.31
0,0,False,[],50,142.0,12.0682926,True,0.0,0,123.99,False,0.9,0.3,t_grid,0,node126,0.9 0.3,0,21330,static,0,0,29,4606,,0,cavT_Re1000_dt10__grid_U0.9_p0.3,200,200,cavT_Re1000_dt10,0,0.0002966383904249943,0,145.37
0,0,False,[],50,,15493819.67,False,0.0,0,,True,0.9,0.5,t_grid,0,node099,0.9 0.5,0,5872,static,0,0,50,1290,,-8,cavT_Re1000_dt10__grid_U0.9_p0.5,30,200,cavT_Re1000_dt10,0,,21,38.71
0,0,False,[],50,,8.593992842e+44,False,0.0,0,,True,0.9,0.7,t_grid,0,node127,0.9 0.7,0,334,static,0,0,50,61,,-8,cavT_Re1000_dt10__grid_U0.9_p0.7,2,200,cavT_Re1000_dt10,0,,2,6.8
0,0,False,[],50,,0,False,0.0,0,,True,0.9,0.9,t_grid,0,node126,0.9 0.9,0,2162,static,0,0,26,26,,-8,cavT_Re1000_dt10__grid_U0.9_p0.9,1,200,cavT_Re1000_dt10,0,,1,11.06
0,0,False,[],50,500.0,3.207752421284042,True,0.0,0,492.53,False,0.7,0.3,t_grid,0,node121,,0,38278,static,0,0,30,12062,,0,cylT_Re100_dt05__default,600,600,cylT_Re100_dt05,0,9.77197684179314e-07,0,503.51
0,0,False,[],50,630.0,3.20747302687092,True,0.0,0,625.55,False,0.5,0.2,t_grid,0,node126,0.5 0.2,0,61263,static,0,0,45,19562,,0,cylT_Re100_dt05__grid_U0.5_p0.2,600,600,cylT_Re100_dt05,0,0.0008289044250002529,0,631.91
0,0,False,[],50,573.0,3.207427174483142,True,0.0,0,566.18,False,0.5,0.3,t_grid,0,node121,0.5 0.3,0,45008,static,0,0,35,13292,,0,cylT_Re100_dt05__grid_U0.5_p0.3,600,600,cylT_Re100_dt05,0,0.0008336746792610146,0,573.63
0,0,False,[],50,382.0,3.207372899855029,True,0.0,0,379.01,False,0.5,0.5,t_grid,0,node099,0.5 0.5,0,34168,static,0,0,27,8819,,0,cylT_Re100_dt05__grid_U0.5_p0.5,600,600,cylT_Re100_dt05,0,0.0008540602759462359,0,383.81
0,0,False,[],50,298.0,3.207378799888483,True,0.0,0,295.22,False,0.5,0.7,t_grid,0,node099,0.5 0.7,0,28796,static,0,0,27,7180,,0,cylT_Re100_dt05__grid_U0.5_p0.7,600,600,cylT_Re100_dt05,0,0.0008655796988957884,0,299.52
0,0,False,[],50,600.0,3.207461354026669,True,0.0,0,579.54,False,0.5,0.9,t_grid,0,node099,0.5 0.9,0,54428,static,0,0,42,12331,,0,cylT_Re100_dt05__grid_U0.5_p0.9,600,600,cylT_Re100_dt05,0,0.0008403389142628189,0,601.46
0,0,False,[],50,644.0,3.207748961330336,True,0.0,0,639.57,False,0.7,0.2,t_grid,0,node127,0.7 0.2,0,55941,static,0,0,42,18050,,0,cylT_Re100_dt05__grid_U0.7_p0.2,600,600,cylT_Re100_dt05,0,9.041314247871937e-07,0,645.28
0,0,False,[],50,468.0,3.207752421284042,True,0.0,0,464.18,False,0.7,0.3,t_grid,0,node099,0.7 0.3,0,38278,static,0,0,30,12062,,0,cylT_Re100_dt05__grid_U0.7_p0.3,600,600,cylT_Re100_dt05,0,9.77197684179314e-07,0,469.75
0,0,False,[],50,334.0,3.207730882505911,True,0.0,0,330.14,False,0.7,0.5,t_grid,0,node127,0.7 0.5,0,26467,static,0,0,21,7386,,0,cylT_Re100_dt05__grid_U0.7_p0.5,600,600,cylT_Re100_dt05,0,1.638508516815464e-06,0,335.22
0,0,False,[],50,255.0,3.207708888975983,True,0.0,0,252.01,False,0.7,0.7,t_grid,0,node127,0.7 0.7,0,22349,static,0,0,17,5658,,0,cylT_Re100_dt05__grid_U0.7_p0.7,600,600,cylT_Re100_dt05,0,9.035662631846256e-06,0,256.51
0,0,False,[],50,491.0,3.207749950850185,True,0.0,0,485.46,False,0.7,0.9,t_grid,0,node127,0.7 0.9,0,50488,static,0,0,46,10834,,0,cylT_Re100_dt05__grid_U0.7_p0.9,600,600,cylT_Re100_dt05,0,4.728446663042526e-06,0,491.86
0,0,False,[],50,849.0,3.207849222422539,True,0.0,0,828.9,False,0.8,0.2,t_grid,0,node126,0.8 0.2,0,53199,static,0,0,44,17049,,0,cylT_Re100_dt05__grid_U0.8_p0.2,600,600,cylT_Re100_dt05,0,0.00029647118768722446,0,852.22
0,0,False,[],50,490.0,3.207841455824334,True,0.0,0,484.37,False,0.8,0.3,t_grid,0,node127,0.8 0.3,0,35875,static,0,0,30,11306,,0,cylT_Re100_dt05__grid_U0.8_p0.3,600,600,cylT_Re100_dt05,0,0.0002966023400986338,0,491.37
0,0,False,[],50,288.0,3.207852239064861,True,0.0,0,285.66,False,0.8,0.5,t_grid,0,node126,0.8 0.5,0,23637,static,0,0,20,6839,,0,cylT_Re100_dt05__grid_U0.8_p0.5,600,600,cylT_Re100_dt05,0,0.00029860874312327284,0,289.93
0,0,False,[],50,234.0,3.207839972158081,True,0.0,0,231.85,False,0.8,0.7,t_grid,0,node099,0.8 0.7,0,19953,static,0,0,17,5149,,0,cylT_Re100_dt05__grid_U0.8_p0.7,600,600,cylT_Re100_dt05,0,0.00029626140452614433,0,235.73
0,0,False,[],50,518.0,3.207848526309237,True,0.0,0,501.15,False,0.8,0.9,t_grid,0,node126,0.8 0.9,0,47285,static,0,0,47,10112,,0,cylT_Re100_dt05__grid_U0.8_p0.9,600,600,cylT_Re100_dt05,0,0.00030243015135403734,0,520.98
0,0,False,[],50,583.0,3.207957029061361,True,0.0,0,576.94,False,0.95,0.2,t_grid,0,node099,0.95 0.2,0,48366,static,0,0,49,13418,,0,cylT_Re100_dt05__grid_U0.95_p0.2,600,600,cylT_Re100_dt05,0,0.0006786703831566286,0,584.65
0,0,False,[],50,398.0,3.207956684988563,True,0.0,0,393.65,False,0.95,0.3,t_grid,0,node127,0.95 0.3,0,32898,static,0,0,33,9058,,0,cylT_Re100_dt05__grid_U0.95_p0.3,600,600,cylT_Re100_dt05,0,0.0006779490356991534,0,399.32
0,0,False,[],50,252.0,3.207967586681938,True,0.0,0,248.6,False,0.95,0.5,t_grid,0,node121,0.95 0.5,0,21137,static,0,0,21,5717,,0,cylT_Re100_dt05__grid_U0.95_p0.5,600,600,cylT_Re100_dt05,0,0.0006755088186516463,0,253.25
0,0,False,[],50,240.0,3.207962712867272,True,0.0,0,223.33,False,0.95,0.7,t_grid,0,node099,0.95 0.7,0,18910,static,0,0,18,4602,,0,cylT_Re100_dt05__grid_U0.95_p0.7,600,600,cylT_Re100_dt05,0,0.000675444010963895,0,242.02
0,0,False,[],50,1184.0,7.088945707993049,True,0.0,0,1176.09,False,0.95,0.9,t_grid,0,node126,0.95 0.9,0,161901,static,0,0,50,29978,,0,cylT_Re100_dt05__grid_U0.95_p0.9,600,600,cylT_Re100_dt05,0,0.26626394183483937,596,1185.32
0,0,False,[],50,525.0,3.207927563806886,True,0.0,0,521.86,False,0.9,0.2,t_grid,0,node099,0.9 0.2,0,50571,static,0,0,47,15170,,0,cylT_Re100_dt05__grid_U0.9_p0.2,600,600,cylT_Re100_dt05,0,0.000556962840003026,0,526.89
0,0,False,[],50,465.0,3.207927109867582,True,0.0,0,458.82,False,0.9,0.3,t_grid,0,node126,0.9 0.3,0,34233,static,0,0,31,10160,,0,cylT_Re100_dt05__grid_U0.9_p0.3,600,600,cylT_Re100_dt05,0,0.000555737112764476,0,465.93
0,0,False,[],50,276.0,3.207930986887449,True,0.0,0,273.05,False,0.9,0.5,t_grid,0,node121,0.9 0.5,0,22246,static,0,0,20,6273,,0,cylT_Re100_dt05__grid_U0.9_p0.5,600,600,cylT_Re100_dt05,0,0.0005547791942677375,0,277.42
0,0,False,[],50,228.0,3.207927393174036,True,0.0,0,225.51,False,0.9,0.7,t_grid,0,node127,0.9 0.7,0,18951,static,0,0,18,4840,,0,cylT_Re100_dt05__grid_U0.9_p0.7,600,600,cylT_Re100_dt05,0,0.0005570419679726906,0,229.65
0,0,False,[],50,504.0,3.207927445945443,True,0.0,0,499.24,False,0.9,0.9,t_grid,0,node121,0.9 0.9,0,54703,static,0,0,50,11329,,0,cylT_Re100_dt05__grid_U0.9_p0.9,600,600,cylT_Re100_dt05,0,0.0005573299503797095,1,505.78
0,0,False,[],50,293.0,6.077323819453041,True,0.0,0,289.99,False,0.7,0.3,t_grid,0,node126,,0,25323,static,0,0,38,6331,,0,cylT_Re100_dt10__default,300,300,cylT_Re100_dt10,0,1.7601741243184196e-06,0,294.94
0,0,False,[],50,480.0,6.077837887052004,True,0.0,0,456.4,False,0.5,0.2,t_grid,0,node099,0.5 0.2,0,38341,static,0,0,50,10210,,0,cylT_Re100_dt10__grid_U0.5_p0.2,300,300,cylT_Re100_dt10,0,0.0001936007034088913,2,481.26
0,0,False,[],50,356.0,6.077696187195627,True,0.0,0,334.42,False,0.5,0.3,t_grid,0,node099,0.5 0.3,0,30102,static,0,0,46,7302,,0,cylT_Re100_dt10__grid_U0.5_p0.3,300,300,cylT_Re100_dt10,0,0.0001995246878377349,0,357.95
0,0,False,[],50,232.0,6.077631517011137,True,0.0,0,229.52,False,0.5,0.5,t_grid,0,node099,0.5 0.5,0,22864,static,0,0,45,5177,,0,cylT_Re100_dt10__grid_U0.5_p0.5,300,300,cylT_Re100_dt10,0,0.00021003059884949584,0,233.68
0,0,False,[],50,234.0,6.077658212841387,True,0.0,0,231.3,False,0.5,0.7,t_grid,0,node126,0.5 0.7,0,21813,static,0,0,45,4635,,0,cylT_Re100_dt10__grid_U0.5_p0.7,300,300,cylT_Re100_dt10,0,0.00022216569647915755,0,235.55
0,0,False,[],50,646.0,6.077854741944376,True,0.0,0,621.17,False,0.5,0.9,t_grid,0,node126,0.5 0.9,0,60592,static,0,0,50,13272,,0,cylT_Re100_dt10__grid_U0.5_p0.9,300,300,cylT_Re100_dt10,0,0.00021367373645365248,62,647.53
0,0,False,[],50,427.0,6.077318624318376,True,0.0,0,422.11,False,0.7,0.2,t_grid,0,node099,0.7 0.2,0,33015,static,0,0,50,9142,,0,cylT_Re100_dt10__grid_U0.7_p0.2,300,300,cylT_Re100_dt10,0,8.204087263416306e-07,1,428.74
0,0,False,[],50,296.0,6.077323819453041,True,0.0,0,291.9,False,0.7,0.3,t_grid,0,node127,0.7 0.3,0,25323,static,0,0,38,6331,,0,cylT_Re100_dt10__grid_U0.7_p0.3,300,300,cylT_Re100_dt10,0,1.7601741243184196e-06,0,296.94
0,0,False,[],50,219.0,6.077194962010362,True,0.0,0,198.05,False,0.7,0.5,t_grid,0,node126,0.7 0.5,0,18544,static,0,0,29,4239,,0,cylT_Re100_dt10__grid_U0.7_p0.5,300,300,cylT_Re100_dt10,0,3.0199519123874074e-06,0,220.23
0,0,False,[],50,181.0,6.077201530232835,True,0.0,0,160.23,False,0.7,0.7,t_grid,0,node126,0.7 0.7,0,15541,static,0,0,29,3391,,0,cylT_Re100_dt10__grid_U0.7_p0.7,300,300,cylT_Re100_dt10,0,1.1745399585077954e-05,0,182.14
0,0,False,[],50,610.0,23.84977347796596,True,0.0,0,604.34,False,0.7,0.9,t_grid,0,node127,0.7 0.9,0,71281,static,0,0,50,15000,,0,cylT_Re100_dt10__grid_U0.7_p0.9,300,300,cylT_Re100_dt10,0,0.33884461438252256,300,611.23
0,0,False,[],50,404.0,6.077117080989028,True,0.0,0,381.6,False,0.8,0.2,t_grid,0,node121,0.8 0.2,0,31226,static,0,0,49,8569,,0,cylT_Re100_dt10__grid_U0.8_p0.2,300,300,cylT_Re100_dt10,0,7.075980383591799e-05,0,405.67
0,0,False,[],50,274.0,6.077091907997612,True,0.0,0,271.98,False,0.8,0.3,t_grid,0,node099,0.8 0.3,0,23987,static,0,0,36,5945,,0,cylT_Re100_dt10__grid_U0.8_p0.3,300,300,cylT_Re100_dt10,0,7.001162841859962e-05,0,276.25
0,0,False,[],50,205.0,6.077039665888168,True,0.0,0,184.14,False,0.8,0.5,t_grid,0,node121,0.8 0.5,0,17490,static,0,0,26,3936,,0,cylT_Re100_dt10__grid_U0.8_p0.5,300,300,cylT_Re100_dt10,0,6.979895161677559e-05,0,206.26
0,0,False,[],50,185.0,6.076988428396318,True,0.0,0,164.28,False,0.8,0.7,t_grid,0,node099,0.8 0.7,0,15014,static,0,0,24,3293,,0,cylT_Re100_dt10__grid_U0.8_p0.7,300,300,cylT_Re100_dt10,0,7.01768748517354e-05,0,186.04
0,0,False,[],50,694.0,22.70418082814297,True,0.0,0,688.56,False,0.8,0.9,t_grid,0,node127,0.8 0.9,0,70349,static,0,0,50,15000,,0,cylT_Re100_dt10__grid_U0.8_p0.9,300,300,cylT_Re100_dt10,0,0.41879093366468223,300,695.66
0,0,False,[],50,306.0,6.076812700856205,True,0.0,0,302.81,False,0.95,0.2,t_grid,0,node126,0.95 0.2,0,28374,static,0,0,50,6797,,0,cylT_Re100_dt10__grid_U0.95_p0.2,300,300,cylT_Re100_dt10,0,0.00016145574013083896,1,307.71
0,0,False,[],50,241.0,6.076810718875981,True,0.0,0,238.04,False,0.95,0.3,t_grid,0,node126,0.95 0.3,0,22230,static,0,0,37,4826,,0,cylT_Re100_dt10__grid_U0.95_p0.3,300,300,cylT_Re100_dt10,0,0.0001612858820819929,0,242.5
0,0,False,[],50,185.0,6.07679650563152,True,0.0,0,164.31,False,0.95,0.5,t_grid,0,node121,0.95 0.5,0,16757,static,0,0,26,3358,,0,cylT_Re100_dt10__grid_U0.95_p0.5,300,300,cylT_Re100_dt10,0,0.0001616715103708755,0,186.13
0,0,False,[],50,750.0,22.04411216792345,True,0.0,0,742.43,False,0.95,0.7,t_grid,0,node126,0.95 0.7,0,83340,static,0,0,50,14975,,0,cylT_Re100_dt10__grid_U0.95_p0.7,300,300,cylT_Re100_dt10,0,0.15656441160007384,298,750.92
0,0,False,[],50,718.0,30.8542002343654,True,0.0,0,711.93,False,0.95,0.9,t_grid,0,node126,0.95 0.9,0,71009,static,0,0,50,15000,,0,cylT_Re100_dt10__grid_U0.95_p0.9,300,300,cylT_Re100_dt10,0,0.5727169531820874,300,719.54
0,0,False,[],50,361.0,6.076911655965979,True,0.0,0,356.57,False,0.9,0.2,t_grid,0,node127,0.9 0.2,0,29294,static,0,0,50,7665,,0,cylT_Re100_dt10__grid_U0.9_p0.2,300,300,cylT_Re100_dt10,0,0.0001324104061582682,1,362.4
0,0,False,[],50,270.0,6.07690409066106,True,0.0,0,266.53,False,0.9,0.3,t_grid,0,node126,0.9 0.3,0,22535,static,0,0,36,5296,,0,cylT_Re100_dt10__grid_U0.9_p0.3,300,300,cylT_Re100_dt10,0,0.00013235950992432764,0,271.42
0,0,False,[],50,196.0,6.076890964392592,True,0.0,0,175.47,False,0.9,0.5,t_grid,0,node099,0.9 0.5,0,16918,static,0,0,26,3547,,0,cylT_Re100_dt10__grid_U0.9_p0.5,300,300,cylT_Re100_dt10,0,0.00013284241119849893,0,197.51
0,0,False,[],50,183.0,6.076895846290632,True,0.0,0,180.43,False,0.9,0.7,t_grid,0,node127,0.9 0.7,0,19183,static,0,0,25,3738,,0,cylT_Re100_dt10__grid_U0.9_p0.7,300,300,cylT_Re100_dt10,0,0.00013425999936722706,0,184.59
0,0,False,[],50,662.0,33.49678153439579,True,0.0,0,654.77,False,0.9,0.9,t_grid,0,node099,0.9 0.9,0,70975,static,0,0,50,15000,,0,cylT_Re100_dt10__grid_U0.9_p0.9,300,300,cylT_Re100_dt10,0,0.6520798434292595,300,662.85
0,0,False,[],50,592.0,7.13561,True,0.0,0,565.24,False,0.7,0.3,t_grid,0,node126,,0,250767,static,0,0,35,22249,,0,pitzT_U10_dt1__default,1000,1000,pitzT_U10_dt1,0,6.078341373317772e-07,0,597.13
0,0,False,[],50,833.0,7.1059,True,0.0,0,825.13,False,0.5,0.2,t_grid,0,node127,0.5 0.2,0,399617,static,0,0,50,35429,,0,pitzT_U10_dt1__grid_U0.5_p0.2,1000,1000,pitzT_U10_dt1,0,0.0002478220551112201,2,834.45
0,0,False,[],50,537.0,7.10651,True,0.0,0,532.63,False,0.5,0.3,t_grid,0,node121,0.5 0.3,0,271925,static,0,0,50,24275,,0,pitzT_U10_dt1__grid_U0.5_p0.3,1000,1000,pitzT_U10_dt1,0,0.00024662367278764874,1,538.52
0,0,False,[],50,460.0,7.10642,True,0.0,0,433.33,False,0.5,0.5,t_grid,0,node127,0.5 0.5,0,190843,static,0,0,50,16811,,0,pitzT_U10_dt1__grid_U0.5_p0.5,1000,1000,pitzT_U10_dt1,0,0.0002413185700383228,1,463.62
0,0,False,[],50,404.0,7.10645,True,0.0,0,400.62,False,0.5,0.7,t_grid,0,node127,0.5 0.7,0,184452,static,0,0,50,15596,,0,pitzT_U10_dt1__grid_U0.5_p0.7,1000,1000,pitzT_U10_dt1,0,0.00024116292977706874,1,406.13
0,0,False,[],50,436.0,7.10646,True,0.0,0,409.38,False,0.5,0.9,t_grid,0,node127,0.5 0.9,0,189530,static,0,0,50,15421,,0,pitzT_U10_dt1__grid_U0.5_p0.9,1000,1000,pitzT_U10_dt1,0,0.00024105662429673978,1,439.77
0,0,False,[],50,664.0,7.13563,True,0.0,0,659.42,False,0.7,0.2,t_grid,0,node121,0.7 0.2,0,370682,static,0,0,49,33304,,0,pitzT_U10_dt1__grid_U0.7_p0.2,1000,1000,pitzT_U10_dt1,0,4.534138195558574e-07,0,665.51
0,0,False,[],50,603.0,7.13561,True,0.0,0,575.53,False,0.7,0.3,t_grid,0,node126,0.7 0.3,0,250767,static,0,0,35,22249,,0,pitzT_U10_dt1__grid_U0.7_p0.3,1000,1000,pitzT_U10_dt1,0,6.078341373317772e-07,0,607.49
0,0,False,[],50,326.0,7.13571,True,0.0,0,322.59,False,0.7,0.5,t_grid,0,node127,0.7 0.5,0,150687,static,0,0,26,13200,,0,pitzT_U10_dt1__grid_U0.7_p0.5,1000,1000,pitzT_U10_dt1,0,5.644716262550502e-06,0,327.89
0,0,False,[],50,284.0,7.13575,True,0.0,0,280.6,False,0.7,0.7,t_grid,0,node099,0.7 0.7,0,123020,static,0,0,26,10489,,0,pitzT_U10_dt1__grid_U0.7_p0.7,1000,1000,pitzT_U10_dt1,0,1.8486327474685744e-05,0,285.94
0,0,False,[],50,235.0,7.1357,True,0.0,0,231.87,False,0.7,0.9,t_grid,0,node121,0.7 0.9,0,118474,static,0,0,50,10205,,0,pitzT_U10_dt1__grid_U0.7_p0.9,1000,1000,pitzT_U10_dt1,0,1.9433445727332293e-05,1,236.36
0,0,False,[],50,655.0,7.14705,True,0.0,0,650.88,False,0.8,0.2,t_grid,0,node126,0.8 0.2,0,349047,static,0,0,49,31950,,0,pitzT_U10_dt1__grid_U0.8_p0.2,1000,1000,pitzT_U10_dt1,0,8.887095960679287e-05,0,657.16
0,0,False,[],50,542.0,7.14714,True,0.0,0,514.4,False,0.8,0.3,t_grid,0,node127,0.8 0.3,0,234548,static,0,0,34,21083,,0,pitzT_U10_dt1__grid_U0.8_p0.3,1000,1000,pitzT_U10_dt1,0,8.887160497728718e-05,0,545.83
0,0,False,[],50,307.0,7.14712,True,0.0,0,303.32,False,0.8,0.5,t_grid,0,node099,0.8 0.5,0,140789,static,0,0,23,12403,,0,pitzT_U10_dt1__grid_U0.8_p0.5,1000,1000,pitzT_U10_dt1,0,8.912933938230719e-05,0,307.92
0,0,False,[],50,275.0,7.1472,True,0.0,0,250.72,False,0.8,0.7,t_grid,0,node126,0.8 0.7,0,108242,static,0,0,19,9202,,0,pitzT_U10_dt1__grid_U0.8_p0.7,1000,1000,pitzT_U10_dt1,0,9.059383321684897e-05,0,279.23
0,0,False,[],50,,8.96428e+90,False,0.0,0,,True,0.8,0.9,t_grid,0,node099,0.8 0.9,0,3741,static,0,0,50,201,,-8,pitzT_U10_dt1__grid_U0.8_p0.9,5,1000,pitzT_U10_dt1,0,,5,8.43
0,0,False,[],50,621.0,7.16166,True,0.0,0,614.05,False,0.95,0.2,t_grid,0,node121,0.95 0.2,0,265070,static,0,0,50,26095,,0,pitzT_U10_dt1__grid_U0.95_p0.2,1000,1000,pitzT_U10_dt1,0,0.00019635478423032392,1,622.17
0,0,False,[],50,358.0,7.16171,True,0.0,0,354.12,False,0.95,0.3,t_grid,0,node099,0.95 0.3,0,180438,static,0,0,34,17268,,0,pitzT_U10_dt1__grid_U0.95_p0.3,1000,1000,pitzT_U10_dt1,0,0.00019635134959631882,0,358.81
0,0,False,[],50,282.0,7.16174,True,0.0,0,273.32,False,0.95,0.5,t_grid,0,node099,0.95 0.5,0,112740,static,0,0,45,10247,,0,pitzT_U10_dt1__grid_U0.95_p0.5,1000,1000,pitzT_U10_dt1,0,0.00019635459702657644,0,283.31
0,0,False,[],50,,9.29315e+47,False,0.0,0,,True,0.95,0.7,t_grid,0,node126,0.95 0.7,0,1502,static,0,0,50,153,,-8,pitzT_U10_dt1__grid_U0.95_p0.7,4,1000,pitzT_U10_dt1,0,,4,6.85
0,0,False,[],50,,1.72399e+64,False,0.0,0,,True,0.95,0.9,t_grid,0,node099,0.95 0.9,0,1392,static,0,0,50,101,,-8,pitzT_U10_dt1__grid_U0.95_p0.9,3,1000,pitzT_U10_dt1,0,,3,6.33
0,0,False,[],50,529.0,7.15709,True,0.0,0,523.81,False,0.9,0.2,t_grid,0,node121,0.9 0.2,0,303965,static,0,0,50,28985,,0,pitzT_U10_dt1__grid_U0.9_p0.2,1000,1000,pitzT_U10_dt1,0,0.00016320032889173254,1,530.25
0,0,False,[],50,482.0,7.15714,True,0.0,0,454.75,False,0.9,0.3,t_grid,0,node127,0.9 0.3,0,206444,static,0,0,34,19149,,0,pitzT_U10_dt1__grid_U0.9_p0.3,1000,1000,pitzT_U10_dt1,0,0.00016318503629061541,0,485.34
0,0,False,[],50,294.0,7.15717,True,0.0,0,285.34,False,0.9,0.5,t_grid,0,node099,0.9 0.5,0,127946,static,0,0,22,11327,,0,pitzT_U10_dt1__grid_U0.9_p0.5,1000,1000,pitzT_U10_dt1,0,0.00016318628226203607,0,295.51
0,0,False,[],50,,4817760000000.0,False,0.0,0,,True,0.9,0.7,t_grid,0,node121,0.9 0.7,0,2766,static,0,0,50,179,,-8,pitzT_U10_dt1__grid_U0.9_p0.7,4,1000,pitzT_U10_dt1,0,,3,14.03
0,0,False,[],50,,5.3646e+62,False,0.0,0,,True,0.9,0.9,t_grid,0,node099,0.9 0.9,0,1686,static,0,0,50,104,,-8,pitzT_U10_dt1__grid_U0.9_p0.9,3,1000,pitzT_U10_dt1,0,,3,7.44
0,0,False,[],50,317.0,12.5111,True,0.0,0,313.44,False,0.7,0.3,t_grid,0,node127,,0,134133,static,0,0,45,11587,,0,pitzT_U10_dt2__default,500,500,pitzT_U10_dt2,0,2.523518607953337e-06,0,318.28
0,0,False,[],50,477.0,12.4444,True,0.0,0,471.48,False,0.5,0.2,t_grid,0,node121,0.5 0.2,0,218267,static,0,0,50,18460,,0,pitzT_U10_dt2__grid_U0.5_p0.2,500,500,pitzT_U10_dt2,0,0.0003344560490057163,6,481.44
0,0,False,[],50,346.0,12.4461,True,0.0,0,342.12,False,0.5,0.3,t_grid,0,node121,0.5 0.3,0,163743,static,0,0,50,13550,,0,pitzT_U10_dt2__grid_U0.5_p0.3,500,500,pitzT_U10_dt2,0,0.00033379912445291474,5,350.88
0,0,False,[],50,313.0,12.4462,True,0.0,0,309.59,False,0.5,0.5,t_grid,0,node121,0.5 0.5,0,138886,static,0,0,50,11625,,0,pitzT_U10_dt2__grid_U0.5_p0.5,500,500,pitzT_U10_dt2,0,0.00033030461672108475,5,317.89
0,0,False,[],50,305.0,12.4462,True,0.0,0,301.6,False,0.5,0.7,t_grid,0,node099,0.5 0.7,0,143098,static,0,0,50,11402,,0,pitzT_U10_dt2__grid_U0.5_p0.7,500,500,pitzT_U10_dt2,0,0.0003274903879303151,5,306.2
0,0,False,[],50,284.0,12.4462,True,0.0,0,281.55,False,0.5,0.9,t_grid,0,node121,0.5 0.9,0,149242,static,0,0,50,11391,,0,pitzT_U10_dt2__grid_U0.5_p0.9,500,500,pitzT_U10_dt2,0,0.00032716481201703875,5,285.51
0,0,False,[],50,432.0,12.5112,True,0.0,0,427.92,False,0.7,0.2,t_grid,0,node121,0.7 0.2,0,191684,static,0,0,50,16914,,0,pitzT_U10_dt2__grid_U0.7_p0.2,500,500,pitzT_U10_dt2,0,8.783092067383458e-07,1,433.69
0,0,False,[],50,320.0,12.5111,True,0.0,0,315.91,False,0.7,0.3,t_grid,0,node126,0.7 0.3,0,134133,static,0,0,45,11587,,0,pitzT_U10_dt2__grid_U0.7_p0.3,500,500,pitzT_U10_dt2,0,2.523518607953337e-06,0,324.34
0,0,False,[],50,206.0,12.5114,True,0.0,0,203.49,False,0.7,0.5,t_grid,0,node127,0.7 0.5,0,91690,static,0,0,43,7666,,0,pitzT_U10_dt2__grid_U0.7_p0.5,500,500,pitzT_U10_dt2,0,2.806194076168456e-05,0,207.06
0,0,False,[],50,187.0,12.5114,True,0.0,0,185.1,False,0.7,0.7,t_grid,0,node126,0.7 0.7,0,85987,static,0,0,43,7075,,0,pitzT_U10_dt2__grid_U0.7_p0.7,500,500,pitzT_U10_dt2,0,4.0567125297332805e-05,0,188.51
0,0,False,[],50,,5.6304e+135,False,0.0,0,,True,0.7,0.9,t_grid,0,node099,0.7 0.9,0,4986,static,0,0,50,301,,-8,pitzT_U10_dt2__grid_U0.7_p0.9,7,500,pitzT_U10_dt2,0,,7,10.83
0,0,False,[],50,383.0,12.5454,True,0.0,0,380.75,False,0.8,0.2,t_grid,0,node121,0.8 0.2,0,177476,static,0,0,50,16084,,0,pitzT_U10_dt2__grid_U0.8_p0.2,500,500,pitzT_U10_dt2,0,0.00012098936259958105,1,385.4
0,0,False,[],50,272.0,12.5453,True,0.0,0,268.7,False,0.8,0.3,t_grid,0,node099,0.8 0.3,0,120626,static,0,0,43,10775,,0,pitzT_U10_dt2__grid_U0.8_p0.3,500,500,pitzT_U10_dt2,0,0.00012102743528882688,0,273.01
0,0,False,[],50,173.0,12.5454,True,0.0,0,171.14,False,0.8,0.5,t_grid,0,node126,0.8 0.5,0,77213,static,0,0,31,6696,,0,pitzT_U10_dt2__grid_U0.8_p0.5,500,500,pitzT_U10_dt2,0,0.00012237053963819763,0,178.04
0,0,False,[],50,138.0,12.5454,True,0.0,0,136.41,False,0.8,0.7,t_grid,0,node126,0.8 0.7,0,62673,static,0,0,35,5555,,0,pitzT_U10_dt2__grid_U0.8_p0.7,500,500,pitzT_U10_dt2,0,0.000126394347767627,0,143.24
0,0,False,[],50,,7.85757e+51,False,0.0,0,,True,0.8,0.9,t_grid,0,node126,0.8 0.9,0,1448,static,0,0,50,101,,-8,pitzT_U10_dt2__grid_U0.8_p0.9,3,500,pitzT_U10_dt2,0,,3,5.47
0,0,False,[],50,294.0,12.5899,True,0.0,0,291.86,False,0.95,0.2,t_grid,0,node126,0.95 0.2,0,131147,static,0,0,50,12817,,0,pitzT_U10_dt2__grid_U0.95_p0.2,500,500,pitzT_U10_dt2,0,0.0002724151607225655,1,295.94
0,0,False,[],50,208.0,12.5899,True,0.0,0,205.93,False,0.95,0.3,t_grid,0,node127,0.95 0.3,0,92411,static,0,0,42,8768,,0,pitzT_U10_dt2__grid_U0.95_p0.3,500,500,pitzT_U10_dt2,0,0.00027239096300581654,0,212.4
0,0,False,[],50,,2.66595e+74,False,0.0,0,,True,0.95,0.5,t_grid,0,node121,0.95 0.5,0,3555,static,0,0,50,191,,-8,pitzT_U10_dt2__grid_U0.95_p0.5,5,500,pitzT_U10_dt2,0,,4,9.04
0,0,False,[],50,,1.37245e+53,False,0.0,0,,True,0.95,0.7,t_grid,0,node121,0.95 0.7,0,1285,static,0,0,50,101,,-8,pitzT_U10_dt2__grid_U0.95_p0.7,3,500,pitzT_U10_dt2,0,,3,8.63
0,0,False,[],50,,2.57359e+67,False,0.0,0,,True,0.95,0.9,t_grid,0,node099,0.95 0.9,0,2427,static,0,0,50,150,,-8,pitzT_U10_dt2__grid_U0.95_p0.9,3,500,pitzT_U10_dt2,0,,3,8.18
0,0,False,[],50,374.0,12.5758,True,0.0,0,370.19,False,0.9,0.2,t_grid,0,node126,0.9 0.2,0,152742,static,0,0,50,14447,,0,pitzT_U10_dt2__grid_U0.9_p0.2,500,500,pitzT_U10_dt2,0,0.00022576399690182333,1,375.91
0,0,False,[],50,258.0,12.5758,True,0.0,0,254.67,False,0.9,0.3,t_grid,0,node099,0.9 0.3,0,105344,static,0,0,43,9751,,0,pitzT_U10_dt2__grid_U0.9_p0.3,500,500,pitzT_U10_dt2,0,0.00022574327567382484,0,259.6
0,0,False,[],50,165.0,12.5758,True,0.0,0,163.11,False,0.9,0.5,t_grid,0,node127,0.9 0.5,0,69218,static,0,0,33,6249,,0,pitzT_U10_dt2__grid_U0.9_p0.5,500,500,pitzT_U10_dt2,0,0.00022579944398605893,0,166.38
0,0,False,[],50,,2.01418e+105,False,0.0,0,,True,0.9,0.7,t_grid,0,node127,0.9 0.7,0,2047,static,0,0,50,151,,-8,pitzT_U10_dt2__grid_U0.9_p0.7,4,500,pitzT_U10_dt2,0,,4,6.98
0,0,False,[],50,,1.29649e+50,False,0.0,0,,True,0.9,0.9,t_grid,0,node121,0.9 0.9,0,1258,static,0,0,50,102,,-8,pitzT_U10_dt2__grid_U0.9_p0.9,3,500,pitzT_U10_dt2,0,,3,8.77
0,0,False,[],50,,2.81023,False,0.0,0,,True,0.7,0.3,t_grid,0,node099,,0,12597,static,0,0,50,4564,,-8,tjT_p40_dt10__default,119,500,tjT_p40_dt10,0,,67,318.78
0,0,False,[],50,,2.782,False,0.0,0,,True,0.5,0.2,t_grid,0,node121,0.5 0.2,0,11055,static,0,0,50,3869,,-8,tjT_p40_dt10__grid_U0.5_p0.2,117,500,tjT_p40_dt10,0,,3,269.12
0,0,False,[],50,,2.78207,False,0.0,0,,True,0.5,0.3,t_grid,0,node126,0.5 0.3,0,10874,static,0,0,50,3000,,-8,tjT_p40_dt10__grid_U0.5_p0.3,117,500,tjT_p40_dt10,0,,2,235.87
0,0,False,[],50,,2.7965,False,0.0,0,,True,0.5,0.5,t_grid,0,node099,0.5 0.5,0,8427,static,0,0,50,2550,,-8,tjT_p40_dt10__grid_U0.5_p0.5,118,500,tjT_p40_dt10,0,,1,202.66
0,0,False,[],50,,2.82391,False,0.0,0,,True,0.5,0.7,t_grid,0,node121,0.5 0.7,0,9776,static,0,0,38,2510,,-8,tjT_p40_dt10__grid_U0.5_p0.7,120,500,tjT_p40_dt10,0,,1,198.3
0,0,False,[],50,,2.87579,False,0.0,0,,True,0.5,0.9,t_grid,0,node099,0.5 0.9,0,9214,static,0,0,50,2612,,-8,tjT_p40_dt10__grid_U0.5_p0.9,123,500,tjT_p40_dt10,0,,1,208.66
0,0,False,[],50,,2.73841,False,0.0,0,,True,0.7,0.2,t_grid,0,node127,0.7 0.2,0,13306,static,0,0,50,4783,,-8,tjT_p40_dt10__grid_U0.7_p0.2,115,500,tjT_p40_dt10,0,,64,371.5
0,0,False,[],50,,2.81023,False,0.0,0,,True,0.7,0.3,t_grid,0,node127,0.7 0.3,0,12597,static,0,0,50,4564,,-8,tjT_p40_dt10__grid_U0.7_p0.3,119,500,tjT_p40_dt10,0,,67,345.24
0,0,False,[],50,,2.84645,False,0.0,0,,True,0.7,0.5,t_grid,0,node126,0.7 0.5,0,11763,static,0,0,50,4409,,-8,tjT_p40_dt10__grid_U0.7_p0.5,121,500,tjT_p40_dt10,0,,72,304.06
0,0,False,[],50,,2.75409,False,0.0,0,,True,0.7,0.7,t_grid,0,node127,0.7 0.7,0,10167,static,0,0,50,4078,,-8,tjT_p40_dt10__grid_U0.7_p0.7,116,500,tjT_p40_dt10,0,,68,300.01
0,0,False,[],50,,2.74253,False,0.0,0,,True,0.7,0.9,t_grid,0,node099,0.7 0.9,0,10586,static,0,0,50,4018,,-8,tjT_p40_dt10__grid_U0.7_p0.9,115,500,tjT_p40_dt10,0,,67,245.2
0,0,False,[],50,,2.86082,False,0.0,0,,True,0.8,0.2,t_grid,0,node099,0.8 0.2,0,16090,static,0,0,50,5108,,-8,tjT_p40_dt10__grid_U0.8_p0.2,120,500,tjT_p40_dt10,0,,75,356.0
0,0,False,[],50,,2.7383,False,0.0,0,,True,0.8,0.3,t_grid,0,node121,0.8 0.3,0,13876,static,0,0,50,4509,,-8,tjT_p40_dt10__grid_U0.8_p0.3,114,500,tjT_p40_dt10,0,,70,293.78
0,0,False,[],50,,2.83651,False,0.0,0,,True,0.8,0.5,t_grid,0,node121,0.8 0.5,0,13865,static,0,0,50,4718,,-8,tjT_p40_dt10__grid_U0.8_p0.5,119,500,tjT_p40_dt10,0,,83,330.9
0,0,False,[],50,,2.79443,False,0.0,0,,True,0.8,0.7,t_grid,0,node099,0.8 0.7,0,10441,static,0,0,50,4331,,-8,tjT_p40_dt10__grid_U0.8_p0.7,116,500,tjT_p40_dt10,0,,76,300.11
0,0,False,[],50,,2.76128,False,0.0,0,,True,0.8,0.9,t_grid,0,node121,0.8 0.9,0,11662,static,0,0,50,4404,,-8,tjT_p40_dt10__grid_U0.8_p0.9,115,500,tjT_p40_dt10,0,,80,322.19
0,0,False,[],50,,2.76551,False,0.0,0,,True,0.95,0.2,t_grid,0,node099,0.95 0.2,0,14614,static,0,0,50,5092,,-8,tjT_p40_dt10__grid_U0.95_p0.2,115,500,tjT_p40_dt10,0,,87,396.74
0,0,False,[],50,,2.80286,False,0.0,0,,True,0.95,0.3,t_grid,0,node126,0.95 0.3,0,14251,static,0,0,50,4957,,-8,tjT_p40_dt10__grid_U0.95_p0.3,116,500,tjT_p40_dt10,0,,88,336.14
0,0,False,[],50,,2.7858,False,0.0,0,,True,0.95,0.5,t_grid,0,node126,0.95 0.5,0,14248,static,0,0,50,4771,,-8,tjT_p40_dt10__grid_U0.95_p0.5,116,500,tjT_p40_dt10,0,,87,322.97
0,0,False,[],50,,2.80091,False,0.0,0,,True,0.95,0.7,t_grid,0,node121,0.95 0.7,0,13919,static,0,0,50,4719,,-8,tjT_p40_dt10__grid_U0.95_p0.7,117,500,tjT_p40_dt10,0,,88,337.6
0,0,False,[],50,,2.80314,False,0.0,0,,True,0.95,0.9,t_grid,0,node126,0.95 0.9,0,13012,static,0,0,50,4667,,-8,tjT_p40_dt10__grid_U0.95_p0.9,117,500,tjT_p40_dt10,0,,88,334.77
0,0,False,[],50,,2.7735,False,0.0,0,,True,0.9,0.2,t_grid,0,node127,0.9 0.2,0,15985,static,0,0,50,5114,,-8,tjT_p40_dt10__grid_U0.9_p0.2,115,500,tjT_p40_dt10,0,,86,383.21
0,0,False,[],50,,2.85892,False,0.0,0,,True,0.9,0.3,t_grid,0,node121,0.9 0.3,0,16142,static,0,0,50,5186,,-8,tjT_p40_dt10__grid_U0.9_p0.3,120,500,tjT_p40_dt10,0,,92,386.18
0,0,False,[],50,,2.75485,False,0.0,0,,True,0.9,0.5,t_grid,0,node099,0.9 0.5,0,13762,static,0,0,50,4679,,-8,tjT_p40_dt10__grid_U0.9_p0.5,114,500,tjT_p40_dt10,0,,85,366.13
0,0,False,[],50,,2.77497,False,0.0,0,,True,0.9,0.7,t_grid,0,node126,0.9 0.7,0,11897,static,0,0,50,4632,,-8,tjT_p40_dt10__grid_U0.9_p0.7,115,500,tjT_p40_dt10,0,,86,321.31
0,0,False,[],50,,2.8044,False,0.0,0,,True,0.9,0.9,t_grid,0,node099,0.9 0.9,0,13377,static,0,0,50,4672,,-8,tjT_p40_dt10__grid_U0.9_p0.9,117,500,tjT_p40_dt10,0,,88,363.54
0,0,False,[],50,,3.55438,False,0.0,0,,True,0.7,0.3,t_grid,0,node127,,0,4679,static,0,0,50,1316,,-8,tjT_p40_dt20__default,33,250,tjT_p40_dt20,0,,20,90.92
0,0,False,[],50,,3.69737,False,0.0,0,,True,0.5,0.2,t_grid,0,node126,0.5 0.2,0,4433,static,0,0,50,1425,,-8,tjT_p40_dt20__grid_U0.5_p0.2,34,250,tjT_p40_dt20,0,,5,119.54
0,0,False,[],50,,3.66613,False,0.0,0,,True,0.5,0.3,t_grid,0,node127,0.5 0.3,0,4132,static,0,0,50,1161,,-8,tjT_p40_dt20__grid_U0.5_p0.3,34,250,tjT_p40_dt20,0,,4,85.66
0,0,False,[],50,,3.57631,False,0.0,0,,True,0.5,0.5,t_grid,0,node099,0.5 0.5,0,3297,static,0,0,50,1010,,-8,tjT_p40_dt20__grid_U0.5_p0.5,33,250,tjT_p40_dt20,0,,4,80.02
0,0,False,[],50,,3.66612,False,0.0,0,,True,0.5,0.7,t_grid,0,node126,0.5 0.7,0,3605,static,0,0,50,1037,,-8,tjT_p40_dt20__grid_U0.5_p0.7,34,250,tjT_p40_dt20,0,,3,80.21
0,0,False,[],50,,3.48524,False,0.0,0,,True,0.5,0.9,t_grid,0,node099,0.5 0.9,0,3714,static,0,0,50,1052,,-8,tjT_p40_dt20__grid_U0.5_p0.9,32,250,tjT_p40_dt20,0,,8,78.67
0,0,False,[],50,,3.5547,False,0.0,0,,True,0.7,0.2,t_grid,0,node127,0.7 0.2,0,4411,static,0,0,50,1484,,-8,tjT_p40_dt20__grid_U0.7_p0.2,33,250,tjT_p40_dt20,0,,20,107.71
0,0,False,[],50,,3.55438,False,0.0,0,,True,0.7,0.3,t_grid,0,node099,0.7 0.3,0,4679,static,0,0,50,1316,,-8,tjT_p40_dt20__grid_U0.7_p0.3,33,250,tjT_p40_dt20,0,,20,96.98
0,0,False,[],50,,3.55527,False,0.0,0,,True,0.7,0.5,t_grid,0,node127,0.7 0.5,0,3619,static,0,0,50,1263,,-8,tjT_p40_dt20__grid_U0.7_p0.5,33,250,tjT_p40_dt20,0,,20,89.13
0,0,False,[],50,,3.55622,False,0.0,0,,True,0.7,0.7,t_grid,0,node127,0.7 0.7,0,3394,static,0,0,50,1193,,-8,tjT_p40_dt20__grid_U0.7_p0.7,33,250,tjT_p40_dt20,0,,19,93.22
0,0,False,[],50,,3.55696,False,0.0,0,,True,0.7,0.9,t_grid,0,node127,0.7 0.9,0,3697,static,0,0,50,1215,,-8,tjT_p40_dt20__grid_U0.7_p0.9,33,250,tjT_p40_dt20,0,,20,82.36
0,0,False,[],50,,3.59625,False,0.0,0,,True,0.8,0.2,t_grid,0,node126,0.8 0.2,0,4596,static,0,0,50,1502,,-8,tjT_p40_dt20__grid_U0.8_p0.2,33,250,tjT_p40_dt20,0,,23,106.85
0,0,False,[],50,,3.59404,False,0.0,0,,True,0.8,0.3,t_grid,0,node127,0.8 0.3,0,4323,static,0,0,50,1416,,-8,tjT_p40_dt20__grid_U0.8_p0.3,33,250,tjT_p40_dt20,0,,23,102.87
0,0,False,[],50,,3.68819,False,0.0,0,,True,0.8,0.5,t_grid,0,node099,0.8 0.5,0,3969,static,0,0,50,1365,,-8,tjT_p40_dt20__grid_U0.8_p0.5,34,250,tjT_p40_dt20,0,,23,92.1
0,0,False,[],50,,3.59286,False,0.0,0,,True,0.8,0.7,t_grid,0,node099,0.8 0.7,0,4001,static,0,0,50,1266,,-8,tjT_p40_dt20__grid_U0.8_p0.7,33,250,tjT_p40_dt20,0,,22,98.25
0,0,False,[],50,,3.58984,False,0.0,0,,True,0.8,0.9,t_grid,0,node121,0.8 0.9,0,4842,static,0,0,50,1257,,-8,tjT_p40_dt20__grid_U0.8_p0.9,33,250,tjT_p40_dt20,0,,22,94.19
0,0,False,[],50,,3.59687,False,0.0,0,,True,0.95,0.2,t_grid,0,node121,0.95 0.2,0,6337,static,0,0,50,1539,,-8,tjT_p40_dt20__grid_U0.95_p0.2,33,250,tjT_p40_dt20,0,,25,117.74
0,0,False,[],50,,3.49919,False,0.0,0,,True,0.95,0.3,t_grid,0,node121,0.95 0.3,0,5579,static,0,0,50,1406,,-8,tjT_p40_dt20__grid_U0.95_p0.3,32,250,tjT_p40_dt20,0,,24,109.28
0,0,False,[],50,,3.59532,False,0.0,0,,True,0.95,0.5,t_grid,0,node121,0.95 0.5,0,4590,static,0,0,50,1374,,-8,tjT_p40_dt20__grid_U0.95_p0.5,33,250,tjT_p40_dt20,0,,24,99.25
0,0,False,[],50,,3.49943,False,0.0,0,,True,0.95,0.7,t_grid,0,node121,0.95 0.7,0,4458,static,0,0,50,1270,,-8,tjT_p40_dt20__grid_U0.95_p0.7,32,250,tjT_p40_dt20,0,,23,98.09
0,0,False,[],50,,22.0326,False,0.0,0,,True,0.95,0.9,t_grid,0,node121,0.95 0.9,0,4605,static,0,0,50,1324,,-8,tjT_p40_dt20__grid_U0.95_p0.9,33,250,tjT_p40_dt20,0,,24,100.84
0,0,False,[],50,,3.60011,False,0.0,0,,True,0.9,0.2,t_grid,0,node127,0.9 0.2,0,5044,static,0,0,50,1538,,-8,tjT_p40_dt20__grid_U0.9_p0.2,33,250,tjT_p40_dt20,0,,25,113.76
0,0,False,[],50,,3.59852,False,0.0,0,,True,0.9,0.3,t_grid,0,node126,0.9 0.3,0,4806,static,0,0,50,1456,,-8,tjT_p40_dt20__grid_U0.9_p0.3,33,250,tjT_p40_dt20,0,,25,104.14
0,0,False,[],50,,2054540000000.0,False,0.0,0,,True,0.9,0.5,t_grid,0,node126,0.9 0.5,0,4919,static,0,0,50,1468,,-8,tjT_p40_dt20__grid_U0.9_p0.5,35,250,tjT_p40_dt20,0,,26,118.65
0,0,False,[],50,,3.59736,False,0.0,0,,True,0.9,0.7,t_grid,0,node099,0.9 0.7,0,3998,static,0,0,50,1303,,-8,tjT_p40_dt20__grid_U0.9_p0.7,33,250,tjT_p40_dt20,0,,24,106.92
0,0,False,[],50,,3.59798,False,0.0,0,,True,0.9,0.9,t_grid,0,node126,0.9 0.9,0,5313,static,0,0,50,1259,,-8,tjT_p40_dt20__grid_U0.9_p0.9,33,250,tjT_p40_dt20,0,,24,97.71
0,0,False,[],50,801.0,4.399186015,True,0.0,0,795.03,False,0.7,0.3,t_gridH,0,node130,,0,17092,static,0,0,30,6953,,0,cav3T_Re2000_dt15__default,267,267,cav3T_Re2000_dt15,0,3.177700181365036e-06,0,802.73
0,0,False,[],50,1410.0,4.400525289,True,0.0,0,1386.5,False,0.5,0.2,t_gridH,0,node130,0.5 0.2,0,28975,static,0,0,45,11189,,0,cav3T_Re2000_dt15__grid_U0.5_p0.2,267,267,cav3T_Re2000_dt15,0,0.00820210526764422,0,1411.47
0,0,False,[],50,994.0,4.400516588,True,0.0,0,986.53,False,0.5,0.3,t_gridH,0,node130,0.5 0.3,0,23209,static,0,0,40,8152,,0,cav3T_Re2000_dt15__grid_U0.5_p0.3,267,267,cav3T_Re2000_dt15,0,0.008226314999944334,0,995.66
0,0,False,[],50,874.0,4.400507297,True,0.0,0,843.61,False,0.5,0.5,t_gridH,0,node127,0.5 0.5,0,18352,static,0,0,39,6298,,0,cav3T_Re2000_dt15__grid_U0.5_p0.5,267,267,cav3T_Re2000_dt15,0,0.008247518662653663,0,875.27
0,0,False,[],50,856.0,4.400506632,True,0.0,0,847.75,False,0.5,0.7,t_gridH,0,node129,0.5 0.7,0,18228,static,0,0,39,6259,,0,cav3T_Re2000_dt15__grid_U0.5_p0.7,267,267,cav3T_Re2000_dt15,0,0.008248133668311165,0,857.63
0,0,False,[],50,754.0,4.400506716,True,0.0,0,748.44,False,0.5,0.9,t_gridH,0,node127,0.5 0.9,0,18351,static,0,0,39,6245,,0,cav3T_Re2000_dt15__grid_U0.5_p0.9,267,267,cav3T_Re2000_dt15,0,0.008247847215067241,0,755.57
0,0,False,[],50,1255.0,4.39918622,True,0.0,0,1230.72,False,0.7,0.2,t_gridH,0,node130,0.7 0.2,0,22409,static,0,0,41,10158,,0,cav3T_Re2000_dt15__grid_U0.7_p0.2,267,267,cav3T_Re2000_dt15,0,2.068741548975695e-06,0,1256.58
0,0,False,[],50,909.0,4.399186015,True,0.0,0,900.27,False,0.7,0.3,t_gridH,0,node130,0.7 0.3,0,17092,static,0,0,30,6953,,0,cav3T_Re2000_dt15__grid_U0.7_p0.3,267,267,cav3T_Re2000_dt15,0,3.177700181365036e-06,0,910.48
0,0,False,[],50,560.0,4.399178208,True,0.0,0,555.21,False,0.7,0.5,t_gridH,0,node129,0.7 0.5,0,13176,static,0,0,23,4648,,0,cav3T_Re2000_dt15__grid_U0.7_p0.5,267,267,cav3T_Re2000_dt15,0,4.530156201520414e-05,0,561.95
0,0,False,[],50,542.0,4.399177194,True,0.0,0,536.97,False,0.7,0.7,t_gridH,0,node130,0.7 0.7,0,11441,static,0,0,23,3910,,0,cav3T_Re2000_dt15__grid_U0.7_p0.7,267,267,cav3T_Re2000_dt15,0,0.0001113332028725185,0,543.64
0,0,False,[],50,498.0,4.399176626,True,0.0,0,494.08,False,0.7,0.9,t_gridH,0,node130,0.7 0.9,0,11382,static,0,0,23,3893,,0,cav3T_Re2000_dt15__grid_U0.7_p0.9,267,267,cav3T_Re2000_dt15,0,0.00011581264438301138,0,500.15
0,0,False,[],50,1193.0,4.398622236,True,0.0,0,1161.74,False,0.8,0.2,t_gridH,0,node129,0.8 0.2,0,21134,static,0,0,42,9645,,0,cav3T_Re2000_dt15__grid_U0.8_p0.2,267,267,cav3T_Re2000_dt15,0,0.0035150035889946916,0,1197.71
0,0,False,[],50,937.0,4.398622191,True,0.0,0,915.56,False,0.8,0.3,t_gridH,0,node129,0.8 0.3,0,15218,static,0,0,29,6687,,0,cav3T_Re2000_dt15__grid_U0.8_p0.3,267,267,cav3T_Re2000_dt15,0,0.003514886999269417,0,938.5
0,0,False,[],50,596.0,4.398620628,True,0.0,0,572.26,False,0.8,0.5,t_gridH,0,node130,0.8 0.5,0,11201,static,0,0,21,4311,,0,cav3T_Re2000_dt15__grid_U0.8_p0.5,267,267,cav3T_Re2000_dt15,0,0.0035115028637080904,0,600.0
0,0,False,[],50,464.0,4.398617043,True,0.0,0,458.24,False,0.8,0.7,t_gridH,0,node129,0.8 0.7,0,9771,static,0,0,18,3355,,0,cav3T_Re2000_dt15__grid_U0.8_p0.7,267,267,cav3T_Re2000_dt15,0,0.0035007113126518203,0,464.88
0,0,False,[],50,891.0,4.398621831,True,0.0,0,883.07,False,0.8,0.9,t_gridH,0,node127,0.8 0.9,0,20397,static,0,0,26,6585,,0,cav3T_Re2000_dt15__grid_U0.8_p0.9,267,267,cav3T_Re2000_dt15,0,0.003527729555104086,0,892.53
0,0,False,[],50,1014.0,4.39792707,True,0.0,0,984.9,False,0.95,0.2,t_gridH,0,node129,0.95 0.2,0,17278,static,0,0,43,7670,,0,cav3T_Re2000_dt15__grid_U0.95_p0.2,267,267,cav3T_Re2000_dt15,0,0.008257320723680139,0,1017.24
0,0,False,[],50,616.0,4.397927025,True,0.0,0,610.7,False,0.95,0.3,t_gridH,0,node121,0.95 0.3,0,11853,static,0,0,30,5214,,0,cav3T_Re2000_dt15__grid_U0.95_p0.3,267,267,cav3T_Re2000_dt15,0,0.008257184999645655,0,617.79
0,0,False,[],50,476.0,4.397927198,True,0.0,0,449.56,False,0.95,0.5,t_gridH,0,node127,0.95 0.5,0,7927,static,0,0,23,3292,,0,cav3T_Re2000_dt15__grid_U0.95_p0.5,267,267,cav3T_Re2000_dt15,0,0.008257197437835562,0,479.15
0,0,False,[],50,1353.0,4.397953951,True,0.0,0,1344.65,False,0.95,0.7,t_gridH,0,node127,0.95 0.7,0,38693,static,0,0,50,12343,,0,cav3T_Re2000_dt15__grid_U0.95_p0.7,267,267,cav3T_Re2000_dt15,0,0.008197278338999504,206,1354.61
0,0,False,[],50,,1.269815623e+28,False,0.0,0,,True,0.95,0.9,t_gridH,0,node129,0.95 0.9,0,1412,static,0,0,50,407,,-8,cav3T_Re2000_dt15__grid_U0.95_p0.9,10,267,cav3T_Re2000_dt15,0,,7,99.84
0,0,False,[],50,1145.0,4.398141091,True,0.0,0,1119.31,False,0.9,0.2,t_gridH,0,node129,0.9 0.2,0,19125,static,0,0,43,8676,,0,cav3T_Re2000_dt15__grid_U0.9_p0.2,267,267,cav3T_Re2000_dt15,0,0.006747529051444234,0,1146.67
0,0,False,[],50,678.0,4.398141054,True,0.0,0,673.24,False,0.9,0.3,t_gridH,0,node130,0.9 0.3,0,13243,static,0,0,29,5919,,0,cav3T_Re2000_dt15__grid_U0.9_p0.3,267,267,cav3T_Re2000_dt15,0,0.006747499378359682,0,679.61
0,0,False,[],50,507.0,4.398140703,True,0.0,0,501.11,False,0.9,0.5,t_gridH,0,node127,0.9 0.5,0,9300,static,0,0,21,3773,,0,cav3T_Re2000_dt15__grid_U0.9_p0.5,267,267,cav3T_Re2000_dt15,0,0.006746604783853521,0,507.81
0,0,False,[],50,531.0,4.398149903,True,0.0,0,508.8,False,0.9,0.7,t_gridH,0,node130,0.9 0.7,0,10354,static,0,0,20,3543,,0,cav3T_Re2000_dt15__grid_U0.9_p0.7,267,267,cav3T_Re2000_dt15,0,0.006757502933889517,0,532.89
0,0,False,[],50,,4167429.048,False,0.0,0,,True,0.9,0.9,t_gridH,0,node129,0.9 0.9,0,2222,static,0,0,50,569,,-8,cav3T_Re2000_dt15__grid_U0.9_p0.9,15,267,cav3T_Re2000_dt15,0,,9,91.53
0,0,False,[],50,545.0,10.44015912,True,0.0,0,538.76,False,0.7,0.3,t_gridH,0,node121,,0,11242,static,0,0,48,3857,,0,cav3T_Re400_dt30__default,133,133,cav3T_Re400_dt30,0,2.425240511321821e-06,0,546.0
0,0,False,[],50,817.0,10.4404295,True,0.0,0,808.96,False,0.5,0.2,t_gridH,0,node127,0.5 0.2,0,16665,static,0,0,50,5837,,0,cav3T_Re400_dt30__grid_U0.5_p0.2,133,133,cav3T_Re400_dt30,0,0.001670647118285614,36,818.49
0,0,False,[],50,687.0,10.4404295,True,0.0,0,679.04,False,0.5,0.3,t_gridH,0,node130,0.5 0.3,0,14082,static,0,0,50,4920,,0,cav3T_Re400_dt30__grid_U0.5_p0.3,133,133,cav3T_Re400_dt30,0,0.0016693637015238797,36,687.5
0,0,False,[],50,573.0,10.44042929,True,0.0,0,567.26,False,0.5,0.5,t_gridH,0,node121,0.5 0.5,0,12077,static,0,0,50,4240,,0,cav3T_Re400_dt30__grid_U0.5_p0.5,133,133,cav3T_Re400_dt30,0,0.001668776761601162,36,574.16
0,0,False,[],50,522.0,10.44042919,True,0.0,0,516.85,False,0.5,0.7,t_gridH,0,node127,0.5 0.7,0,11096,static,0,0,50,3883,,0,cav3T_Re400_dt30__grid_U0.5_p0.7,133,133,cav3T_Re400_dt30,0,0.0016682745414265995,36,523.2
0,0,False,[],50,491.0,10.44042914,True,0.0,0,485.84,False,0.5,0.9,t_gridH,0,node127,0.5 0.9,0,10704,static,0,0,50,3719,,0,cav3T_Re400_dt30__grid_U0.5_p0.9,133,133,cav3T_Re400_dt30,0,0.0016674815675229682,36,492.03
0,0,False,[],50,726.0,10.44015036,True,0.0,0,719.01,False,0.7,0.2,t_gridH,0,node130,0.7 0.2,0,14254,static,0,0,50,4919,,0,cav3T_Re400_dt30__grid_U0.7_p0.2,133,133,cav3T_Re400_dt30,0,1.1135355439830176e-06,1,727.76
0,0,False,[],50,535.0,10.44015912,True,0.0,0,530.09,False,0.7,0.3,t_gridH,0,node121,0.7 0.3,0,11242,static,0,0,48,3857,,0,cav3T_Re400_dt30__grid_U0.7_p0.3,133,133,cav3T_Re400_dt30,0,2.425240511321821e-06,0,536.77
0,0,False,[],50,462.0,10.44015865,True,0.0,0,456.45,False,0.7,0.5,t_gridH,0,node127,0.7 0.5,0,9008,static,0,0,48,3118,,0,cav3T_Re400_dt30__grid_U0.7_p0.5,133,133,cav3T_Re400_dt30,0,3.6734213690656702e-06,0,462.6
0,0,False,[],50,435.0,10.44015857,True,0.0,0,430.75,False,0.7,0.7,t_gridH,0,node121,0.7 0.7,0,8574,static,0,0,48,2919,,0,cav3T_Re400_dt30__grid_U0.7_p0.7,133,133,cav3T_Re400_dt30,0,3.831899703662771e-06,0,436.92
0,0,False,[],50,,46739920720.0,False,0.0,0,,True,0.7,0.9,t_gridH,0,node127,0.7 0.9,0,483,static,0,0,50,127,,-8,cav3T_Re400_dt30__grid_U0.7_p0.9,3,133,cav3T_Re400_dt30,0,,3,26.09
0,0,False,[],50,578.0,10.44007284,True,0.0,0,573.49,False,0.8,0.2,t_gridH,0,node130,0.8 0.2,0,11590,static,0,0,45,4539,,0,cav3T_Re400_dt30__grid_U0.8_p0.2,133,133,cav3T_Re400_dt30,0,0.0007255248959397391,0,579.43
0,0,False,[],50,494.0,10.44008338,True,0.0,0,488.83,False,0.8,0.3,t_gridH,0,node130,0.8 0.3,0,9587,static,0,0,37,3320,,0,cav3T_Re400_dt30__grid_U0.8_p0.3,133,133,cav3T_Re400_dt30,0,0.0007255343724840658,0,495.46
0,0,False,[],50,325.0,10.44008535,True,0.0,0,322.72,False,0.8,0.5,t_gridH,0,node129,0.8 0.5,0,7740,static,0,0,34,2631,,0,cav3T_Re400_dt30__grid_U0.8_p0.5,133,133,cav3T_Re400_dt30,0,0.0007256515982325813,0,326.85
0,0,False,[],50,538.0,10.44008425,True,0.0,0,532.18,False,0.8,0.7,t_gridH,0,node129,0.8 0.7,0,11240,static,0,0,35,3791,,0,cav3T_Re400_dt30__grid_U0.8_p0.7,133,133,cav3T_Re400_dt30,0,0.0007256532019369748,0,539.37
0,0,False,[],50,,7408809791000.0,False,0.0,0,,True,0.8,0.9,t_gridH,0,node129,0.8 0.9,0,1285,static,0,0,50,62,,-8,cav3T_Re400_dt30__grid_U0.8_p0.9,2,133,cav3T_Re400_dt30,0,,2,35.3
0,0,False,[],50,484.0,10.43997106,True,0.0,0,479.41,False,0.95,0.2,t_gridH,0,node130,0.95 0.2,0,7915,static,0,0,43,3507,,0,cav3T_Re400_dt30__grid_U0.95_p0.2,133,133,cav3T_Re400_dt30,0,0.0017123276134408277,0,485.9
0,0,False,[],50,372.0,10.43997111,True,0.0,0,368.24,False,0.95,0.3,t_gridH,0,node121,0.95 0.3,0,6605,static,0,0,28,2551,,0,cav3T_Re400_dt30__grid_U0.95_p0.3,133,133,cav3T_Re400_dt30,0,0.001712211105928511,0,373.25
0,0,False,[],50,,9.886287669e+21,False,0.0,0,,True,0.95,0.5,t_gridH,0,node130,0.95 0.5,0,300,static,0,0,50,71,,-8,cav3T_Re400_dt30__grid_U0.95_p0.5,2,133,cav3T_Re400_dt30,0,,2,41.2
0,0,False,[],50,,1.4842776e+34,False,0.0,0,,True,0.95,0.7,t_gridH,0,node121,0.95 0.7,0,374,static,0,0,50,78,,-8,cav3T_Re400_dt30__grid_U0.95_p0.7,2,133,cav3T_Re400_dt30,0,,2,32.41
0,0,False,[],50,,1.973539323e+80,False,0.0,0,,True,0.95,0.9,t_gridH,0,node121,0.95 0.9,0,501,static,0,0,50,107,,-8,cav3T_Re400_dt30__grid_U0.95_p0.9,3,133,cav3T_Re400_dt30,0,,3,45.77
0,0,False,[],50,593.0,10.44000443,True,0.0,0,586.86,False,0.9,0.2,t_gridH,0,node130,0.9 0.2,0,9279,static,0,0,42,4013,,0,cav3T_Re400_dt30__grid_U0.9_p0.2,133,133,cav3T_Re400_dt30,0,0.0013953584318237705,0,594.43
0,0,False,[],50,420.0,10.44000518,True,0.0,0,415.8,False,0.9,0.3,t_gridH,0,node121,0.9 0.3,0,7365,static,0,0,30,2845,,0,cav3T_Re400_dt30__grid_U0.9_p0.3,133,133,cav3T_Re400_dt30,0,0.0013952966169873576,0,421.4
0,0,False,[],50,491.0,10.44000376,True,0.0,0,486.91,False,0.9,0.5,t_gridH,0,node121,0.9 0.5,0,10196,static,0,0,30,3431,,0,cav3T_Re400_dt30__grid_U0.9_p0.5,133,133,cav3T_Re400_dt30,0,0.0013953798240804035,0,492.95
0,0,False,[],50,,4.190710642e+82,False,0.0,0,,True,0.9,0.7,t_gridH,0,node130,0.9 0.7,0,431,static,0,0,50,105,,-8,cav3T_Re400_dt30__grid_U0.9_p0.7,3,133,cav3T_Re400_dt30,0,,3,50.48
0,0,False,[],50,,2.032432347e+76,False,0.0,0,,True,0.9,0.9,t_gridH,0,node130,0.9 0.9,0,547,static,0,0,50,121,,-8,cav3T_Re400_dt30__grid_U0.9_p0.9,3,133,cav3T_Re400_dt30,0,,3,37.94
0,0,False,[],50,257.0,5.825110009,True,0.0,0,253.45,False,0.7,0.3,t_gridH,0,node129,,0,43650,static,0,0,29,10083,,0,cavT_Re2500_dt05__default,400,400,cavT_Re2500_dt05,0,5.724009371212546e-06,0,258.28
0,0,False,[],50,453.0,5.825381225,True,0.0,0,447.79,False,0.5,0.2,t_gridH,0,node129,0.5 0.2,0,75143,static,0,0,42,16093,,0,cavT_Re2500_dt05__grid_U0.5_p0.2,400,400,cavT_Re2500_dt05,0,0.0008528728420694858,0,455.16
0,0,False,[],50,316.0,5.825412175,True,0.0,0,312.48,False,0.5,0.3,t_gridH,0,node121,0.5 0.3,0,56617,static,0,0,35,12021,,0,cavT_Re2500_dt05__grid_U0.5_p0.3,400,400,cavT_Re2500_dt05,0,0.0008856059111763903,0,317.48
0,0,False,[],50,224.0,5.825437981,True,0.0,0,221.35,False,0.5,0.5,t_gridH,0,node121,0.5 0.5,0,43327,static,0,0,35,9120,,0,cavT_Re2500_dt05__grid_U0.5_p0.5,400,400,cavT_Re2500_dt05,0,0.0011073702536031843,0,225.9
0,0,False,[],50,221.0,5.825438056,True,0.0,0,217.76,False,0.5,0.7,t_gridH,0,node129,0.5 0.7,0,41489,static,0,0,35,8749,,0,cavT_Re2500_dt05__grid_U0.5_p0.7,400,400,cavT_Re2500_dt05,0,0.0013077432692245221,0,222.0
0,0,False,[],50,237.0,5.82543809,True,0.0,0,216.99,False,0.5,0.9,t_gridH,0,node121,0.5 0.9,0,41955,static,0,0,35,8744,,0,cavT_Re2500_dt05__grid_U0.5_p0.9,400,400,cavT_Re2500_dt05,0,0.0013106204677035495,0,238.01
0,0,False,[],50,348.0,5.825107171,True,0.0,0,344.17,False,0.7,0.2,t_gridH,0,node127,0.7 0.2,0,57119,static,0,0,43,14510,,0,cavT_Re2500_dt05__grid_U0.7_p0.2,400,400,cavT_Re2500_dt05,0,6.495343441829787e-07,0,349.33
0,0,False,[],50,259.0,5.825110009,True,0.0,0,255.73,False,0.7,0.3,t_gridH,0,node127,0.7 0.3,0,43650,static,0,0,29,10083,,0,cavT_Re2500_dt05__grid_U0.7_p0.3,400,400,cavT_Re2500_dt05,0,5.724009371212546e-06,0,260.71
0,0,False,[],50,178.0,5.825133934,True,0.0,0,171.64,False,0.7,0.5,t_gridH,0,node127,0.7 0.5,0,32008,static,0,0,21,6781,,0,cavT_Re2500_dt05__grid_U0.7_p0.5,400,400,cavT_Re2500_dt05,0,9.036601859257839e-05,0,179.4
0,0,False,[],50,154.0,5.825138832,True,0.0,0,151.42,False,0.7,0.7,t_gridH,0,node127,0.7 0.7,0,27684,static,0,0,21,5799,,0,cavT_Re2500_dt05__grid_U0.7_p0.7,400,400,cavT_Re2500_dt05,0,0.00021145472607403946,0,155.04
0,0,False,[],50,209.0,5.825139029,True,0.0,0,206.74,False,0.7,0.9,t_gridH,0,node121,0.7 0.9,0,35275,static,0,0,21,7200,,0,cavT_Re2500_dt05__grid_U0.7_p0.9,400,400,cavT_Re2500_dt05,0,0.00011395147537136806,0,210.8
0,0,False,[],50,329.0,5.824979813,True,0.0,0,322.61,False,0.8,0.2,t_gridH,0,node129,0.8 0.2,0,49099,static,0,0,43,13675,,0,cavT_Re2500_dt05__grid_U0.8_p0.2,400,400,cavT_Re2500_dt05,0,0.0003798767984167139,0,331.51
0,0,False,[],50,226.0,5.824979945,True,0.0,0,223.33,False,0.8,0.3,t_gridH,0,node129,0.8 0.3,0,39139,static,0,0,29,9562,,0,cavT_Re2500_dt05__grid_U0.8_p0.3,400,400,cavT_Re2500_dt05,0,0.0003797640914984102,0,228.12
0,0,False,[],50,169.0,5.824984629,True,0.0,0,166.93,False,0.8,0.5,t_gridH,0,node130,0.8 0.5,0,29798,static,0,0,18,6415,,0,cavT_Re2500_dt05__grid_U0.8_p0.5,400,400,cavT_Re2500_dt05,0,0.0003763752414601143,0,170.49
0,0,False,[],50,139.0,5.82499766,True,0.0,0,137.67,False,0.8,0.7,t_gridH,0,node121,0.8 0.7,0,27420,static,0,0,16,5598,,0,cavT_Re2500_dt05__grid_U0.8_p0.7,400,400,cavT_Re2500_dt05,0,0.00037498662815540037,0,141.17
0,0,False,[],50,,75.70787118,False,0.0,0,,True,0.8,0.9,t_gridH,0,node121,0.8 0.9,0,3377,static,0,0,50,475,,-8,cavT_Re2500_dt05__grid_U0.8_p0.9,13,400,cavT_Re2500_dt05,0,,7,17.26
0,0,False,[],50,234.0,5.824793385,True,0.0,0,230.89,False,0.95,0.2,t_gridH,0,node129,0.95 0.2,0,36933,static,0,0,45,10582,,0,cavT_Re2500_dt05__grid_U0.95_p0.2,400,400,cavT_Re2500_dt05,0,0.0009100719885282736,0,235.18
0,0,False,[],50,196.0,5.824793353,True,0.0,0,193.52,False,0.95,0.3,t_gridH,0,node127,0.95 0.3,0,27163,static,0,0,30,7336,,0,cavT_Re2500_dt05__grid_U0.95_p0.3,400,400,cavT_Re2500_dt05,0,0.000910076009735417,0,197.47
0,0,False,[],50,158.0,5.824793451,True,0.0,0,155.67,False,0.95,0.5,t_gridH,0,node127,0.95 0.5,0,25041,static,0,0,18,5982,,0,cavT_Re2500_dt05__grid_U0.95_p0.5,400,400,cavT_Re2500_dt05,0,0.0009123875578134576,0,159.0
0,0,False,[],50,,2.264889093e+87,False,0.0,0,,True,0.95,0.7,t_gridH,0,node127,0.95 0.7,0,2064,static,0,0,50,429,,-8,cavT_Re2500_dt05__grid_U0.95_p0.7,12,400,cavT_Re2500_dt05,0,,7,19.38
0,0,False,[],50,,2.160662016,False,0.0,0,,True,0.95,0.9,t_gridH,0,node130,0.95 0.9,0,448,static,0,0,50,96,,-8,cavT_Re2500_dt05__grid_U0.95_p0.9,2,400,cavT_Re2500_dt05,0,,2,6.72
0,0,False,[],50,318.0,5.824854926,True,0.0,0,312.68,False,0.9,0.2,t_gridH,0,node130,0.9 0.2,0,41936,static,0,0,45,12142,,0,cavT_Re2500_dt05__grid_U0.9_p0.2,400,400,cavT_Re2500_dt05,0,0.0007380256232800396,0,319.99
0,0,False,[],50,217.0,5.824854922,True,0.0,0,213.94,False,0.9,0.3,t_gridH,0,node130,0.9 0.3,0,31512,static,0,0,29,8466,,0,cavT_Re2500_dt05__grid_U0.9_p0.3,400,400,cavT_Re2500_dt05,0,0.000738029522547457,0,217.91
0,0,False,[],50,146.0,5.824855283,True,0.0,0,141.7,False,0.9,0.5,t_gridH,0,node129,0.9 0.5,0,25803,static,0,0,18,5807,,0,cavT_Re2500_dt05__grid_U0.9_p0.5,400,400,cavT_Re2500_dt05,0,0.000738067146401246,0,146.97
0,0,False,[],50,,20100343850.0,False,0.0,0,,True,0.9,0.7,t_gridH,0,node121,0.9 0.7,0,4860,static,0,0,50,924,,-8,cavT_Re2500_dt05__grid_U0.9_p0.7,28,400,cavT_Re2500_dt05,0,,13,43.18
0,0,False,[],50,,4.029446104,False,0.0,0,,True,0.9,0.9,t_gridH,0,node130,0.9 0.9,0,851,static,0,0,50,190,,-8,cavT_Re2500_dt05__grid_U0.9_p0.9,4,400,cavT_Re2500_dt05,0,,4,9.57
0,0,False,[],50,183.0,12.33307979,True,0.0,0,179.33,False,0.7,0.3,t_gridH,0,node130,,0,31724,static,0,0,50,6727,,0,cavT_Re400_dt10__default,200,200,cavT_Re400_dt10,0,0.00044544416176350377,25,183.85
0,0,False,[],50,228.0,12.33302171,True,0.0,0,225.32,False,0.5,0.2,t_gridH,0,node121,0.5 0.2,0,41279,static,0,0,50,8976,,0,cavT_Re400_dt10__grid_U0.5_p0.2,200,200,cavT_Re400_dt10,0,0.0012191068934741891,107,229.47
0,0,False,[],50,255.0,12.33300777,True,0.0,0,251.83,False,0.5,0.3,t_gridH,0,node130,0.5 0.3,0,40076,static,0,0,50,8384,,0,cavT_Re400_dt10__grid_U0.5_p0.3,200,200,cavT_Re400_dt10,0,0.0015088734003002304,107,256.48
0,0,False,[],50,207.0,12.3330014,True,0.0,0,205.25,False,0.5,0.5,t_gridH,0,node127,0.5 0.5,0,39564,static,0,0,50,8042,,0,cavT_Re400_dt10__grid_U0.5_p0.5,200,200,cavT_Re400_dt10,0,0.0017722633013997299,107,209.08
0,0,False,[],50,224.0,12.3330001,True,0.0,0,222.2,False,0.5,0.7,t_gridH,0,node130,0.5 0.7,0,39835,static,0,0,50,7918,,0,cavT_Re400_dt10__grid_U0.5_p0.7,200,200,cavT_Re400_dt10,0,0.001901435724110679,107,226.23
0,0,False,[],50,205.0,12.33299893,True,0.0,0,203.07,False,0.5,0.9,t_gridH,0,node121,0.5 0.9,0,40577,static,0,0,50,7867,,0,cavT_Re400_dt10__grid_U0.5_p0.9,200,200,cavT_Re400_dt10,0,0.0019642065643369127,107,206.38
0,0,False,[],50,220.0,12.33309419,True,0.0,0,217.23,False,0.7,0.2,t_gridH,0,node130,0.7 0.2,0,32789,static,0,0,50,7526,,0,cavT_Re400_dt10__grid_U0.7_p0.2,200,200,cavT_Re400_dt10,0,0.0002181568211064485,25,221.66
0,0,False,[],50,174.0,12.33307979,True,0.0,0,171.64,False,0.7,0.3,t_gridH,0,node121,0.7 0.3,0,31724,static,0,0,50,6727,,0,cavT_Re400_dt10__grid_U0.7_p0.3,200,200,cavT_Re400_dt10,0,0.00044544416176350377,25,175.29
0,0,False,[],50,190.0,12.33307279,True,0.0,0,188.16,False,0.7,0.5,t_gridH,0,node129,0.7 0.5,0,32226,static,0,0,50,6441,,0,cavT_Re400_dt10__grid_U0.7_p0.5,200,200,cavT_Re400_dt10,0,0.0006435701230805396,25,191.77
0,0,False,[],50,174.0,12.33307123,True,0.0,0,172.25,False,0.7,0.7,t_gridH,0,node127,0.7 0.7,0,32835,static,0,0,50,6392,,0,cavT_Re400_dt10__grid_U0.7_p0.7,200,200,cavT_Re400_dt10,0,0.0007005941282848634,25,175.77
0,0,False,[],50,,5233259.955,False,0.0,0,,True,0.7,0.9,t_gridH,0,node129,0.7 0.9,0,352,static,0,0,50,67,,-8,cavT_Re400_dt10__grid_U0.7_p0.9,2,200,cavT_Re400_dt10,0,,2,5.57
0,0,False,[],50,161.0,12.33311225,True,0.0,0,159.49,False,0.8,0.2,t_gridH,0,node121,0.8 0.2,0,26378,static,0,0,47,6354,,0,cavT_Re400_dt10__grid_U0.8_p0.2,200,200,cavT_Re400_dt10,0,8.835807292507011e-05,0,162.91
0,0,False,[],50,136.0,12.33310251,True,0.0,0,134.54,False,0.8,0.3,t_gridH,0,node121,0.8 0.3,0,23196,static,0,0,43,5166,,0,cavT_Re400_dt10__grid_U0.8_p0.3,200,200,cavT_Re400_dt10,0,0.00017714840813639606,0,138.02
0,0,False,[],50,131.0,12.33309367,True,0.0,0,128.73,False,0.8,0.5,t_gridH,0,node127,0.8 0.5,0,23490,static,0,0,42,4765,,0,cavT_Re400_dt10__grid_U0.8_p0.5,200,200,cavT_Re400_dt10,0,0.0003349335947845625,0,132.66
0,0,False,[],50,,99699.76969,False,0.0,0,,True,0.8,0.7,t_gridH,0,node121,0.8 0.7,0,422,static,0,0,50,69,,-8,cavT_Re400_dt10__grid_U0.8_p0.7,2,200,cavT_Re400_dt10,0,,2,5.98
0,0,False,[],50,,0,False,0.0,0,,True,0.8,0.9,t_gridH,0,node121,0.8 0.9,0,280,static,0,0,47,47,,-8,cavT_Re400_dt10__grid_U0.8_p0.9,1,200,cavT_Re400_dt10,0,,1,12.88
0,0,False,[],50,142.0,12.3331207,True,0.0,0,133.2,False,0.95,0.2,t_gridH,0,node121,0.95 0.2,0,19797,static,0,0,42,4874,,0,cavT_Re400_dt10__grid_U0.95_p0.2,200,200,cavT_Re400_dt10,0,0.0001927036643921627,0,143.16
0,0,False,[],50,,9.183410456e+56,False,0.0,0,,True,0.95,0.3,t_gridH,0,node127,0.95 0.3,0,2018,static,0,0,50,503,,-8,cavT_Re400_dt10__grid_U0.95_p0.3,11,200,cavT_Re400_dt10,0,,11,21.67
0,0,False,[],50,,0,False,0.0,0,,True,0.95,0.5,t_gridH,0,node121,0.95 0.5,0,180,static,0,0,28,28,,-8,cavT_Re400_dt10__grid_U0.95_p0.5,1,200,cavT_Re400_dt10,0,,1,4.66
0,0,False,[],50,,0,False,0.0,0,,True,0.95,0.7,t_gridH,0,node129,0.95 0.7,0,205,static,0,0,38,38,,-8,cavT_Re400_dt10__grid_U0.95_p0.7,1,200,cavT_Re400_dt10,0,,1,5.0
0,0,False,[],50,,3.072442396e+90,False,0.0,0,,True,0.95,0.9,t_gridH,0,node129,0.95 0.9,0,332,static,0,0,50,55,,-8,cavT_Re400_dt10__grid_U0.95_p0.9,2,200,cavT_Re400_dt10,0,,2,10.52
0,0,False,[],50,150.0,12.33311887,True,0.0,0,147.02,False,0.9,0.2,t_gridH,0,node129,0.9 0.2,0,22575,static,0,0,42,5508,,0,cavT_Re400_dt10__grid_U0.9_p0.2,200,200,cavT_Re400_dt10,0,0.00015714075410652476,0,151.45
0,0,False,[],50,112.0,12.33311766,True,0.0,0,107.88,False,0.9,0.3,t_gridH,0,node130,0.9 0.3,0,17620,static,0,0,30,4018,,0,cavT_Re400_dt10__grid_U0.9_p0.3,200,200,cavT_Re400_dt10,0,0.00015629495609751254,0,114.01
0,0,False,[],50,,705517222900.0,False,0.0,0,,True,0.9,0.5,t_gridH,0,node129,0.9 0.5,0,465,static,0,0,50,89,,-8,cavT_Re400_dt10__grid_U0.9_p0.5,2,200,cavT_Re400_dt10,0,,2,8.34
0,0,False,[],50,,0,False,0.0,0,,True,0.9,0.7,t_gridH,0,node130,0.9 0.7,0,477,static,0,0,50,50,,-8,cavT_Re400_dt10__grid_U0.9_p0.7,1,200,cavT_Re400_dt10,0,,1,6.27
0,0,False,[],50,,2.219731433e+30,False,0.0,0,,True,0.9,0.9,t_gridH,0,node121,0.9 0.9,0,318,static,0,0,50,57,,-8,cavT_Re400_dt10__grid_U0.9_p0.9,2,200,cavT_Re400_dt10,0,,2,8.16
0,0,False,[],50,571.0,4.833006525483404,True,0.0,0,555.6,False,0.7,0.3,t_gridH,0,node127,,0,44927,static,0,0,36,12032,,0,cylT_Re150_dt05__default,600,600,cylT_Re150_dt05,0,0.0003177535192911796,0,572.39
0,0,False,[],50,890.0,4.832367836847295,True,0.0,0,876.0,False,0.5,0.2,t_gridH,0,node130,0.5 0.2,0,68567,static,0,0,50,19367,,0,cylT_Re150_dt05__grid_U0.5_p0.2,600,600,cylT_Re150_dt05,0,0.050416322505192436,1,891.85
0,0,False,[],50,611.0,4.832211112844345,True,0.0,0,604.16,False,0.5,0.3,t_gridH,0,node121,0.5 0.3,0,53877,static,0,0,41,13714,,0,cylT_Re150_dt05__grid_U0.5_p0.3,600,600,cylT_Re150_dt05,0,0.05078156115057093,0,612.3
0,0,False,[],50,423.0,4.832153377432748,True,0.0,0,417.68,False,0.5,0.5,t_gridH,0,node121,0.5 0.5,0,40771,static,0,0,39,9565,,0,cylT_Re150_dt05__grid_U0.5_p0.5,600,600,cylT_Re150_dt05,0,0.051355003618364106,0,424.03
0,0,False,[],50,401.0,4.832183329346847,True,0.0,0,396.86,False,0.5,0.7,t_gridH,0,node121,0.5 0.7,0,36794,static,0,0,39,8044,,0,cylT_Re150_dt05__grid_U0.5_p0.7,600,600,cylT_Re150_dt05,0,0.05150716990725254,0,403.01
0,0,False,[],50,604.0,4.832276795730375,True,0.0,0,588.88,False,0.5,0.9,t_gridH,0,node127,0.5 0.9,0,57748,static,0,0,40,12274,,0,cylT_Re150_dt05__grid_U0.5_p0.9,600,600,cylT_Re150_dt05,0,0.05073788050295753,0,605.67
0,0,False,[],50,776.0,4.833106952883669,True,0.0,0,767.34,False,0.7,0.2,t_gridH,0,node129,0.7 0.2,0,61234,static,0,0,49,17573,,0,cylT_Re150_dt05__grid_U0.7_p0.2,600,600,cylT_Re150_dt05,0,7.517514911044019e-05,0,777.89
0,0,False,[],50,540.0,4.833006525483404,True,0.0,0,534.13,False,0.7,0.3,t_gridH,0,node127,0.7 0.3,0,44927,static,0,0,36,12032,,0,cylT_Re150_dt05__grid_U0.7_p0.3,600,600,cylT_Re150_dt05,0,0.0003177535192911796,0,541.31
0,0,False,[],50,387.0,4.832845948242041,True,0.0,0,380.45,False,0.7,0.5,t_gridH,0,node127,0.7 0.5,0,32800,static,0,0,26,7831,,0,cylT_Re150_dt05__grid_U0.7_p0.5,600,600,cylT_Re150_dt05,0,0.00013908817992111319,0,387.89
0,0,False,[],50,300.0,4.832859236021132,True,0.0,0,296.16,False,0.7,0.7,t_gridH,0,node130,0.7 0.7,0,27650,static,0,0,26,6217,,0,cylT_Re150_dt05__grid_U0.7_p0.7,600,600,cylT_Re150_dt05,0,0.0005948031578814569,0,301.89
0,0,False,[],50,447.0,4.833050530626625,True,0.0,0,441.83,False,0.7,0.9,t_gridH,0,node129,0.7 0.9,0,46850,static,0,0,39,9947,,0,cylT_Re150_dt05__grid_U0.7_p0.9,600,600,cylT_Re150_dt05,0,0.00011171751550901166,0,448.51
0,0,False,[],50,837.0,4.833245311901052,True,0.0,0,821.17,False,0.8,0.2,t_gridH,0,node121,0.8 0.2,0,58328,static,0,0,50,16494,,0,cylT_Re150_dt05__grid_U0.8_p0.2,600,600,cylT_Re150_dt05,0,0.01997168716588827,1,837.89
0,0,False,[],50,541.0,4.833252336324614,True,0.0,0,533.83,False,0.8,0.3,t_gridH,0,node127,0.8 0.3,0,42340,static,0,0,36,11291,,0,cylT_Re150_dt05__grid_U0.8_p0.3,600,600,cylT_Re150_dt05,0,0.020035125571835816,0,541.68
0,0,False,[],50,347.0,4.833150695454267,True,0.0,0,341.99,False,0.8,0.5,t_gridH,0,node129,0.8 0.5,0,30762,static,0,0,25,7214,,0,cylT_Re150_dt05__grid_U0.8_p0.5,600,600,cylT_Re150_dt05,0,0.020309350228716074,0,347.58
0,0,False,[],50,281.0,4.833110027521704,True,0.0,0,273.98,False,0.8,0.7,t_gridH,0,node129,0.8 0.7,0,25389,static,0,0,23,5780,,0,cylT_Re150_dt05__grid_U0.8_p0.7,600,600,cylT_Re150_dt05,0,0.019970157988714772,0,282.3
0,0,False,[],50,435.0,4.833232040960674,True,0.0,0,427.28,False,0.8,0.9,t_gridH,0,node130,0.8 0.9,0,39414,static,0,0,38,8569,,0,cylT_Re150_dt05__grid_U0.8_p0.9,600,600,cylT_Re150_dt05,0,0.020167691070124043,0,436.79
0,0,False,[],50,560.0,4.833410872810397,True,0.0,0,553.56,False,0.95,0.2,t_gridH,0,node127,0.95 0.2,0,55533,static,0,0,50,12830,,0,cylT_Re150_dt05__grid_U0.95_p0.2,600,600,cylT_Re150_dt05,0,0.04627084189087342,1,561.37
0,0,False,[],50,430.0,4.833411529720773,True,0.0,0,423.5,False,0.95,0.3,t_gridH,0,node121,0.95 0.3,0,38980,static,0,0,37,8864,,0,cylT_Re150_dt05__grid_U0.95_p0.3,600,600,cylT_Re150_dt05,0,0.0460637737398717,0,431.34
0,0,False,[],50,306.0,4.833419251850095,True,0.0,0,297.93,False,0.95,0.5,t_gridH,0,node127,0.95 0.5,0,27277,static,0,0,25,5838,,0,cylT_Re150_dt05__grid_U0.95_p0.5,600,600,cylT_Re150_dt05,0,0.046261778633843884,0,307.99
0,0,False,[],50,266.0,4.833373888875686,True,0.0,0,260.7,False,0.95,0.7,t_gridH,0,node130,0.95 0.7,0,23859,static,0,0,20,4861,,0,cylT_Re150_dt05__grid_U0.95_p0.7,600,600,cylT_Re150_dt05,0,0.04641007017994154,0,267.6
0,0,False,[],50,1270.0,8.615882299906106,True,0.0,0,1260.76,False,0.95,0.9,t_gridH,0,node127,0.95 0.9,0,163696,static,0,0,50,29967,,0,cylT_Re150_dt05__grid_U0.95_p0.9,600,600,cylT_Re150_dt05,0,0.30716840284820207,596,1272.36
0,0,False,[],50,692.0,4.833357132795686,True,0.0,0,683.25,False,0.9,0.2,t_gridH,0,node129,0.9 0.2,0,56680,static,0,0,50,14592,,0,cylT_Re150_dt05__grid_U0.9_p0.2,600,600,cylT_Re150_dt05,0,0.03776038850604695,1,693.22
0,0,False,[],50,457.0,4.833366576786265,True,0.0,0,451.34,False,0.9,0.3,t_gridH,0,node129,0.9 0.3,0,40096,static,0,0,37,9942,,0,cylT_Re150_dt05__grid_U0.9_p0.3,600,600,cylT_Re150_dt05,0,0.03774816035771558,0,457.84
0,0,False,[],50,319.0,4.833332147638395,True,0.0,0,312.02,False,0.9,0.5,t_gridH,0,node129,0.9 0.5,0,28901,static,0,0,25,6506,,0,cylT_Re150_dt05__grid_U0.9_p0.5,600,600,cylT_Re150_dt05,0,0.038140361800505715,0,319.43
0,0,False,[],50,249.0,4.833291037051889,True,0.0,0,242.66,False,0.9,0.7,t_gridH,0,node127,0.9 0.7,0,23427,static,0,0,20,5070,,0,cylT_Re150_dt05__grid_U0.9_p0.7,600,600,cylT_Re150_dt05,0,0.037952188190901584,0,249.9
0,0,False,[],50,485.0,4.833368991580181,True,0.0,0,479.53,False,0.9,0.9,t_gridH,0,node130,0.9 0.9,0,47012,static,0,0,37,9444,,0,cylT_Re150_dt05__grid_U0.9_p0.9,600,600,cylT_Re150_dt05,0,0.038730890715673656,0,486.88
0,0,False,[],50,279.0,3.619636228681071,True,0.0,0,276.7,False,0.7,0.3,t_gridH,0,node130,,0,21395,static,0,0,30,6169,,0,cylT_Re60_dt10__default,300,300,cylT_Re60_dt10,0,9.191708643269813e-08,0,281.32
0,0,False,[],50,433.0,3.619795266207777,True,0.0,0,428.51,False,0.5,0.2,t_gridH,0,node129,0.5 0.2,0,34163,static,0,0,48,10124,,0,cylT_Re60_dt10__grid_U0.5_p0.2,300,300,cylT_Re60_dt10,0,3.7462822412540956e-05,0,434.49
0,0,False,[],50,353.0,3.619773419860836,True,0.0,0,348.43,False,0.5,0.3,t_gridH,0,node129,0.5 0.3,0,26897,static,0,0,38,6922,,0,cylT_Re60_dt10__grid_U0.5_p0.3,300,300,cylT_Re60_dt10,0,3.878544618599088e-05,0,354.18
0,0,False,[],50,233.0,3.619787175977207,True,0.0,0,229.14,False,0.5,0.5,t_gridH,0,node127,0.5 0.5,0,21174,static,0,0,32,4922,,0,cylT_Re60_dt10__grid_U0.5_p0.5,300,300,cylT_Re60_dt10,0,5.339389257975208e-05,0,234.48
0,0,False,[],50,215.0,3.619788259945262,True,0.0,0,207.43,False,0.5,0.7,t_gridH,0,node121,0.5 0.7,0,20278,static,0,0,32,4401,,0,cylT_Re60_dt10__grid_U0.5_p0.7,300,300,cylT_Re60_dt10,0,7.665465336172945e-05,0,216.12
0,0,False,[],50,673.0,3.6196803763355,True,0.0,0,665.6,False,0.5,0.9,t_gridH,0,node130,0.5 0.9,0,54301,static,0,0,50,12363,,0,cylT_Re60_dt10__grid_U0.5_p0.9,300,300,cylT_Re60_dt10,0,3.4766448965953166e-05,97,674.59
0,0,False,[],50,510.0,3.619596179761464,True,0.0,0,504.29,False,0.7,0.2,t_gridH,0,node129,0.7 0.2,0,30385,static,0,0,39,9331,,0,cylT_Re60_dt10__grid_U0.7_p0.2,300,300,cylT_Re60_dt10,0,3.396179593909751e-08,0,511.17
0,0,False,[],50,275.0,3.619636228681071,True,0.0,0,271.91,False,0.7,0.3,t_gridH,0,node130,0.7 0.3,0,21395,static,0,0,30,6169,,0,cylT_Re60_dt10__grid_U0.7_p0.3,300,300,cylT_Re60_dt10,0,9.191708643269813e-08,0,276.22
0,0,False,[],50,175.0,3.619601756698634,True,0.0,0,172.13,False,0.7,0.5,t_gridH,0,node129,0.7 0.5,0,15510,static,0,0,22,3849,,0,cylT_Re60_dt10__grid_U0.7_p0.5,300,300,cylT_Re60_dt10,0,2.6137365009883806e-06,0,176.65
0,0,False,[],50,172.0,3.619609494101232,True,0.0,0,169.33,False,0.7,0.7,t_gridH,0,node121,0.7 0.7,0,13454,static,0,0,19,3077,,0,cylT_Re60_dt10__grid_U0.7_p0.7,300,300,cylT_Re60_dt10,0,1.4398687319412822e-05,0,173.55
0,0,False,[],50,651.0,15.58488120123564,True,0.0,0,644.99,False,0.7,0.9,t_gridH,0,node121,0.7 0.9,0,72532,static,0,0,50,15000,,0,cylT_Re60_dt10__grid_U0.7_p0.9,300,300,cylT_Re60_dt10,0,0.39427092868758784,300,652.45
0,0,False,[],50,380.0,3.619538782164504,True,0.0,0,375.48,False,0.8,0.2,t_gridH,0,node127,0.8 0.2,0,28715,static,0,0,40,8790,,0,cylT_Re60_dt10__grid_U0.8_p0.2,300,300,cylT_Re60_dt10,0,1.5036221405057865e-05,0,381.78
0,0,False,[],50,263.0,3.619514672793502,True,0.0,0,259.75,False,0.8,0.3,t_gridH,0,node129,0.8 0.3,0,19966,static,0,0,28,5811,,0,cylT_Re60_dt10__grid_U0.8_p0.3,300,300,cylT_Re60_dt10,0,1.5029267328198011e-05,0,264.76
0,0,False,[],50,161.0,3.619527235508584,True,0.0,0,158.59,False,0.8,0.5,t_gridH,0,node130,0.8 0.5,0,13873,static,0,0,20,3529,,0,cylT_Re60_dt10__grid_U0.8_p0.5,300,300,cylT_Re60_dt10,0,1.4791490720407928e-05,0,162.77
0,0,False,[],50,138.0,3.619544760110474,True,0.0,0,136.56,False,0.8,0.7,t_gridH,0,node129,0.8 0.7,0,13099,static,0,0,20,2979,,0,cylT_Re60_dt10__grid_U0.8_p0.7,300,300,cylT_Re60_dt10,0,1.4205627595620982e-05,0,139.58
0,0,False,[],50,754.0,40.24291081639739,True,0.0,0,742.17,False,0.8,0.9,t_gridH,0,node121,0.8 0.9,0,73970,static,0,0,50,15000,,0,cylT_Re60_dt10__grid_U0.8_p0.9,300,300,cylT_Re60_dt10,0,1.0350122898469636,300,754.97
0,0,False,[],50,321.0,3.619448922087609,True,0.0,0,317.25,False,0.95,0.2,t_gridH,0,node129,0.95 0.2,0,24677,static,0,0,43,6919,,0,cylT_Re60_dt10__grid_U0.95_p0.2,300,300,cylT_Re60_dt10,0,3.538671614343114e-05,0,322.33
0,0,False,[],50,213.0,3.619449784836992,True,0.0,0,205.77,False,0.95,0.3,t_gridH,0,node121,0.95 0.3,0,17250,static,0,0,28,4698,,0,cylT_Re60_dt10__grid_U0.95_p0.3,300,300,cylT_Re60_dt10,0,3.5378064452639595e-05,0,213.67
0,0,False,[],50,143.0,3.619448447201425,True,0.0,0,140.32,False,0.95,0.5,t_gridH,0,node129,0.95 0.5,0,11784,static,0,0,20,2929,,0,cylT_Re60_dt10__grid_U0.95_p0.5,300,300,cylT_Re60_dt10,0,3.534802499528372e-05,0,144.55
0,0,False,[],50,648.0,34.76081490598593,True,0.0,0,642.34,False,0.95,0.7,t_gridH,0,node121,0.95 0.7,0,77763,static,0,0,50,15000,,0,cylT_Re60_dt10__grid_U0.95_p0.7,300,300,cylT_Re60_dt10,0,0.2950341108015867,300,649.37
0,0,False,[],50,767.0,73.73552245290638,True,0.0,0,759.05,False,0.95,0.9,t_gridH,0,node130,0.95 0.9,0,71930,static,0,0,50,15000,,0,cylT_Re60_dt10__grid_U0.95_p0.9,300,300,cylT_Re60_dt10,0,1.2841162609497407,300,768.74
0,0,False,[],50,360.0,3.619478522909527,True,0.0,0,355.53,False,0.9,0.2,t_gridH,0,node129,0.9 0.2,0,26282,static,0,0,42,7799,,0,cylT_Re60_dt10__grid_U0.9_p0.2,300,300,cylT_Re60_dt10,0,2.8815024623250573e-05,0,361.46
0,0,False,[],50,244.0,3.61947146540481,True,0.0,0,240.85,False,0.9,0.3,t_gridH,0,node127,0.9 0.3,0,18181,static,0,0,28,5223,,0,cylT_Re60_dt10__grid_U0.9_p0.3,300,300,cylT_Re60_dt10,0,2.8800600290529577e-05,0,245.52
0,0,False,[],50,153.0,3.619476537607945,True,0.0,0,149.48,False,0.9,0.5,t_gridH,0,node129,0.9 0.5,0,12494,static,0,0,20,3193,,0,cylT_Re60_dt10__grid_U0.9_p0.5,300,300,cylT_Re60_dt10,0,2.8765592036843022e-05,0,154.38
0,0,False,[],50,179.0,3.619480098067045,True,0.0,0,176.56,False,0.9,0.7,t_gridH,0,node127,0.9 0.7,0,16507,static,0,0,34,3549,,0,cylT_Re60_dt10__grid_U0.9_p0.7,300,300,cylT_Re60_dt10,0,2.8662434923013542e-05,0,180.5
0,0,False,[],50,637.0,34.78750521557073,True,0.0,0,631.08,False,0.9,0.9,t_gridH,0,node127,0.9 0.9,0,71619,static,0,0,50,15000,,0,cylT_Re60_dt10__grid_U0.9_p0.9,300,300,cylT_Re60_dt10,0,1.2160464070573722,300,638.18
0,0,False,[],50,561.0,12.5385,True,0.0,0,555.0,False,0.7,0.3,t_gridH,0,node129,,0,246743,static,0,0,45,23040,,0,pitzT_U20_dt1__default,1000,1000,pitzT_U20_dt1,0,7.346004987067813e-07,0,562.14
0,0,False,[],50,752.0,12.4639,True,0.0,0,746.6,False,0.5,0.2,t_gridH,0,node129,0.5 0.2,0,409987,static,0,0,50,36923,,0,pitzT_U20_dt1__grid_U0.5_p0.2,1000,1000,pitzT_U20_dt1,0,0.00031444789861035115,5,753.48
0,0,False,[],50,688.0,12.4656,True,0.0,0,680.82,False,0.5,0.3,t_gridH,0,node127,0.5 0.3,0,286645,static,0,0,50,26521,,0,pitzT_U20_dt1__grid_U0.5_p0.3,1000,1000,pitzT_U20_dt1,0,0.00031424500615609554,5,689.41
0,0,False,[],50,496.0,12.4656,True,0.0,0,491.58,False,0.5,0.5,t_gridH,0,node121,0.5 0.5,0,221213,static,0,0,50,20787,,0,pitzT_U20_dt1__grid_U0.5_p0.5,1000,1000,pitzT_U20_dt1,0,0.0003143867479949157,5,497.75
0,0,False,[],50,465.0,12.4656,True,0.0,0,460.39,False,0.5,0.7,t_gridH,0,node127,0.5 0.7,0,213454,static,0,0,50,18662,,0,pitzT_U20_dt1__grid_U0.5_p0.7,1000,1000,pitzT_U20_dt1,0,0.00031444153632187574,5,466.37
0,0,False,[],50,493.0,12.4656,True,0.0,0,487.62,False,0.5,0.9,t_gridH,0,node127,0.5 0.9,0,214741,static,0,0,50,18150,,0,pitzT_U20_dt1__grid_U0.5_p0.9,1000,1000,pitzT_U20_dt1,0,0.0003144059999732477,5,493.76
0,0,False,[],50,905.0,12.5387,True,0.0,0,896.2,False,0.7,0.2,t_gridH,0,node130,0.7 0.2,0,365778,static,0,0,50,34354,,0,pitzT_U20_dt1__grid_U0.7_p0.2,1000,1000,pitzT_U20_dt1,0,6.009690574486908e-07,1,906.45
0,0,False,[],50,633.0,12.5385,True,0.0,0,626.33,False,0.7,0.3,t_gridH,0,node129,0.7 0.3,0,246743,static,0,0,45,23040,,0,pitzT_U20_dt1__grid_U0.7_p0.3,1000,1000,pitzT_U20_dt1,0,7.346004987067813e-07,0,634.03
0,0,False,[],50,400.0,12.5388,True,0.0,0,395.49,False,0.7,0.5,t_gridH,0,node127,0.7 0.5,0,154612,static,0,0,43,14636,,0,pitzT_U20_dt1__grid_U0.7_p0.5,1000,1000,pitzT_U20_dt1,0,1.1843821873056875e-06,0,401.7
0,0,False,[],50,333.0,12.5388,True,0.0,0,329.67,False,0.7,0.7,t_gridH,0,node129,0.7 0.7,0,136802,static,0,0,43,12708,,0,pitzT_U20_dt1__grid_U0.7_p0.7,1000,1000,pitzT_U20_dt1,0,1.3889993976894255e-06,0,335.02
0,0,False,[],50,,1.11143e+42,False,0.0,0,,True,0.7,0.9,t_gridH,0,node129,0.7 0.9,0,3017,static,0,0,50,350,,-8,pitzT_U20_dt1__grid_U0.7_p0.9,7,1000,pitzT_U20_dt1,0,,7,11.66
0,0,False,[],50,758.0,12.5729,True,0.0,0,750.13,False,0.8,0.2,t_gridH,0,node121,0.8 0.2,0,337580,static,0,0,50,32557,,0,pitzT_U20_dt1__grid_U0.8_p0.2,1000,1000,pitzT_U20_dt1,0,0.00011623397531050517,1,758.86
0,0,False,[],50,545.0,12.5728,True,0.0,0,538.91,False,0.8,0.3,t_gridH,0,node129,0.8 0.3,0,225398,static,0,0,43,21736,,0,pitzT_U20_dt1__grid_U0.8_p0.3,1000,1000,pitzT_U20_dt1,0,0.00011620400064211261,0,546.37
0,0,False,[],50,325.0,12.5729,True,0.0,0,321.18,False,0.8,0.5,t_gridH,0,node121,0.8 0.5,0,137897,static,0,0,31,13193,,0,pitzT_U20_dt1__grid_U0.8_p0.5,1000,1000,pitzT_U20_dt1,0,0.00011619838608292372,0,325.8
0,0,False,[],50,273.0,12.5728,True,0.0,0,269.95,False,0.8,0.7,t_gridH,0,node129,0.8 0.7,0,104473,static,0,0,35,10592,,0,pitzT_U20_dt1__grid_U0.8_p0.7,1000,1000,pitzT_U20_dt1,0,0.00011635954131545625,0,275.26
0,0,False,[],50,,2.37031e+43,False,0.0,0,,True,0.8,0.9,t_gridH,0,node121,0.8 0.9,0,4105,static,0,0,50,150,,-8,pitzT_U20_dt1__grid_U0.8_p0.9,3,1000,pitzT_U20_dt1,0,,3,8.4
0,0,False,[],50,529.0,12.6174,True,0.0,0,525.2,False,0.95,0.2,t_gridH,0,node121,0.95 0.2,0,240838,static,0,0,50,25744,,0,pitzT_U20_dt1__grid_U0.95_p0.2,1000,1000,pitzT_U20_dt1,0,0.0002572920698492509,1,530.9
0,0,False,[],50,431.0,12.6174,True,0.0,0,425.97,False,0.95,0.3,t_gridH,0,node121,0.95 0.3,0,171636,static,0,0,43,17735,,0,pitzT_U20_dt1__grid_U0.95_p0.3,1000,1000,pitzT_U20_dt1,0,0.00025725510094935203,0,432.21
0,0,False,[],50,,4.11415e+35,False,0.0,0,,True,0.95,0.5,t_gridH,0,node130,0.95 0.5,0,2661,static,0,0,50,169,,-8,pitzT_U20_dt1__grid_U0.95_p0.5,4,1000,pitzT_U20_dt1,0,,4,6.27
0,0,False,[],50,,8.97339e+51,False,0.0,0,,True,0.95,0.7,t_gridH,0,node130,0.95 0.7,0,1371,static,0,0,50,101,,-8,pitzT_U20_dt1__grid_U0.95_p0.7,3,1000,pitzT_U20_dt1,0,,3,4.66
0,0,False,[],50,,4.39048e+67,False,0.0,0,,True,0.95,0.9,t_gridH,0,node127,0.95 0.9,0,1322,static,0,0,50,101,,-8,pitzT_U20_dt1__grid_U0.95_p0.9,3,1000,pitzT_U20_dt1,0,,3,5.54
0,0,False,[],50,720.0,12.6033,True,0.0,0,712.25,False,0.9,0.2,t_gridH,0,node127,0.9 0.2,0,290132,static,0,0,50,29391,,0,pitzT_U20_dt1__grid_U0.9_p0.2,1000,1000,pitzT_U20_dt1,0,0.0002140127501679802,1,721.69
0,0,False,[],50,480.0,12.6033,True,0.0,0,474.34,False,0.9,0.3,t_gridH,0,node130,0.9 0.3,0,197657,static,0,0,43,19731,,0,pitzT_U20_dt1__grid_U0.9_p0.3,1000,1000,pitzT_U20_dt1,0,0.00021398665605862487,0,480.96
0,0,False,[],50,309.0,12.6033,True,0.0,0,305.3,False,0.9,0.5,t_gridH,0,node127,0.9 0.5,0,124370,static,0,0,33,12249,,0,pitzT_U20_dt1__grid_U0.9_p0.5,1000,1000,pitzT_U20_dt1,0,0.0002139431008519714,0,310.62
0,0,False,[],50,,2.10826e+46,False,0.0,0,,True,0.9,0.7,t_gridH,0,node130,0.9 0.7,0,2147,static,0,0,50,103,,-8,pitzT_U20_dt1__grid_U0.9_p0.7,3,1000,pitzT_U20_dt1,0,,3,6.61
0,0,False,[],50,,4.62803e+111,False,0.0,0,,True,0.9,0.9,t_gridH,0,node121,0.9 0.9,0,1463,static,0,0,50,151,,-8,pitzT_U20_dt1__grid_U0.9_p0.9,4,1000,pitzT_U20_dt1,0,,4,6.53
0,0,False,[],50,291.0,7.11473,True,0.0,0,285.14,False,0.7,0.3,t_gridH,0,node127,,0,114942,static,0,0,35,11050,,0,pitzT_U5_dt2__default,500,500,pitzT_U5_dt2,0,2.8848843972124343e-06,0,292.15
0,0,False,[],50,444.0,7.08504,True,0.0,0,437.14,False,0.5,0.2,t_gridH,0,node130,0.5 0.2,0,184752,static,0,0,50,17605,,0,pitzT_U5_dt2__grid_U0.5_p0.2,500,500,pitzT_U5_dt2,0,0.0005245292848554628,1,445.53
0,0,False,[],50,320.0,7.08565,True,0.0,0,305.26,False,0.5,0.3,t_gridH,0,node121,0.5 0.3,0,131076,static,0,0,49,12288,,0,pitzT_U5_dt2__grid_U0.5_p0.3,500,500,pitzT_U5_dt2,0,0.0005083761273982312,0,321.19
0,0,False,[],50,220.0,7.08556,True,0.0,0,213.14,False,0.5,0.5,t_gridH,0,node121,0.5 0.5,0,88497,static,0,0,49,8768,,0,pitzT_U5_dt2__grid_U0.5_p0.5,500,500,pitzT_U5_dt2,0,0.0004052326403176942,0,221.46
0,0,False,[],50,209.0,7.08558,True,0.0,0,206.46,False,0.5,0.7,t_gridH,0,node127,0.5 0.7,0,90961,static,0,0,49,8616,,0,pitzT_U5_dt2__grid_U0.5_p0.7,500,500,pitzT_U5_dt2,0,0.00039954391888002684,0,210.49
0,0,False,[],50,220.0,7.0856,True,0.0,0,215.33,False,0.5,0.9,t_gridH,0,node130,0.5 0.9,0,95131,static,0,0,49,8616,,0,pitzT_U5_dt2__grid_U0.5_p0.9,500,500,pitzT_U5_dt2,0,0.0003991178175083998,0,220.86
0,0,False,[],50,369.0,7.11475,True,0.0,0,365.17,False,0.7,0.2,t_gridH,0,node130,0.7 0.2,0,166681,static,0,0,49,16461,,0,pitzT_U5_dt2__grid_U0.7_p0.2,500,500,pitzT_U5_dt2,0,8.240347028665309e-07,0,370.32
0,0,False,[],50,262.0,7.11473,True,0.0,0,254.2,False,0.7,0.3,t_gridH,0,node127,0.7 0.3,0,114942,static,0,0,35,11050,,0,pitzT_U5_dt2__grid_U0.7_p0.3,500,500,pitzT_U5_dt2,0,2.8848843972124343e-06,0,262.83
0,0,False,[],50,174.0,7.11484,True,0.0,0,171.02,False,0.7,0.5,t_gridH,0,node127,0.7 0.5,0,73120,static,0,0,26,6712,,0,pitzT_U5_dt2__grid_U0.7_p0.5,500,500,pitzT_U5_dt2,0,2.9430714531870308e-05,0,175.4
0,0,False,[],50,137.0,7.11487,True,0.0,0,135.44,False,0.7,0.7,t_gridH,0,node127,0.7 0.7,0,57405,static,0,0,26,5496,,0,pitzT_U5_dt2__grid_U0.7_p0.7,500,500,pitzT_U5_dt2,0,9.775536296957253e-05,0,138.72
0,0,False,[],50,146.0,7.11483,True,0.0,0,143.99,False,0.7,0.9,t_gridH,0,node130,0.7 0.9,0,58572,static,0,0,50,5748,,0,pitzT_U5_dt2__grid_U0.7_p0.9,500,500,pitzT_U5_dt2,0,9.584400711456554e-05,1,147.22
0,0,False,[],50,360.0,7.12617,True,0.0,0,351.63,False,0.8,0.2,t_gridH,0,node129,0.8 0.2,0,154547,static,0,0,49,15738,,0,pitzT_U5_dt2__grid_U0.8_p0.2,500,500,pitzT_U5_dt2,0,0.0006565773942951267,0,361.03
0,0,False,[],50,256.0,7.12626,True,0.0,0,250.91,False,0.8,0.3,t_gridH,0,node129,0.8 0.3,0,105375,static,0,0,34,10428,,0,pitzT_U5_dt2__grid_U0.8_p0.3,500,500,pitzT_U5_dt2,0,0.0006564047952286885,0,258.03
0,0,False,[],50,162.0,7.12624,True,0.0,0,159.42,False,0.8,0.5,t_gridH,0,node121,0.8 0.5,0,65681,static,0,0,23,6139,,0,pitzT_U5_dt2__grid_U0.8_p0.5,500,500,pitzT_U5_dt2,0,0.0006528489705340385,0,163.21
0,0,False,[],50,115.0,7.12632,True,0.0,0,111.45,False,0.8,0.7,t_gridH,0,node129,0.8 0.7,0,51520,static,0,0,19,4710,,0,pitzT_U5_dt2__grid_U0.8_p0.7,500,500,pitzT_U5_dt2,0,0.0006324556956737041,0,116.08
0,0,False,[],50,,1.38938e+38,False,0.0,0,,True,0.8,0.9,t_gridH,0,node121,0.8 0.9,0,2539,static,0,0,50,153,,-8,pitzT_U5_dt2__grid_U0.8_p0.9,4,500,pitzT_U5_dt2,0,,4,20.86
0,0,False,[],50,306.0,7.14077,True,0.0,0,299.98,False,0.95,0.2,t_gridH,0,node121,0.95 0.2,0,113776,static,0,0,50,12788,,0,pitzT_U5_dt2__grid_U0.95_p0.2,500,500,pitzT_U5_dt2,0,0.000526364813842616,1,307.59
0,0,False,[],50,222.0,7.14082,True,0.0,0,215.82,False,0.95,0.3,t_gridH,0,node130,0.95 0.3,0,77911,static,0,0,34,8511,,0,pitzT_U5_dt2__grid_U0.95_p0.3,500,500,pitzT_U5_dt2,0,0.0005262828458161964,0,223.02
0,0,False,[],50,129.0,7.14085,True,0.0,0,120.29,False,0.95,0.5,t_gridH,0,node121,0.95 0.5,0,50935,static,0,0,50,5233,,0,pitzT_U5_dt2__grid_U0.95_p0.5,500,500,pitzT_U5_dt2,0,0.0005259972438908356,1,130.66
0,0,False,[],50,,7.8623e+17,False,0.0,0,,True,0.95,0.7,t_gridH,0,node121,0.95 0.7,0,1432,static,0,0,50,150,,-8,pitzT_U5_dt2__grid_U0.95_p0.7,3,500,pitzT_U5_dt2,0,,3,7.8
0,0,False,[],50,,4.64708e+23,False,0.0,0,,True,0.95,0.9,t_gridH,0,node127,0.95 0.9,0,2733,static,0,0,50,100,,-8,pitzT_U5_dt2__grid_U0.95_p0.9,2,500,pitzT_U5_dt2,0,,2,10.57
0,0,False,[],50,338.0,7.1362,True,0.0,0,330.55,False,0.9,0.2,t_gridH,0,node127,0.9 0.2,0,131737,static,0,0,50,14196,,0,pitzT_U5_dt2__grid_U0.9_p0.2,500,500,pitzT_U5_dt2,0,0.0005636909789939395,1,339.48
0,0,False,[],50,227.0,7.13626,True,0.0,0,219.06,False,0.9,0.3,t_gridH,0,node130,0.9 0.3,0,90651,static,0,0,34,9432,,0,pitzT_U5_dt2__grid_U0.9_p0.3,500,500,pitzT_U5_dt2,0,0.0005635762893107467,0,228.03
0,0,False,[],50,147.0,7.13628,True,0.0,0,143.81,False,0.9,0.5,t_gridH,0,node127,0.9 0.5,0,56973,static,0,0,22,5598,,0,pitzT_U5_dt2__grid_U0.9_p0.5,500,500,pitzT_U5_dt2,0,0.0005633412040435433,0,148.68
0,0,False,[],50,,4.62187e+46,False,0.0,0,,True,0.9,0.7,t_gridH,0,node130,0.9 0.7,0,2916,static,0,0,50,182,,-8,pitzT_U5_dt2__grid_U0.9_p0.7,5,500,pitzT_U5_dt2,0,,4,9.37
0,0,False,[],50,,1.12183e+100,False,0.0,0,,True,0.9,0.9,t_gridH,0,node127,0.9 0.9,0,1219,static,0,0,50,152,,-8,pitzT_U5_dt2__grid_U0.9_p0.9,4,500,pitzT_U5_dt2,0,,4,7.48
0,0,False,[],50,851.0,4.847299292,True,0.0,0,841.52,False,0.7,0.3,t_design,0,node131,,0,17534,static,0,0,31,6758,,0,cav3T_Re1000_dt15__default,267,267,cav3T_Re1000_dt15,0,1.6189204773797926e-06,0,853.79
0,0,False,[],50,507.0,4.846694674,True,0.17,28,499.64,False,0.9482,0.5404,t_design,2,node131,,10,10690,heurT,0,8,46,3949,10:0.8235/0.3;20:0.9032/0.3;30:0.9289/0.3;40:0.9482/0.3;50:0.95/0.3;60:0.9482/0.3;160:0.95/0.5404;170:0.9482/0.5404,0,cav3T_Re1000_dt15__heurT,267,267,cav3T_Re1000_dt15,0,0.0039039350626800928,0,508.28
15.8,0,True,[],50,515.0,4.846765076,True,0.19,26,492.4,False,0.9032,0.5404,t_design,0,node099,,10,10428,jevT,26,6,31,4010,11:0.8235/0.3;21:0.9032/0.3;31:0.9289/0.3;41:0.9032/0.3;151:0.9289/0.5404;161:0.9032/0.5404,0,cav3T_Re1000_dt15__jevT_async_r0,267,267,cav3T_Re1000_dt15,0,0.003249002488818499,0,516.97
15.99,0,True,[],50,509.0,4.846765076,True,0.19,26,487.18,False,0.9032,0.5404,t_design,0,node099,,10,10428,jevT,26,6,31,4010,11:0.8235/0.3;21:0.9032/0.3;31:0.9289/0.3;41:0.9032/0.3;151:0.9289/0.5404;161:0.9032/0.5404,0,cav3T_Re1000_dt15__jevT_async_r1,267,267,cav3T_Re1000_dt15,0,0.003249002488818499,0,511.18
16.0,0,True,[],50,500.0,4.846765076,True,0.19,26,477.21,False,0.9032,0.5404,t_design,0,node099,,10,10428,jevT,26,6,31,4010,11:0.8235/0.3;21:0.9032/0.3;31:0.9289/0.3;41:0.9032/0.3;151:0.9289/0.5404;161:0.9032/0.5404,0,cav3T_Re1000_dt15__jevT_async_r2,267,267,cav3T_Re1000_dt15,0,0.003249002488818499,0,501.43
16.17,0,False,[],50,566.0,4.846751691,True,16.34,26,530.06,False,0.9032,0.5404,t_design,0,node131,,10,10393,jevT,26,6,31,3998,10:0.8235/0.3;20:0.9032/0.3;30:0.9289/0.3;40:0.9032/0.3;140:0.9289/0.5404;150:0.9032/0.5404,0,cav3T_Re1000_dt15__jevT_r0,267,267,cav3T_Re1000_dt15,0,0.003248801659481399,0,567.91
16.33,0,False,[],50,578.0,4.846751691,True,16.51,26,541.91,False,0.9032,0.5404,t_design,0,node131,,10,10393,jevT,26,6,31,3998,10:0.8235/0.3;20:0.9032/0.3;30:0.9289/0.3;40:0.9032/0.3;140:0.9289/0.5404;150:0.9032/0.5404,0,cav3T_Re1000_dt15__jevT_r1,267,267,cav3T_Re1000_dt15,0,0.003248801659481399,0,579.99
16.01,0,False,[],50,573.0,4.846751691,True,16.19,26,548.17,False,0.9032,0.5404,t_design,0,node131,,10,10393,jevT,26,6,31,3998,10:0.8235/0.3;20:0.9032/0.3;30:0.9289/0.3;40:0.9032/0.3;140:0.9289/0.5404;150:0.9032/0.5404,0,cav3T_Re1000_dt15__jevT_r2,267,267,cav3T_Re1000_dt15,0,0.003248801659481399,0,573.99
0,0,False,[],50,549.0,9.683099731,True,0.0,0,542.59,False,0.7,0.3,t_design,0,node131,,0,11102,static,0,0,37,3864,,0,cav3T_Re1000_dt30__default,133,133,cav3T_Re1000_dt30,0,2.9625354569751597e-06,0,552.8
0,0,False,[],50,373.0,9.68230788,True,0.1,14,367.25,False,0.9482,0.375,t_design,1,node131,,10,7376,heurT,0,6,37,2860,10:0.8235/0.3;20:0.9032/0.3;30:0.9289/0.3;40:0.9482/0.3;50:0.95/0.3;60:0.9482/0.3,0,cav3T_Re1000_dt30__heurT,133,133,cav3T_Re1000_dt30,0,0.004051656059523574,0,374.62
8.03,0,True,[],50,397.0,9.682334564,True,0.11,14,376.18,False,0.9289,0.4565,t_design,1,node099,,10,7811,jevT,13,5,50,2832,11:0.8235/0.3;21:0.9032/0.3;31:0.9289/0.3;41:0.9482/0.3;51:0.9289/0.3,0,cav3T_Re1000_dt30__jevT_async_r0,133,133,cav3T_Re1000_dt30,0,0.0035723830969455438,1,398.78
8.0,0,True,[],50,391.0,9.682334564,True,0.12,14,371.22,False,0.9289,0.4565,t_design,1,node099,,10,7811,jevT,13,5,50,2832,11:0.8235/0.3;21:0.9032/0.3;31:0.9289/0.3;41:0.9482/0.3;51:0.9289/0.3,0,cav3T_Re1000_dt30__jevT_async_r1,133,133,cav3T_Re1000_dt30,0,0.0035723830969455438,1,393.22
8.16,0,True,[],50,377.0,9.682334564,True,0.11,14,357.04,False,0.9289,0.4565,t_design,1,node099,,10,7811,jevT,13,5,50,2832,11:0.8235/0.3;21:0.9032/0.3;31:0.9289/0.3;41:0.9482/0.3;51:0.9289/0.3,0,cav3T_Re1000_dt30__jevT_async_r2,133,133,cav3T_Re1000_dt30,0,0.0035723830969455438,1,379.23
8.08,0,False,[],50,393.0,9.68230788,True,8.18,14,380.17,False,0.9289,0.4565,t_design,1,node131,,10,7768,jevT,13,5,50,2816,10:0.8235/0.3;20:0.9032/0.3;30:0.9289/0.3;40:0.9482/0.3;50:0.9289/0.3,0,cav3T_Re1000_dt30__jevT_r0,133,133,cav3T_Re1000_dt30,0,0.0035894376096272814,1,395.25
8.07,0,False,[],50,408.0,9.68230788,True,8.18,14,392.0,False,0.9289,0.4565,t_design,1,node131,,10,7768,jevT,13,5,50,2816,10:0.8235/0.3;20:0.9032/0.3;30:0.9289/0.3;40:0.9482/0.3;50:0.9289/0.3,0,cav3T_Re1000_dt30__jevT_r1,133,133,cav3T_Re1000_dt30,0,0.0035894376096272814,1,408.84
8.16,0,False,[],50,424.0,9.68230788,True,8.26,14,410.29,False,0.9289,0.4565,t_design,1,node131,,10,7768,jevT,13,5,50,2816,10:0.8235/0.3;20:0.9032/0.3;30:0.9289/0.3;40:0.9482/0.3;50:0.9289/0.3,0,cav3T_Re1000_dt30__jevT_r2,133,133,cav3T_Re1000_dt30,0,0.0035894376096272814,1,425.91
0,0,False,[],50,260.0,6.034637594,True,0.0,0,255.67,False,0.7,0.3,t_design,0,node131,,0,41359,static,0,0,29,9396,,0,cavT_Re1000_dt05__default,400,400,cavT_Re1000_dt05,0,1.7733750802733154e-05,0,264.44
0,0,False,[],50,161.0,6.034649139,True,0.26,42,154.99,False,0.95,0.375,t_design,3,node131,,10,25323,heurT,0,5,50,6172,10:0.8235/0.3;20:0.9032/0.3;30:0.9289/0.3;40:0.9482/0.3;50:0.95/0.3,0,cavT_Re1000_dt05__heurT,400,400,cavT_Re1000_dt05,0,0.0003556400411736388,3,164.81
11.16,0,True,[],50,158.0,6.034649146,True,0.35,42,152.52,False,0.95,0.375,t_design,3,node099,,10,25389,jevT,39,5,50,6183,12:0.8235/0.3;21:0.9032/0.3;31:0.9289/0.3;41:0.9482/0.3;51:0.95/0.3,0,cavT_Re1000_dt05__jevT_async_r0,400,400,cavT_Re1000_dt05,0,0.00035531016346582124,3,159.45
11.85,0,True,[],50,173.0,6.034649148,True,0.33,42,166.04,False,0.95,0.375,t_design,3,node099,,10,25394,jevT,39,5,50,6184,12:0.8235/0.3;21:0.9032/0.3;31:0.9289/0.3;42:0.9482/0.3;51:0.95/0.3,0,cavT_Re1000_dt05__jevT_async_r1,400,400,cavT_Re1000_dt05,0,0.00035530454391440557,3,175.13
12.05,0,True,[],50,171.0,6.034649146,True,0.35,42,164.2,False,0.95,0.375,t_design,3,node099,,10,25389,jevT,39,5,50,6183,12:0.8235/0.3;21:0.9032/0.3;31:0.9289/0.3;41:0.9482/0.3;51:0.95/0.3,0,cavT_Re1000_dt05__jevT_async_r2,400,400,cavT_Re1000_dt05,0,0.00035531016346582124,3,172.61
12.86,0,False,[],50,190.0,6.034649139,True,13.14,42,171.01,False,0.95,0.375,t_design,3,node131,,10,25323,jevT,39,5,50,6172,10:0.8235/0.3;20:0.9032/0.3;30:0.9289/0.3;40:0.9482/0.3;50:0.95/0.3,0,cavT_Re1000_dt05__jevT_r0,400,400,cavT_Re1000_dt05,0,0.0003556400411736388,3,191.74
12.61,0,False,[],50,188.0,6.034649139,True,12.86,42,169.32,False,0.95,0.375,t_design,3,node131,,10,25323,jevT,39,5,50,6172,10:0.8235/0.3;20:0.9032/0.3;30:0.9289/0.3;40:0.9482/0.3;50:0.95/0.3,0,cavT_Re1000_dt05__jevT_r1,400,400,cavT_Re1000_dt05,0,0.0003556400411736388,3,189.24
12.7,0,False,[],50,187.0,6.034649139,True,12.93,42,168.92,False,0.95,0.375,t_design,3,node131,,10,25323,jevT,39,5,50,6172,10:0.8235/0.3;20:0.9032/0.3;30:0.9289/0.3;40:0.9482/0.3;50:0.95/0.3,0,cavT_Re1000_dt05__jevT_r2,400,400,cavT_Re1000_dt05,0,0.0003556400411736388,3,188.53
0,0,False,[],50,151.0,12.06821867,True,0.0,0,148.79,False,0.7,0.3,t_design,0,node131,,0,27153,static,0,0,39,5654,,0,cavT_Re1000_dt10__default,200,200,cavT_Re1000_dt10,0,0.0002580511094137121,0,155.45
0,0,False,[],50,141.0,12.06829196,True,0.16,19,137.37,False,0.9032,0.3,t_design,0,node131,,10,22617,heurT,0,6,39,4789,10:0.8235/0.3;20:0.9032/0.3;30:0.9289/0.3;40:0.9032/0.3;140:0.9289/0.3;150:0.9032/0.3,0,cavT_Re1000_dt10__heurT,200,200,cavT_Re1000_dt10,0,0.00029814270950121775,0,142.9
11.88,0,True,[],50,149.0,12.06829202,True,0.17,19,135.72,False,0.9032,0.3,t_design,0,node099,,10,22742,jevT,19,6,39,4809,11:0.8235/0.3;22:0.9032/0.3;31:0.9289/0.3;41:0.9032/0.3;151:0.9289/0.3;161:0.9032/0.3,0,cavT_Re1000_dt10__jevT_async_r0,200,200,cavT_Re1000_dt10,0,0.0002979850439135758,0,150.85
11.63,0,True,[],50,142.0,12.06829202,True,0.19,19,129.73,False,0.9032,0.3,t_design,0,node099,,10,22725,jevT,19,6,39,4808,11:0.8235/0.3;21:0.9032/0.3;31:0.9289/0.3;41:0.9032/0.3;152:0.9289/0.3;161:0.9032/0.3,0,cavT_Re1000_dt10__jevT_async_r1,200,200,cavT_Re1000_dt10,0,0.00029801302281236286,0,144.27
11.58,0,True,[],50,144.0,12.06829202,True,0.18,19,130.44,False,0.9032,0.3,t_design,0,node099,,10,22717,jevT,19,6,39,4806,11:0.8235/0.3;21:0.9032/0.3;32:0.9289/0.3;41:0.9032/0.3;152:0.9289/0.3;161:0.9032/0.3,0,cavT_Re1000_dt10__jevT_async_r2,200,200,cavT_Re1000_dt10,0,0.00029800962118748406,0,145.3
11.67,0,False,[],50,148.0,12.06829196,True,11.82,19,133.51,False,0.9032,0.3,t_design,0,node131,,10,22617,jevT,19,6,39,4789,10:0.8235/0.3;20:0.9032/0.3;30:0.9289/0.3;40:0.9032/0.3;140:0.9289/0.3;150:0.9032/0.3,0,cavT_Re1000_dt10__jevT_r0,200,200,cavT_Re1000_dt10,0,0.00029814270950121775,0,149.42
11.58,0,False,[],50,149.0,12.06829196,True,11.73,19,134.61,False,0.9032,0.3,t_design,0,node131,,10,22617,jevT,19,6,39,4789,10:0.8235/0.3;20:0.9032/0.3;30:0.9289/0.3;40:0.9032/0.3;140:0.9289/0.3;150:0.9032/0.3,0,cavT_Re1000_dt10__jevT_r1,200,200,cavT_Re1000_dt10,0,0.00029814270950121775,0,150.08
11.67,0,False,[],50,151.0,12.06829196,True,11.82,19,136.43,False,0.9032,0.3,t_design,0,node131,,10,22617,jevT,19,6,39,4789,10:0.8235/0.3;20:0.9032/0.3;30:0.9289/0.3;40:0.9032/0.3;140:0.9289/0.3;150:0.9032/0.3,0,cavT_Re1000_dt10__jevT_r2,200,200,cavT_Re1000_dt10,0,0.00029814270950121775,0,152.25
0,0,False,[],50,512.0,3.207752421284042,True,0.0,0,504.09,False,0.7,0.3,t_design,0,node131,,0,38278,static,0,0,30,12062,,0,cylT_Re100_dt05__default,600,600,cylT_Re100_dt05,0,9.77197684179314e-07,0,513.81
0,0,False,[],50,270.0,3.207752421284042,True,0.37,59,260.66,False,0.9014,0.6974,t_design,0,node131,,10,21022,heurT,0,9,30,5353,10:0.8235/0.3;20:0.9032/0.3;30:0.8235/0.3;130:0.8672/0.6974;140:0.9014/0.6974;150:0.9275/0.6974;160:0.9014/0.6974;360:0.9275/0.6974;370:0.9014/0.6974,0,cylT_Re100_dt05__heurT,600,600,cylT_Re100_dt05,0,0.000459445965051464,0,271.79
18.15,0,True,[],50,247.0,3.207752421284042,True,0.4,59,234.8,False,0.9014,0.6974,t_design,0,node099,,10,21443,jevT,59,9,30,5440,11:0.8235/0.3;21:0.9032/0.3;31:0.8235/0.3;141:0.8672/0.6974;151:0.9014/0.6974;161:0.8672/0.6974;371:0.9014/0.6974;381:0.9275/0.6974;391:0.9014/0.6974,0,cylT_Re100_dt05__jevT_async_r0,600,600,cylT_Re100_dt05,0,0.0004248791002105089,0,249.23
17.96,0,True,[],50,249.0,3.207752421284042,True,0.4,59,236.17,False,0.9014,0.6974,t_design,0,node099,,10,21442,jevT,59,9,30,5439,11:0.8235/0.3;21:0.9032/0.3;31:0.8235/0.3;141:0.8672/0.6974;151:0.9014/0.6974;161:0.8672/0.6974;371:0.9014/0.6974;381:0.9275/0.6974;392:0.9014/0.6974,0,cylT_Re100_dt05__jevT_async_r1,600,600,cylT_Re100_dt05,0,0.00042490552954463275,0,250.39
18.14,0,True,[],50,218.0,3.207752421284042,True,0.35,59,211.35,False,0.9014,0.6974,t_design,0,node099,,10,21446,jevT,59,9,30,5440,11:0.8235/0.3;21:0.9032/0.3;31:0.8235/0.3;141:0.8672/0.6974;151:0.9014/0.6974;161:0.8672/0.6974;372:0.9014/0.6974;382:0.9275/0.6974;392:0.9014/0.6974,0,cylT_Re100_dt05__jevT_async_r2,600,600,cylT_Re100_dt05,0,0.000425034434421713,0,219.15
18.53,0,False,[],50,271.0,3.207752421284042,True,18.87,59,243.9,False,0.9014,0.6974,t_design,0,node131,,10,21022,jevT,59,9,30,5353,10:0.8235/0.3;20:0.9032/0.3;30:0.8235/0.3;130:0.8672/0.6974;140:0.9014/0.6974;150:0.9275/0.6974;160:0.9014/0.6974;360:0.9275/0.6974;370:0.9014/0.6974,0,cylT_Re100_dt05__jevT_r0,600,600,cylT_Re100_dt05,0,0.000459445965051464,0,272.76
18.86,0,False,[],50,284.0,3.207752421284042,True,19.22,59,256.23,False,0.9014,0.6974,t_design,0,node131,,10,21022,jevT,59,9,30,5353,10:0.8235/0.3;20:0.9032/0.3;30:0.8235/0.3;130:0.8672/0.6974;140:0.9014/0.6974;150:0.9275/0.6974;160:0.9014/0.6974;360:0.9275/0.6974;370:0.9014/0.6974,0,cylT_Re100_dt05__jevT_r1,600,600,cylT_Re100_dt05,0,0.000459445965051464,0,286.4
18.34,0,False,[],50,267.0,3.207752421284042,True,18.7,59,240.37,False,0.9014,0.6974,t_design,0,node131,,10,21022,jevT,59,9,30,5353,10:0.8235/0.3;20:0.9032/0.3;30:0.8235/0.3;130:0.8672/0.6974;140:0.9014/0.6974;150:0.9275/0.6974;160:0.9014/0.6974;360:0.9275/0.6974;370:0.9014/0.6974,0,cylT_Re100_dt05__jevT_r2,600,600,cylT_Re100_dt05,0,0.000459445965051464,0,268.16
0,0,False,[],50,259.0,6.077323819453041,True,0.0,0,256.45,False,0.7,0.3,t_design,0,node131,,0,25323,static,0,0,38,6331,,0,cylT_Re100_dt10__default,300,300,cylT_Re100_dt10,0,1.7601741243184196e-06,0,261.24
0,0,False,[],50,198.0,6.077323819453041,True,0.17,31,191.8,False,0.95,0.6221,t_design,2,node131,,10,19779,heurT,0,5,50,3821,10:0.8235/0.3;20:0.9032/0.3;30:0.9289/0.3;40:0.9482/0.3;50:0.95/0.3,0,cylT_Re100_dt10__heurT,300,300,cylT_Re100_dt10,0,7.328558921833653e-05,2,198.8
12.71,0,True,[],50,209.0,6.077323819453041,True,0.22,29,193.13,False,0.95,0.5404,t_design,0,node099,,10,18338,jevT,29,5,38,3663,11:0.8235/0.3;21:0.9032/0.3;31:0.9289/0.3;41:0.9482/0.3;51:0.95/0.3,0,cylT_Re100_dt10__jevT_async_r0,300,300,cylT_Re100_dt10,0,7.001358874346699e-05,0,210.61
12.73,0,True,[],50,203.0,6.077323819453041,True,0.21,29,186.88,False,0.95,0.5404,t_design,0,node099,,10,18345,jevT,29,5,38,3664,11:0.8235/0.3;21:0.9032/0.3;31:0.9289/0.3;41:0.9482/0.3;51:0.95/0.3,0,cylT_Re100_dt10__jevT_async_r1,300,300,cylT_Re100_dt10,0,7.000805415346485e-05,0,204.58
11.75,0,True,[],50,195.0,6.077323819453041,True,0.25,29,179.29,False,0.95,0.5404,t_design,0,node099,,10,18340,jevT,29,5,38,3663,11:0.8235/0.3;21:0.9032/0.3;31:0.9289/0.3;41:0.9482/0.3;51:0.95/0.3,0,cylT_Re100_dt10__jevT_async_r2,300,300,cylT_Re100_dt10,0,7.000802585803752e-05,0,196.74
14.23,0,False,[],50,210.0,6.077323819453041,True,14.43,29,189.26,False,0.95,0.5404,t_design,0,node131,,10,18294,jevT,29,5,38,3654,10:0.8235/0.3;20:0.9032/0.3;30:0.9289/0.3;40:0.9482/0.3;50:0.95/0.3,0,cylT_Re100_dt10__jevT_r0,300,300,cylT_Re100_dt10,0,7.282335322034934e-05,0,212.14
16.84,0,False,[],50,229.0,6.077323819453041,True,17.03,29,203.55,False,0.95,0.5404,t_design,0,node131,,10,18294,jevT,29,5,38,3654,10:0.8235/0.3;20:0.9032/0.3;30:0.9289/0.3;40:0.9482/0.3;50:0.95/0.3,0,cylT_Re100_dt10__jevT_r1,300,300,cylT_Re100_dt10,0,7.282335322034934e-05,0,229.83
13.42,0,False,[],50,204.0,6.077323819453041,True,13.6,29,184.16,False,0.95,0.5404,t_design,0,node131,,10,18294,jevT,29,5,38,3654,10:0.8235/0.3;20:0.9032/0.3;30:0.9289/0.3;40:0.9482/0.3;50:0.95/0.3,0,cylT_Re100_dt10__jevT_r2,300,300,cylT_Re100_dt10,0,7.282335322034934e-05,0,205.55
0,0,False,[],50,575.0,7.13561,True,0.0,0,566.81,False,0.7,0.3,t_design,0,node131,,0,250767,static,0,0,35,22249,,0,pitzT_U10_dt1__default,1000,1000,pitzT_U10_dt1,0,6.078341373317772e-07,0,576.4
0,0,False,[],50,272.0,7.13561,True,0.67,101,261.08,False,0.9482,0.6221,t_design,2,node131,,10,111624,heurT,0,12,35,9681,10:0.8235/0.3;20:0.9032/0.3;30:0.9289/0.3;40:0.9482/0.3;50:0.9289/0.3;150:0.9482/0.6221;160:0.9289/0.6221;360:0.9482/0.6221;370:0.9289/0.6221;770:0.9482/0.6221;780:0.95/0.6221;790:0.9482/0.6221,0,pitzT_U10_dt1__heurT,1000,1000,pitzT_U10_dt1,0,0.00018680248300391236,0,273.33
27.72,0,True,[],50,247.0,7.13561,True,0.6,101,238.56,False,0.9482,0.6221,t_design,2,node099,,10,112722,jevT,99,12,35,9763,12:0.8235/0.3;21:0.9032/0.3;31:0.9289/0.3;41:0.9482/0.3;51:0.9289/0.3;162:0.9482/0.6221;172:0.9289/0.6221;382:0.9482/0.6221;392:0.9289/0.6221;812:0.9482/0.6221;822:0.95/0.6221;832:0.9482/0.6221,0,pitzT_U10_dt1__jevT_async_r0,1000,1000,pitzT_U10_dt1,0,0.00018657454217457139,0,248.21
27.64,0,True,[],50,243.0,7.13561,True,0.64,99,234.94,False,0.9482,0.6221,t_design,0,node099,,10,111325,jevT,99,12,35,9853,11:0.8235/0.3;22:0.9032/0.3;31:0.9289/0.3;41:0.9482/0.3;51:0.9289/0.3;162:0.9482/0.5404;172:0.95/0.5404;182:0.9482/0.5404;392:0.95/0.5404;402:0.9482/0.5404;811:0.95/0.5404;822:0.9482/0.5404,0,pitzT_U10_dt1__jevT_async_r1,1000,1000,pitzT_U10_dt1,0,0.00018681926027896254,0,244.28
27.78,0,True,[],50,240.0,7.13561,True,0.59,101,231.69,False,0.9482,0.6221,t_design,2,node099,,10,112528,jevT,99,12,35,9748,11:0.8235/0.3;22:0.9032/0.3;31:0.9289/0.3;41:0.9482/0.3;51:0.9289/0.3;162:0.9482/0.6221;172:0.9289/0.6221;382:0.9482/0.6221;391:0.9289/0.6221;802:0.9482/0.6221;812:0.95/0.6221;822:0.9482/0.6221,0,pitzT_U10_dt1__jevT_async_r2,1000,1000,pitzT_U10_dt1,0,0.00018662323005231427,0,240.89
28.19,0,False,[],50,318.0,7.13561,True,28.86,99,278.42,False,0.9482,0.6221,t_design,0,node131,,10,110064,jevT,99,12,35,9774,10:0.8235/0.3;20:0.9032/0.3;30:0.9289/0.3;40:0.9482/0.3;50:0.9289/0.3;150:0.9482/0.5404;160:0.95/0.5404;170:0.9482/0.5404;370:0.95/0.5404;380:0.9482/0.5404;780:0.95/0.5404;790:0.9482/0.5404,0,pitzT_U10_dt1__jevT_r0,1000,1000,pitzT_U10_dt1,0,0.00018678643791651738,0,318.88
28.73,0,False,[],50,278.0,7.13561,True,29.28,99,241.43,False,0.9482,0.6221,t_design,0,node131,,10,110064,jevT,99,12,35,9774,10:0.8235/0.3;20:0.9032/0.3;30:0.9289/0.3;40:0.9482/0.3;50:0.9289/0.3;150:0.9482/0.5404;160:0.95/0.5404;170:0.9482/0.5404;370:0.95/0.5404;380:0.9482/0.5404;780:0.95/0.5404;790:0.9482/0.5404,0,pitzT_U10_dt1__jevT_r1,1000,1000,pitzT_U10_dt1,0,0.00018678643791651738,0,279.61
27.95,0,False,[],50,299.0,7.13561,True,28.64,99,260.75,False,0.9482,0.6221,t_design,0,node131,,10,110064,jevT,99,12,35,9774,10:0.8235/0.3;20:0.9032/0.3;30:0.9289/0.3;40:0.9482/0.3;50:0.9289/0.3;150:0.9482/0.5404;160:0.95/0.5404;170:0.9482/0.5404;370:0.95/0.5404;380:0.9482/0.5404;780:0.95/0.5404;790:0.9482/0.5404,0,pitzT_U10_dt1__jevT_r2,1000,1000,pitzT_U10_dt1,0,0.00018678643791651738,0,300.63
0,0,False,[],50,301.0,12.5111,True,0.0,0,297.69,False,0.7,0.3,t_design,0,node131,,0,134133,static,0,0,45,11587,,0,pitzT_U10_dt2__default,500,500,pitzT_U10_dt2,0,2.523518607953337e-06,0,304.61
0,0,False,[],50,173.0,12.5111,True,0.27,52,168.09,False,0.9482,0.5404,t_design,3,node131,,10,72659,heurT,0,10,50,6595,10:0.8235/0.3;20:0.9032/0.3;30:0.9289/0.3;40:0.9482/0.3;50:0.95/0.3;60:0.9482/0.3;160:0.95/0.4565;170:0.9482/0.4565;370:0.95/0.4565;380:0.9482/0.4565,0,pitzT_U10_dt2__heurT,500,500,pitzT_U10_dt2,0,0.0005369891815819805,3,174.38
13.62,0,True,[],50,180.0,12.5111,True,0.41,52,172.83,False,0.9482,0.5404,t_design,3,node099,,10,72894,jevT,49,10,50,6611,12:0.8235/0.3;21:0.9032/0.3;31:0.9289/0.3;41:0.9482/0.3;51:0.95/0.3;61:0.9482/0.3;171:0.95/0.4565;181:0.9482/0.4565;391:0.95/0.4565;401:0.9482/0.4565,0,pitzT_U10_dt2__jevT_async_r0,500,500,pitzT_U10_dt2,0,0.0005361175816732714,3,182.08
13.77,0,True,[],50,182.0,12.5111,True,0.44,52,174.39,False,0.9482,0.5404,t_design,3,node099,,10,72889,jevT,49,10,50,6611,12:0.8235/0.3;21:0.9032/0.3;31:0.9289/0.3;41:0.9482/0.3;51:0.95/0.3;61:0.9482/0.3;171:0.95/0.4565;181:0.9482/0.4565;391:0.95/0.4565;401:0.9482/0.4565,0,pitzT_U10_dt2__jevT_async_r1,500,500,pitzT_U10_dt2,0,0.0005361169046429652,3,184.09
13.58,0,True,[],50,174.0,12.5111,True,0.45,52,167.73,False,0.9482,0.5404,t_design,3,node099,,10,72889,jevT,49,10,50,6611,12:0.8235/0.3;21:0.9032/0.3;31:0.9289/0.3;41:0.9482/0.3;51:0.95/0.3;61:0.9482/0.3;171:0.95/0.4565;181:0.9482/0.4565;391:0.95/0.4565;401:0.9482/0.4565,0,pitzT_U10_dt2__jevT_async_r2,500,500,pitzT_U10_dt2,0,0.0005361169046429652,3,176.14
14.88,0,False,[],50,197.0,12.5111,True,15.23,52,175.42,False,0.9482,0.5404,t_design,3,node131,,10,72659,jevT,49,10,50,6595,10:0.8235/0.3;20:0.9032/0.3;30:0.9289/0.3;40:0.9482/0.3;50:0.95/0.3;60:0.9482/0.3;160:0.95/0.4565;170:0.9482/0.4565;370:0.95/0.4565;380:0.9482/0.4565,0,pitzT_U10_dt2__jevT_r0,500,500,pitzT_U10_dt2,0,0.0005369891815819805,3,198.78
14.67,0,False,[],50,197.0,12.5111,True,14.96,52,177.89,False,0.9482,0.5404,t_design,3,node131,,10,72659,jevT,49,10,50,6595,10:0.8235/0.3;20:0.9032/0.3;30:0.9289/0.3;40:0.9482/0.3;50:0.95/0.3;60:0.9482/0.3;160:0.95/0.4565;170:0.9482/0.4565;370:0.95/0.4565;380:0.9482/0.4565,0,pitzT_U10_dt2__jevT_r1,500,500,pitzT_U10_dt2,0,0.0005369891815819805,3,198.64
14.26,0,False,[],50,201.0,12.5111,True,14.59,52,180.5,False,0.9482,0.5404,t_design,3,node131,,10,72659,jevT,49,10,50,6595,10:0.8235/0.3;20:0.9032/0.3;30:0.9289/0.3;40:0.9482/0.3;50:0.95/0.3;60:0.9482/0.3;160:0.95/0.4565;170:0.9482/0.4565;370:0.95/0.4565;380:0.9482/0.4565,0,pitzT_U10_dt2__jevT_r2,500,500,pitzT_U10_dt2,0,0.0005369891815819805,3,202.9
0,0,False,[],50,842.0,4.399186015,True,0.0,0,833.99,False,0.7,0.3,t_held,0,node099,,0,17092,static,0,0,30,6953,,0,cav3T_Re2000_dt15__default,267,267,cav3T_Re2000_dt15,0,3.177700181365036e-06,0,843.11
0,0,False,[],50,530.0,4.3976301,True,0.17,26,521.85,False,0.9482,0.5404,t_held,0,node099,,10,9872,heurT,0,8,30,3977,10:0.8235/0.3;20:0.9032/0.3;30:0.9289/0.3;40:0.9482/0.3;50:0.95/0.3;60:0.9482/0.3;160:0.95/0.5404;170:0.9482/0.5404,0,cav3T_Re2000_dt15__heurT,267,267,cav3T_Re2000_dt15,0,0.00793979791662348,0,531.31
15.9,0,True,[],50,535.0,4.397663223,True,0.23,27,525.25,False,0.9289,0.6221,t_held,1,node099,,10,10207,jevT,26,7,30,3849,11:0.8235/0.3;21:0.9032/0.3;31:0.9289/0.3;41:0.9032/0.3;151:0.9289/0.6221;161:0.9482/0.6221;171:0.9289/0.6221,0,cav3T_Re2000_dt15__jevT_async_r0,267,267,cav3T_Re2000_dt15,0,0.007401934504337145,0,536.29
16.4,0,True,[],50,418.0,4.397663223,True,0.16,27,413.77,False,0.9289,0.6221,t_held,1,node099,,10,10207,jevT,26,7,30,3849,11:0.8235/0.3;21:0.9032/0.3;31:0.9289/0.3;41:0.9032/0.3;151:0.9289/0.6221;161:0.9482/0.6221;171:0.9289/0.6221,0,cav3T_Re2000_dt15__jevT_async_r1,267,267,cav3T_Re2000_dt15,0,0.007401934504337145,0,419.49
15.53,0,True,[],50,545.0,4.397663223,True,0.22,27,534.48,False,0.9289,0.6221,t_held,1,node099,,10,10207,jevT,26,7,30,3849,11:0.8235/0.3;21:0.9032/0.3;31:0.9289/0.3;41:0.9032/0.3;151:0.9289/0.6221;161:0.9482/0.6221;171:0.9289/0.6221,0,cav3T_Re2000_dt15__jevT_async_r2,267,267,cav3T_Re2000_dt15,0,0.007401934504337145,0,546.09
16.13,0,False,[],50,555.0,4.397727715,True,16.31,27,528.42,False,0.9289,0.6221,t_held,1,node099,,10,10169,jevT,26,7,30,3823,10:0.8235/0.3;20:0.9032/0.3;30:0.9289/0.3;40:0.9032/0.3;140:0.9289/0.6221;150:0.9482/0.6221;160:0.9289/0.6221,0,cav3T_Re2000_dt15__jevT_r0,267,267,cav3T_Re2000_dt15,0,0.007434993067531597,0,556.69
15.65,0,False,[],50,549.0,4.397727715,True,15.82,27,522.22,False,0.9289,0.6221,t_held,1,node099,,10,10169,jevT,26,7,30,3823,10:0.8235/0.3;20:0.9032/0.3;30:0.9289/0.3;40:0.9032/0.3;140:0.9289/0.6221;150:0.9482/0.6221;160:0.9289/0.6221,0,cav3T_Re2000_dt15__jevT_r1,267,267,cav3T_Re2000_dt15,0,0.007434993067531597,0,550.42
15.88,0,False,[],50,551.0,4.397727715,True,16.06,27,524.92,False,0.9289,0.6221,t_held,1,node099,,10,10169,jevT,26,7,30,3823,10:0.8235/0.3;20:0.9032/0.3;30:0.9289/0.3;40:0.9032/0.3;140:0.9289/0.6221;150:0.9482/0.6221;160:0.9289/0.6221,0,cav3T_Re2000_dt15__jevT_r2,267,267,cav3T_Re2000_dt15,0,0.007434993067531597,0,552.91
0,0,False,[],50,474.0,10.44015912,True,0.0,0,469.65,False,0.7,0.3,t_held,0,node099,,0,11242,static,0,0,48,3857,,0,cav3T_Re400_dt30__default,133,133,cav3T_Re400_dt30,0,2.425240511321821e-06,0,475.23
0,0,False,[],50,,1.141657397e+53,False,0.06,9,,True,0.9482,0.375,t_held,1,node099,,10,5645,heurT,0,6,50,1986,10:0.8235/0.3;20:0.9032/0.3;30:0.9289/0.3;40:0.9482/0.3;50:0.95/0.3;60:0.9482/0.3,-8,cav3T_Re400_dt30__heurT,83,133,cav3T_Re400_dt30,0,,3,305.27
4.78,0,True,[],50,,9.16777478e+81,False,0.07,9,,True,0.9482,0.375,t_held,1,node099,,10,5807,jevT,8,6,50,2030,11:0.8235/0.3;21:0.9032/0.3;31:0.9289/0.3;41:0.9482/0.3;51:0.95/0.3;61:0.9482/0.3,-8,cav3T_Re400_dt30__jevT_async_r0,84,133,cav3T_Re400_dt30,0,,3,303.46
4.84,0,True,[],50,,9.16777478e+81,False,0.1,9,,True,0.9482,0.375,t_held,1,node099,,10,5807,jevT,8,6,50,2030,11:0.8235/0.3;21:0.9032/0.3;31:0.9289/0.3;41:0.9482/0.3;51:0.95/0.3;61:0.9482/0.3,-8,cav3T_Re400_dt30__jevT_async_r1,84,133,cav3T_Re400_dt30,0,,3,338.39
5.03,0,True,[],50,,9.16777478e+81,False,0.08,9,,True,0.9482,0.375,t_held,1,node099,,10,5807,jevT,8,6,50,2030,11:0.8235/0.3;21:0.9032/0.3;31:0.9289/0.3;41:0.9482/0.3;51:0.95/0.3;61:0.9482/0.3,-8,cav3T_Re400_dt30__jevT_async_r2,84,133,cav3T_Re400_dt30,0,,3,324.69
4.98,0,False,[],50,,1.141657397e+53,False,5.05,9,,True,0.9482,0.375,t_held,1,node099,,10,5645,jevT,8,6,50,1986,10:0.8235/0.3;20:0.9032/0.3;30:0.9289/0.3;40:0.9482/0.3;50:0.95/0.3;60:0.9482/0.3,-8,cav3T_Re400_dt30__jevT_r0,83,133,cav3T_Re400_dt30,0,,3,324.91
4.75,0,False,[],50,,1.141657397e+53,False,4.83,9,,True,0.9482,0.375,t_held,1,node099,,10,5645,jevT,8,6,50,1986,10:0.8235/0.3;20:0.9032/0.3;30:0.9289/0.3;40:0.9482/0.3;50:0.95/0.3;60:0.9482/0.3,-8,cav3T_Re400_dt30__jevT_r1,83,133,cav3T_Re400_dt30,0,,3,341.1
4.75,0,False,[],50,,1.141657397e+53,False,4.82,9,,True,0.9482,0.375,t_held,1,node099,,10,5645,jevT,8,6,50,1986,10:0.8235/0.3;20:0.9032/0.3;30:0.9289/0.3;40:0.9482/0.3;50:0.95/0.3;60:0.9482/0.3,-8,cav3T_Re400_dt30__jevT_r2,83,133,cav3T_Re400_dt30,0,,3,317.85
0,0,False,[],50,246.0,5.825110009,True,0.0,0,242.96,False,0.7,0.3,t_held,0,node099,,0,43650,static,0,0,29,10083,,0,cavT_Re2500_dt05__default,400,400,cavT_Re2500_dt05,0,5.724009371212546e-06,0,247.85
0,0,False,[],50,158.0,5.82493202,True,0.22,41,154.08,False,0.9482,0.4565,t_held,2,node099,,10,25610,heurT,0,10,30,6168,10:0.8235/0.3;20:0.9032/0.3;30:0.9289/0.3;40:0.9482/0.3;50:0.95/0.3;60:0.9482/0.3;160:0.95/0.4565;170:0.9482/0.4565;370:0.95/0.4565;380:0.9482/0.4565,0,cavT_Re2500_dt05__heurT,400,400,cavT_Re2500_dt05,0,0.0008456213446489631,0,159.85
11.2,0,True,[],50,166.0,5.824944349,True,0.32,41,161.45,False,0.95,0.4565,t_held,2,node099,,10,25664,jevT,39,9,30,6179,11:0.8235/0.3;21:0.9032/0.3;31:0.9289/0.3;41:0.9482/0.3;51:0.95/0.3;61:0.9482/0.3;171:0.95/0.4565;181:0.9482/0.4565;391:0.95/0.4565,0,cavT_Re2500_dt05__jevT_async_r0,400,400,cavT_Re2500_dt05,0,0.0008457364950588436,0,168.2
11.73,0,True,[],50,159.0,5.824956491,True,0.33,41,153.84,False,0.95,0.4565,t_held,2,node099,,10,25700,jevT,39,9,30,6185,12:0.8235/0.3;22:0.9032/0.3;31:0.9289/0.3;42:0.9482/0.3;51:0.95/0.3;61:0.9482/0.3;171:0.95/0.4565;181:0.9482/0.4565;391:0.95/0.4565,0,cavT_Re2500_dt05__jevT_async_r1,400,400,cavT_Re2500_dt05,0,0.0008427547467518908,0,160.24
11.3,0,True,[],50,165.0,5.824944232,True,0.34,41,159.89,False,0.95,0.4565,t_held,2,node099,,10,25668,jevT,39,9,30,6180,11:0.8235/0.3;21:0.9032/0.3;32:0.9289/0.3;41:0.9482/0.3;51:0.95/0.3;61:0.9482/0.3;171:0.95/0.4565;181:0.9482/0.4565;391:0.95/0.4565,0,cavT_Re2500_dt05__jevT_async_r2,400,400,cavT_Re2500_dt05,0,0.0008451494769490868,0,165.91
12.59,0,False,[],50,164.0,5.82493202,True,12.82,41,146.68,False,0.9482,0.4565,t_held,2,node099,,10,25610,jevT,39,10,30,6168,10:0.8235/0.3;20:0.9032/0.3;30:0.9289/0.3;40:0.9482/0.3;50:0.95/0.3;60:0.9482/0.3;160:0.95/0.4565;170:0.9482/0.4565;370:0.95/0.4565;380:0.9482/0.4565,0,cavT_Re2500_dt05__jevT_r0,400,400,cavT_Re2500_dt05,0,0.0008456213446489631,0,165.83
13.25,0,False,[],50,181.0,5.82493202,True,13.54,41,160.25,False,0.9482,0.4565,t_held,2,node099,,10,25610,jevT,39,10,30,6168,10:0.8235/0.3;20:0.9032/0.3;30:0.9289/0.3;40:0.9482/0.3;50:0.95/0.3;60:0.9482/0.3;160:0.95/0.4565;170:0.9482/0.4565;370:0.95/0.4565;380:0.9482/0.4565,0,cavT_Re2500_dt05__jevT_r1,400,400,cavT_Re2500_dt05,0,0.0008456213446489631,0,181.94
12.26,0,False,[],50,181.0,5.82493202,True,12.52,41,161.39,False,0.9482,0.4565,t_held,2,node099,,10,25610,jevT,39,10,30,6168,10:0.8235/0.3;20:0.9032/0.3;30:0.9289/0.3;40:0.9482/0.3;50:0.95/0.3;60:0.9482/0.3;160:0.95/0.4565;170:0.9482/0.4565;370:0.95/0.4565;380:0.9482/0.4565,0,cavT_Re2500_dt05__jevT_r2,400,400,cavT_Re2500_dt05,0,0.0008456213446489631,0,182.68
0,0,False,[],50,188.0,12.33307979,True,0.0,0,183.82,False,0.7,0.3,t_held,0,node099,,0,31724,static,0,0,50,6727,,0,cavT_Re400_dt10__default,200,200,cavT_Re400_dt10,0,0.00044544416176350377,25,189.22
0,0,False,[],50,276.0,12.33288442,True,0.21,59,269.08,False,0.3,0.1,t_held,40,node099,,10,44431,heurT,0,4,50,10000,1:0.625/0.2344;6:0.5435/0.1794;10:0.3732/0.1794;11:0.3/0.1351,0,cavT_Re400_dt10__heurT,200,200,cavT_Re400_dt10,0,0.0031907192756324286,200,278.27
0,0,True,[],50,262.0,12.33289385,True,0.24,40,257.22,False,0.3,0.1,t_held,40,node099,,10,44350,jevT,0,6,50,10000,1:0.625/0.2344;6:0.5435/0.1794;11:0.4596/0.1351;16:0.3779/0.1004;21:0.3026/0.1;26:0.3/0.1,0,cavT_Re400_dt10__jevT_async_r0,200,200,cavT_Re400_dt10,0,0.0030769602350654308,200,263.53
0,0,True,[],50,254.0,12.33289385,True,0.23,40,248.48,False,0.3,0.1,t_held,40,node099,,10,44350,jevT,0,6,50,10000,1:0.625/0.2344;6:0.5435/0.1794;11:0.4596/0.1351;16:0.3779/0.1004;21:0.3026/0.1;26:0.3/0.1,0,cavT_Re400_dt10__jevT_async_r1,200,200,cavT_Re400_dt10,0,0.0030769602350654308,200,255.46
0,0,True,[],50,260.0,12.33289385,True,0.23,40,254.02,False,0.3,0.1,t_held,40,node099,,10,44350,jevT,0,6,50,10000,1:0.625/0.2344;6:0.5435/0.1794;11:0.4596/0.1351;16:0.3779/0.1004;21:0.3026/0.1;26:0.3/0.1,0,cavT_Re400_dt10__jevT_async_r2,200,200,cavT_Re400_dt10,0,0.0030769602350654308,200,261.63
11.89,0,False,[],50,294.0,12.33288442,True,12.11,59,275.61,False,0.3,0.1,t_held,40,node099,,10,44431,jevT,19,4,50,10000,1:0.625/0.2344;6:0.5435/0.1794;10:0.3732/0.1794;11:0.3/0.1351,0,cavT_Re400_dt10__jevT_r0,200,200,cavT_Re400_dt10,0,0.0031907192756324286,200,295.22
11.9,0,False,[],50,291.0,12.33288442,True,12.11,59,271.67,False,0.3,0.1,t_held,40,node099,,10,44431,jevT,19,4,50,10000,1:0.625/0.2344;6:0.5435/0.1794;10:0.3732/0.1794;11:0.3/0.1351,0,cavT_Re400_dt10__jevT_r1,200,200,cavT_Re400_dt10,0,0.0031907192756324286,200,292.47
11.67,0,False,[],50,291.0,12.33288442,True,11.88,59,273.56,False,0.3,0.1,t_held,40,node099,,10,44431,jevT,19,4,50,10000,1:0.625/0.2344;6:0.5435/0.1794;10:0.3732/0.1794;11:0.3/0.1351,0,cavT_Re400_dt10__jevT_r2,200,200,cavT_Re400_dt10,0,0.0031907192756324286,200,292.67
0,0,False,[],50,561.0,4.833006525483404,True,0.0,0,545.16,False,0.7,0.3,t_held,0,node099,,0,44927,static,0,0,36,12032,,0,cylT_Re150_dt05__default,600,600,cylT_Re150_dt05,0,0.0003177535192911796,0,564.67
0,0,False,[],50,325.0,4.833006525483404,True,0.38,59,308.24,False,0.8235,0.7634,t_held,0,node099,,10,26425,heurT,0,7,36,5853,10:0.8235/0.3;20:0.9032/0.3;30:0.8235/0.3;130:0.8672/0.7634;140:0.8235/0.7634;340:0.8672/0.7634;350:0.8235/0.7634,0,cylT_Re150_dt05__heurT,600,600,cylT_Re150_dt05,0,0.013801725154703088,0,326.17
18.53,0,True,[],50,289.0,4.833006525483404,True,0.48,59,279.65,False,0.8235,0.7634,t_held,0,node099,,10,26622,jevT,59,7,36,5908,11:0.8235/0.3;21:0.9032/0.3;31:0.8235/0.3;141:0.8672/0.6974;151:0.8235/0.6974;361:0.8672/0.7634;371:0.8235/0.7634,0,cylT_Re150_dt05__jevT_async_r0,600,600,cylT_Re150_dt05,0,0.011938701789395415,0,290.9
19.4,0,True,[],50,298.0,4.833006525483404,True,0.49,59,288.91,False,0.8235,0.7634,t_held,0,node099,,10,26623,jevT,59,7,36,5908,11:0.8235/0.3;21:0.9032/0.3;31:0.8235/0.3;141:0.8672/0.6974;151:0.8235/0.6974;361:0.8672/0.7634;371:0.8235/0.7634,0,cylT_Re150_dt05__jevT_async_r1,600,600,cylT_Re150_dt05,0,0.011939040498060147,0,299.61
18.34,0,True,[],50,291.0,4.833006525483404,True,0.47,59,281.8,False,0.8235,0.7634,t_held,0,node099,,10,26623,jevT,59,7,36,5908,11:0.8235/0.3;21:0.9032/0.3;31:0.8235/0.3;141:0.8672/0.6974;151:0.8235/0.6974;361:0.8672/0.7634;371:0.8235/0.7634,0,cylT_Re150_dt05__jevT_async_r2,600,600,cylT_Re150_dt05,0,0.011939040498060147,0,292.71
19.01,0,False,[],50,308.0,4.833006525483404,True,19.39,59,279.72,False,0.8235,0.7634,t_held,0,node099,,10,26566,jevT,59,7,36,5888,10:0.8235/0.3;20:0.9032/0.3;30:0.8235/0.3;130:0.8672/0.6974;140:0.8235/0.6974;340:0.8672/0.7634;350:0.8235/0.7634,0,cylT_Re150_dt05__jevT_r0,600,600,cylT_Re150_dt05,0,0.013762137523774844,0,309.66
20.27,0,False,[],50,318.0,4.833006525483404,True,20.66,59,287.35,False,0.8235,0.7634,t_held,0,node099,,10,26566,jevT,59,7,36,5888,10:0.8235/0.3;20:0.9032/0.3;30:0.8235/0.3;130:0.8672/0.6974;140:0.8235/0.6974;340:0.8672/0.7634;350:0.8235/0.7634,0,cylT_Re150_dt05__jevT_r1,600,600,cylT_Re150_dt05,0,0.013762137523774844,0,319.35
19.44,0,False,[],50,316.0,4.833006525483404,True,19.84,59,285.93,False,0.8235,0.7634,t_held,0,node099,,10,26566,jevT,59,7,36,5888,10:0.8235/0.3;20:0.9032/0.3;30:0.8235/0.3;130:0.8672/0.6974;140:0.8235/0.6974;340:0.8672/0.7634;350:0.8235/0.7634,0,cylT_Re150_dt05__jevT_r2,600,600,cylT_Re150_dt05,0,0.013762137523774844,0,316.87
0,0,False,[],50,261.0,3.619636228681071,True,0.0,0,257.33,False,0.7,0.3,t_held,0,node099,,0,21395,static,0,0,30,6169,,0,cylT_Re60_dt10__default,300,300,cylT_Re60_dt10,0,9.191708643269813e-08,0,262.83
0,0,False,[],50,161.0,3.619636228681071,True,0.18,29,156.16,False,0.9289,0.6221,t_held,0,node099,,10,13734,heurT,0,7,30,3207,10:0.8235/0.3;20:0.9032/0.3;30:0.9289/0.3;40:0.9032/0.3;140:0.9289/0.6221;150:0.9482/0.6221;160:0.9289/0.6221,0,cylT_Re60_dt10__heurT,300,300,cylT_Re60_dt10,0,3.208181046979451e-05,0,162.5
10.23,0,True,[],50,153.0,3.619636228681071,True,0.21,29,147.9,False,0.9289,0.6221,t_held,0,node099,,10,13837,jevT,29,7,30,3233,11:0.8235/0.3;21:0.9032/0.3;31:0.9289/0.3;41:0.9032/0.3;151:0.9289/0.6221;161:0.9482/0.6221;171:0.9289/0.6221,0,cylT_Re60_dt10__jevT_async_r0,300,300,cylT_Re60_dt10,0,3.182656686236547e-05,0,154.87
11.14,0,True,[],50,168.0,3.619636228681071,True,0.26,29,162.37,False,0.9289,0.6221,t_held,0,node099,,10,13832,jevT,29,7,30,3233,11:0.8235/0.3;21:0.9032/0.3;31:0.9289/0.3;41:0.9032/0.3;151:0.9289/0.6221;161:0.9482/0.6221;171:0.9289/0.6221,0,cylT_Re60_dt10__jevT_async_r1,300,300,cylT_Re60_dt10,0,3.1824911512368486e-05,0,170.2
10.32,0,True,[],50,155.0,3.619636228681071,True,0.22,29,150.26,False,0.9289,0.6221,t_held,0,node099,,10,13817,jevT,29,7,30,3231,11:0.8235/0.3;21:0.9032/0.3;31:0.9289/0.3;41:0.9032/0.3;151:0.9289/0.6221;161:0.9482/0.6221;171:0.9289/0.6221,0,cylT_Re60_dt10__jevT_async_r2,300,300,cylT_Re60_dt10,0,3.1827060258705095e-05,0,155.52
11.83,0,False,[],50,177.0,3.619636228681071,True,12.01,29,157.86,False,0.9289,0.6221,t_held,0,node099,,10,13734,jevT,29,7,30,3207,10:0.8235/0.3;20:0.9032/0.3;30:0.9289/0.3;40:0.9032/0.3;140:0.9289/0.6221;150:0.9482/0.6221;160:0.9289/0.6221,0,cylT_Re60_dt10__jevT_r0,300,300,cylT_Re60_dt10,0,3.208181046979451e-05,0,178.02
11.16,0,False,[],50,180.0,3.619636228681071,True,11.36,29,161.72,False,0.9289,0.6221,t_held,0,node099,,10,13734,jevT,29,7,30,3207,10:0.8235/0.3;20:0.9032/0.3;30:0.9289/0.3;40:0.9032/0.3;140:0.9289/0.6221;150:0.9482/0.6221;160:0.9289/0.6221,0,cylT_Re60_dt10__jevT_r1,300,300,cylT_Re60_dt10,0,3.208181046979451e-05,0,181.91
10.6,0,False,[],50,176.0,3.619636228681071,True,10.78,29,158.48,False,0.9289,0.6221,t_held,0,node099,,10,13734,jevT,29,7,30,3207,10:0.8235/0.3;20:0.9032/0.3;30:0.9289/0.3;40:0.9032/0.3;140:0.9289/0.6221;150:0.9482/0.6221;160:0.9289/0.6221,0,cylT_Re60_dt10__jevT_r2,300,300,cylT_Re60_dt10,0,3.208181046979451e-05,0,177.82
0,0,False,[],50,478.0,12.5385,True,0.0,0,473.81,False,0.7,0.3,t_held,0,node099,,0,246743,static,0,0,45,23040,,0,pitzT_U20_dt1__default,1000,1000,pitzT_U20_dt1,0,7.346004987067813e-07,0,479.23
0,0,False,[],50,312.0,12.5385,True,0.73,103,300.64,False,0.9482,0.5404,t_held,4,node099,,10,119371,heurT,0,12,50,11867,10:0.8235/0.3;20:0.9032/0.3;30:0.9289/0.3;40:0.9482/0.3;50:0.95/0.3;60:0.9482/0.3;160:0.95/0.4565;170:0.9482/0.4565;370:0.95/0.4565;380:0.9482/0.4565;780:0.95/0.5404;790:0.9482/0.5404,0,pitzT_U20_dt1__heurT,1000,1000,pitzT_U20_dt1,0,0.0002782512156482612,4,314.33
27.98,0,True,[],50,321.0,12.5385,True,0.97,103,308.82,False,0.9482,0.5404,t_held,4,node099,,10,119580,jevT,99,12,50,11882,11:0.8235/0.3;21:0.9032/0.3;31:0.9289/0.3;41:0.9482/0.3;51:0.95/0.3;61:0.9482/0.3;171:0.95/0.4565;181:0.9482/0.4565;391:0.95/0.4565;401:0.9482/0.4565;822:0.95/0.5404;831:0.9482/0.5404,0,pitzT_U20_dt1__jevT_async_r0,1000,1000,pitzT_U20_dt1,0,0.000279567194823131,4,322.59
27.53,0,True,[],50,308.0,12.5385,True,0.98,103,296.33,False,0.9482,0.5404,t_held,4,node099,,10,119576,jevT,99,12,50,11880,11:0.8235/0.3;22:0.9032/0.3;31:0.9289/0.3;41:0.9482/0.3;51:0.95/0.3;61:0.9482/0.3;171:0.95/0.4565;181:0.9482/0.4565;391:0.95/0.4565;401:0.9482/0.4565;812:0.95/0.5404;822:0.9482/0.5404,0,pitzT_U20_dt1__jevT_async_r1,1000,1000,pitzT_U20_dt1,0,0.00027864202215545743,4,308.97
28.18,0,True,[],50,257.0,12.5385,True,0.62,103,249.73,False,0.9482,0.5404,t_held,4,node099,,10,119603,jevT,99,12,50,11881,12:0.8235/0.3;21:0.9032/0.3;31:0.9289/0.3;41:0.9482/0.3;51:0.95/0.3;61:0.9482/0.3;172:0.95/0.4565;182:0.9482/0.4565;391:0.95/0.4565;401:0.9482/0.4565;812:0.95/0.5404;822:0.9482/0.5404,0,pitzT_U20_dt1__jevT_async_r2,1000,1000,pitzT_U20_dt1,0,0.00027864233052041047,4,258.18
29.88,0,False,[],50,358.0,12.5385,True,30.55,103,315.78,False,0.9482,0.5404,t_held,4,node099,,10,119371,jevT,99,12,50,11867,10:0.8235/0.3;20:0.9032/0.3;30:0.9289/0.3;40:0.9482/0.3;50:0.95/0.3;60:0.9482/0.3;160:0.95/0.4565;170:0.9482/0.4565;370:0.95/0.4565;380:0.9482/0.4565;780:0.95/0.5404;790:0.9482/0.5404,0,pitzT_U20_dt1__jevT_r0,1000,1000,pitzT_U20_dt1,0,0.0002782512156482612,4,358.86
27.68,0,False,[],50,342.0,12.5385,True,28.48,103,299.85,False,0.9482,0.5404,t_held,4,node099,,10,119371,jevT,99,12,50,11867,10:0.8235/0.3;20:0.9032/0.3;30:0.9289/0.3;40:0.9482/0.3;50:0.95/0.3;60:0.9482/0.3;160:0.95/0.4565;170:0.9482/0.4565;370:0.95/0.4565;380:0.9482/0.4565;860:0.95/0.5404;870:0.9482/0.5404,0,pitzT_U20_dt1__jevT_r1,1000,1000,pitzT_U20_dt1,0,0.00027828088298482827,4,342.69
27.86,0,False,[],50,336.0,12.5385,True,28.63,103,295.27,False,0.9482,0.5404,t_held,4,node099,,10,119415,jevT,99,12,50,11871,10:0.8235/0.3;20:0.9032/0.3;30:0.9289/0.3;40:0.9482/0.3;50:0.95/0.3;60:0.9482/0.3;160:0.95/0.4565;170:0.9482/0.4565;370:0.95/0.4565;380:0.9482/0.4565;820:0.95/0.5404;830:0.9482/0.5404,0,pitzT_U20_dt1__jevT_r2,1000,1000,pitzT_U20_dt1,0,0.0002791238172348027,4,337.2
0,0,False,[],50,283.0,7.11473,True,0.0,0,279.39,False,0.7,0.3,t_held,0,node099,,0,114942,static,0,0,35,11050,,0,pitzT_U5_dt2__default,500,500,pitzT_U5_dt2,0,2.8848843972124343e-06,0,284.41
0,0,False,[],50,143.0,7.11473,True,0.28,49,136.22,False,0.9482,0.5404,t_held,0,node099,,10,53263,heurT,0,10,35,5276,10:0.8235/0.3;20:0.9032/0.3;30:0.9289/0.3;40:0.9482/0.3;50:0.9289/0.3;150:0.9482/0.5404;160:0.95/0.5404;170:0.9482/0.5404;370:0.95/0.5404;380:0.9482/0.5404,0,pitzT_U5_dt2__heurT,500,500,pitzT_U5_dt2,0,0.00019310091189160482,0,144.42
13.15,0,True,[],50,145.0,7.11473,True,0.38,49,138.85,False,0.9482,0.5404,t_held,0,node099,,10,53510,jevT,49,10,35,5295,12:0.8235/0.3;21:0.9032/0.3;31:0.9289/0.3;41:0.9482/0.3;51:0.9289/0.3;161:0.9482/0.5404;171:0.95/0.5404;181:0.9482/0.5404;392:0.95/0.5404;402:0.9482/0.5404,0,pitzT_U5_dt2__jevT_async_r0,500,500,pitzT_U5_dt2,0,0.0001913054332875783,0,147.03
13.88,0,True,[],50,132.0,7.11473,True,0.42,49,127.41,False,0.9482,0.5404,t_held,0,node099,,10,53541,jevT,49,10,35,5297,12:0.8235/0.3;21:0.9032/0.3;31:0.9289/0.3;41:0.9482/0.3;51:0.9289/0.3;161:0.9482/0.5404;171:0.95/0.5404;182:0.9482/0.5404;392:0.95/0.5404;402:0.9482/0.5404,0,pitzT_U5_dt2__jevT_async_r1,500,500,pitzT_U5_dt2,0,0.00019130059869456036,0,134.16
13.8,0,True,[],50,135.0,7.11473,True,0.4,49,129.25,False,0.9482,0.5404,t_held,0,node099,,10,53558,jevT,49,10,35,5297,12:0.8235/0.3;21:0.9032/0.3;31:0.9289/0.3;41:0.9482/0.3;51:0.9289/0.3;162:0.9482/0.5404;172:0.95/0.5404;182:0.9482/0.5404;391:0.95/0.5404;402:0.9482/0.5404,0,pitzT_U5_dt2__jevT_async_r2,500,500,pitzT_U5_dt2,0,0.0001913017966196111,0,136.51
14.23,0,False,[],50,157.0,7.11473,True,14.54,49,136.26,False,0.9482,0.5404,t_held,0,node099,,10,53263,jevT,49,10,35,5276,10:0.8235/0.3;20:0.9032/0.3;30:0.9289/0.3;40:0.9482/0.3;50:0.9289/0.3;150:0.9482/0.5404;160:0.95/0.5404;170:0.9482/0.5404;370:0.95/0.5404;380:0.9482/0.5404,0,pitzT_U5_dt2__jevT_r0,500,500,pitzT_U5_dt2,0,0.00019310091189160482,0,159.31
13.81,0,False,[],50,155.0,7.11473,True,14.16,49,133.81,False,0.9482,0.5404,t_held,0,node099,,10,53263,jevT,49,10,35,5276,10:0.8235/0.3;20:0.9032/0.3;30:0.9289/0.3;40:0.9482/0.3;50:0.9289/0.3;150:0.9482/0.5404;160:0.95/0.5404;170:0.9482/0.5404;370:0.95/0.5404;380:0.9482/0.5404,0,pitzT_U5_dt2__jevT_r1,500,500,pitzT_U5_dt2,0,0.00019310091189160482,0,156.09
14.74,0,False,[],50,169.0,7.11473,True,15.05,49,146.5,False,0.9482,0.5404,t_held,0,node099,,10,53263,jevT,49,10,35,5276,10:0.8235/0.3;20:0.9032/0.3;30:0.9289/0.3;40:0.9482/0.3;50:0.9289/0.3;150:0.9482/0.5404;160:0.95/0.5404;170:0.9482/0.5404;370:0.95/0.5404;380:0.9482/0.5404,0,pitzT_U5_dt2__jevT_r2,500,500,pitzT_U5_dt2,0,0.00019310091189160482,0,170.29
0,0,False,[],200,1327.0,4.847298574,True,0.0,0,1317.83,False,0.7,0.3,t_ref,0,node126,,0,25810,static,0,0,44,11436,,0,cav3T_Re1000_dt15__ref,267,267,cav3T_Re1000_dt15,0.01,0.0,0,1328.41
0,0,False,[],200,1035.0,9.683075565,True,0.0,0,954.76,False,0.7,0.3,t_ref,0,node126,,0,16407,static,0,0,52,6495,,0,cav3T_Re1000_dt30__ref,133,133,cav3T_Re1000_dt30,0.01,0.0,0,1035.9
0,0,False,[],200,1612.0,4.399186329,True,0.0,0,1594.73,False,0.7,0.3,t_ref,0,node126,,0,25671,static,0,0,45,11908,,0,cav3T_Re2000_dt15__ref,267,267,cav3T_Re2000_dt15,0.01,0.0,0,1614.85
0,0,False,[],200,967.0,10.44013741,True,0.0,0,958.42,False,0.7,0.3,t_ref,0,node126,,0,17508,static,0,0,71,6589,,0,cav3T_Re400_dt30__ref,133,133,cav3T_Re400_dt30,0.01,0.0,0,968.18
0,0,False,[],200,333.0,6.034639264,True,0.0,0,330.93,False,0.7,0.3,t_ref,0,node099,,0,67438,static,0,0,43,16198,,0,cavT_Re1000_dt05__ref,400,400,cavT_Re1000_dt05,0.01,0.0,0,335.33
0,0,False,[],200,231.0,12.06827578,True,0.0,0,228.94,False,0.7,0.3,t_ref,0,node099,,0,48847,static,0,0,64,10640,,0,cavT_Re1000_dt10__ref,200,200,cavT_Re1000_dt10,0.01,0.0,0,232.57
0,0,False,[],200,474.0,5.825107098,True,0.0,0,468.23,False,0.7,0.3,t_ref,0,node126,,0,68565,static,0,0,46,17850,,0,cavT_Re2500_dt05__ref,400,400,cavT_Re2500_dt05,0.01,0.0,0,475.1
0,0,False,[],200,424.0,12.33311164,True,0.0,0,418.94,False,0.7,0.3,t_ref,0,node126,,0,64878,static,0,0,102,15376,,0,cavT_Re400_dt10__ref,200,200,cavT_Re400_dt10,0.01,0.0,0,425.59
0,0,False,[],200,572.0,3.207749105689008,True,0.0,0,567.23,False,0.7,0.3,t_ref,0,node099,,0,58706,static,0,0,46,20634,,0,cylT_Re100_dt05__ref,600,600,cylT_Re100_dt05,0.01,0.0,0,573.28
0,0,False,[],200,367.0,6.077366756287074,True,0.0,0,363.31,False,0.7,0.3,t_ref,0,node099,,0,39941,static,0,0,59,11723,,0,cylT_Re100_dt10__ref,300,300,cylT_Re100_dt10,0.01,0.0,0,367.68
0,0,False,[],200,994.0,4.83305364219006,True,0.0,0,984.63,False,0.7,0.3,t_ref,0,node126,,0,71076,static,0,0,57,22306,,0,cylT_Re150_dt05__ref,600,600,cylT_Re150_dt05,0.01,0.0,0,995.72
0,0,False,[],200,464.0,3.619615618720645,True,0.0,0,458.93,False,0.7,0.3,t_ref,0,node126,,0,31870,static,0,0,44,10349,,0,cylT_Re60_dt10__ref,300,300,cylT_Re60_dt10,0.01,0.0,0,465.76
0,0,False,[],200,637.0,7.13557,True,0.0,0,631.83,False,0.7,0.3,t_ref,0,node099,,0,372199,static,0,0,51,36056,,0,pitzT_U10_dt1__ref,1000,1000,pitzT_U10_dt1,0.01,0.0,0,638.54
0,0,False,[],200,368.0,12.5112,True,0.0,0,365.87,False,0.7,0.3,t_ref,0,node099,,0,188959,static,0,0,69,19695,,0,pitzT_U10_dt2__ref,500,500,pitzT_U10_dt2,0.01,0.0,0,370.6
0,0,False,[],200,992.0,12.5386,True,0.0,0,982.6,False,0.7,0.3,t_ref,0,node126,,0,360234,static,0,0,70,39043,,0,pitzT_U20_dt1__ref,1000,1000,pitzT_U20_dt1,0.01,0.0,0,994.06
0,0,False,[],200,458.0,7.1147,True,0.0,0,452.93,False,0.7,0.3,t_ref,0,node126,,0,172745,static,0,0,51,18052,,0,pitzT_U5_dt2__ref,500,500,pitzT_U5_dt2,0.01,0.0,0,459.86
