controller,case,decision,max_abs_dp,same_probs,same_move
P,cavity_Re100,0,0.020000000000000018,False,True
P,cavity_Re100,0,0.030000000000000027,False,True
P,cavity_Re100,0,0.010000000000000009,False,True
P,cavity_Re100,1,0.04999999999999999,False,True
P,cavity_Re100,1,0.03999999999999998,False,True
P,cavity_Re100,1,0.020000000000000018,False,True
P,cavity_Re100,2,0.020000000000000018,False,True
P,cavity_Re100,2,0.020000000000000018,False,True
P,cavity_Re100,2,0.02999999999999997,False,True
P,cavity_Re100,3,0.02999999999999997,False,True
P,cavity_Re100,3,0.010000000000000009,False,True
P,cavity_Re100,3,0.02999999999999997,False,True
P,cavity_Re100,4,0.019999999999999907,False,True
P,cavity_Re100,4,0.01999999999999999,False,True
P,cavity_Re100,4,0.01999999999999999,False,True
P,cavity_Re100,5,0.030000000000000027,False,True
P,cavity_Re100,5,0.07000000000000006,False,False
P,cavity_Re100,5,0.040000000000000036,False,False
P,cavity_Re100,6,0.030000000000000027,False,True
P,cavity_Re100,7,0.03,False,True
P,cavity_Re100,8,0.040000000000000036,False,False
P,cavity_Re1000,0,0.020000000000000018,False,False
P,cavity_Re1000,0,0.010000000000000009,False,False
P,cavity_Re1000,0,0.01999999999999999,False,True
P,cavity_Re1000,1,0.10000000000000003,False,True
P,cavity_Re1000,2,0.020000000000000018,False,True
P,cavity_Re1000,3,0.020000000000000018,False,True
P,cavity_Re1000,4,0.019999999999999907,False,True
P,cavity_Re1000,5,0.020000000000000018,False,True
P,cavity_Re1000,6,0.050000000000000044,False,False
P,cavity_Re400,0,0.010000000000000009,False,True
P,cavity_Re400,0,0.01999999999999999,False,True
P,cavity_Re400,0,0.01999999999999999,False,True
P,cavity_Re400,1,0.020000000000000018,False,True
P,cavity_Re400,1,0.020000000000000018,False,True
P,cavity_Re400,1,0.0,True,True
P,cavity_Re400,2,0.020000000000000018,False,True
P,cavity_Re400,2,0.010000000000000009,False,True
P,cavity_Re400,2,0.020000000000000018,False,True
P,cavity_Re400,3,0.01999999999999999,False,True
P,cavity_Re400,3,0.020000000000000018,False,True
P,cavity_Re400,3,0.01999999999999999,False,True
P,cavity_Re400,4,0.020000000000000018,False,True
P,cavity_Re400,4,0.020000000000000018,False,True
P,cavity_Re400,4,0.0,True,True
P,cavity_Re400,5,0.06000000000000005,False,False
P,cavity_Re400,5,0.010000000000000009,False,True
P,cavity_Re400,5,0.06000000000000005,False,False
P,cavity_Re400,6,0.010000000000000009,False,True
P,cavity_Re400,7,0.0,True,True
P,cavity_Re400,8,0.030000000000000027,False,True
P,cavity_Re400,9,0.010000000000000009,False,True
P,cavity_Re400,10,0.01999999999999999,False,True
P,cavity_Re400,11,0.010000000000000009,False,True
P,cavity_Re400,12,0.03999999999999998,False,True
P,cavity_Re400,13,0.01999999999999999,False,True
P,cavity_Re400,14,0.020000000000000018,False,True
P,cavity_Re400,15,0.0,True,True
P,cavity_Re400,16,0.010000000000000009,False,True
P,cavity_Re400,17,0.020000000000000018,False,True
P,cavity_Re400,18,0.030000000000000027,False,True
P,cavity_Re400,19,0.010000000000000009,False,True
P,cavity_Re400,20,0.020000000000000018,False,True
P,cavity_Re400,21,0.010000000000000009,False,True
P,cavity_Re400,22,0.020000000000000018,False,True
P,cavity_Re400,23,0.020000000000000018,False,True
P,cavity_Re400,24,0.02999999999999997,False,True
P,cavity_Re400,25,0.030000000000000027,False,True
P,cavity_Re400,26,0.030000000000000027,False,True
P,cavity_Re400,27,0.03,False,True
P,cavity_Re400,28,0.020000000000000018,False,True
P,cavity_Re400,29,0.050000000000000044,False,True
P,cavity_Re400,30,0.010000000000000009,False,True
P,cavity_Re400,31,0.020000000000000018,False,True
P,cavity_Re400,32,0.04000000000000001,False,True
P,cavity_Re400,33,0.010000000000000009,False,True
P,cavity_Re400,34,0.03,False,True
P,cavity_Re400,35,0.020000000000000018,False,True
P,cavity_Re400,36,0.010000000000000009,False,True
P,cavity_Re400,37,0.009999999999999995,False,True
P,cavity_Re400,38,0.010000000000000009,False,True
P,cavity_Re400,39,0.020000000000000018,False,True
P,cavity_Re400,40,0.020000000000000018,False,True
P,cavity_Re400,41,0.01999999999999999,False,True
P,cavity_Re400,42,0.03,False,True
P,cavity_Re400,43,0.020000000000000018,False,True
P,cavity_Re400,44,0.04000000000000001,False,True
P,cavity_Re400,45,0.03,False,True
P,cavity_Re400,46,0.03,False,True
P,cavity_Re400,47,0.010000000000000009,False,True
P,cavity_Re400,48,0.03,False,True
P,cavity_Re400,49,0.03,False,True
P,cavity_Re400,50,0.01999999999999999,False,True
P,cavity_Re400,51,0.0,True,True
P,cavity_Re400,52,0.020000000000000004,False,True
P,cavity_Re400,53,0.010000000000000009,False,True
P,cavity_Re400,54,0.010000000000000009,False,True
P,cavity_Re400,55,0.010000000000000009,False,True
P,cavity_Re400,56,0.009999999999999998,False,True
P,cavity_Re400,57,0.01999999999999999,False,True
P,cavity_Re400,58,0.03,False,True
P,cavity_Re400,59,0.020000000000000018,False,True
P,cavity_Re400,60,0.010000000000000009,False,True
P,cavity_Re400,61,0.01999999999999999,False,True
P,cavity_Re400,62,0.0,True,True
P,cavity_Re400,63,0.010000000000000009,False,True
P,cavity_Re400,64,0.010000000000000009,False,True
P,cavity_Re400,65,0.020000000000000018,False,True
P,cavity_Re400,66,0.020000000000000018,False,True
P,cavity_Re400,67,0.009999999999999995,False,True
P,cavity_Re400,68,0.010000000000000009,False,True
P,cavity_Re400,69,0.009999999999999995,False,True
P,cavity_Re400,70,0.020000000000000018,False,True
P,cavity_Re400,71,0.009999999999999995,False,True
P,cavity_Re400,72,0.009999999999999995,False,True
P,cavity_Re400,73,0.010000000000000009,False,True
P,cavity_Re400,74,0.010000000000000009,False,True
P,cavity_Re400,75,0.0,True,True
P,cavity_Re700,0,0.010000000000000009,False,True
P,cavity_Re700,0,0.010000000000000009,False,True
P,cavity_Re700,0,0.010000000000000009,False,True
P,cavity_Re700,1,0.020000000000000018,False,True
P,cavity_Re700,1,0.04999999999999999,False,True
P,cavity_Re700,1,0.03999999999999998,False,True
P,cavity_Re700,2,0.02999999999999997,False,True
P,cavity_Re700,2,0.030000000000000027,False,True
P,cavity_Re700,2,0.06,False,True
P,cavity_Re700,3,0.030000000000000027,False,False
P,cavity_Re700,3,0.03999999999999998,False,False
P,cavity_Re700,3,0.020000000000000018,False,True
P,cavity_Re700,4,0.020000000000000004,False,True
P,cavity_Re700,5,0.020000000000000018,False,True
P,cavity_Re700,6,0.020000000000000018,False,True
P,cavity_Re700,7,0.0,True,True
P,cavity_Re700,8,0.009999999999999953,False,True
P,cavity_Re700,9,0.009999999999999898,False,True
P,cavity_Re700,10,0.06,False,True
P,cavity_Re700,11,0.07,False,True
P,cavity_Re700,12,0.029999999999999916,False,True
P,cavity_Re700,13,0.019999999999999962,False,True
P,cavity_Re700,14,0.040000000000000036,False,True
P,cavity_Re700,15,0.04000000000000001,False,True
P,cavity_Re700,16,0.02999999999999997,False,True
P,cavity_Re700,17,0.01999999999999999,False,True
P,cavity_Re700,18,0.0,True,True
P,cavity_Re700,19,0.020000000000000018,False,True
P,cavity_Re700,20,0.030000000000000027,False,True
P,cavity_Re700,21,0.020000000000000018,False,True
P,cavity_Re700,22,0.010000000000000009,False,True
P,cavity_Re700,23,0.020000000000000018,False,True
P,cavity_Re700,24,0.009999999999999998,False,True
P,cavity_Re700,25,0.010000000000000009,False,True
P,cavity_Re700,26,0.030000000000000027,False,True
P,cavity_Re700,27,0.010000000000000009,False,True
P,cavity_Re700,28,0.02999999999999997,False,True
P,cavity_Re700,29,0.010000000000000009,False,True
P,cavity_Re700,30,0.030000000000000027,False,True
P,cavity_Re700,31,0.04000000000000001,False,True
P,cavity_Re700,32,0.020000000000000018,False,True
P,cavity_Re700,33,0.02999999999999997,False,True
P,cavity_Re700,34,0.03,False,True
P,cavity_Re700,35,0.010000000000000009,False,True
P,cavity_Re700,36,0.03999999999999998,False,True
P,cavity_Re700,37,0.05000000000000002,False,True
P,cavity_Re700,38,0.009999999999999981,False,True
P,cavity_Re700,39,0.010000000000000009,False,True
P,cavity_Re700,40,0.010000000000000009,False,True
P,cavity_Re700,41,0.040000000000000036,False,True
P,cavity_Re700,42,0.0,True,True
P,cavity_Re700,43,0.010000000000000009,False,True
P,cavity_Re700,44,0.020000000000000018,False,True
P,cavity_Re700,45,0.010000000000000009,False,True
P,cavity_Re700,46,0.020000000000000018,False,True
P,cavity_Re700,47,0.020000000000000018,False,True
P,cavity_Re700,48,0.01999999999999999,False,True
P,cavity_Re700,49,0.020000000000000018,False,True
P,cavity_Re700,50,0.010000000000000009,False,True
P,cavity_Re700,51,0.010000000000000009,False,True
P,cavity_Re700,52,0.020000000000000018,False,True
P,cavity_Re700,53,0.020000000000000018,False,True
P,cavity_Re700,54,0.010000000000000009,False,True
P,cavity_Re700,55,0.010000000000000009,False,True
P,cavity_Re700,56,0.02999999999999997,False,True
P,cavity_Re700,57,0.010000000000000009,False,True
P,cavity_Re700,58,0.010000000000000009,False,True
P,cavity_Re700,59,0.020000000000000018,False,True
P,cavity_Re700,60,0.010000000000000009,False,True
P,cavity_Re700,61,0.030000000000000027,False,True
P,cavity_Re700,62,0.04000000000000001,False,True
P,cavity_Re700,63,0.020000000000000018,False,True
P,cavity_Re700,64,0.010000000000000009,False,True
P,cavity_Re700,65,0.0,True,True
P,cavity_Re700,66,0.040000000000000036,False,True
P,cavity_Re700,67,0.010000000000000009,False,True
P,cavity_Re700,68,0.01999999999999999,False,True
P,cavity_Re700,69,0.010000000000000009,False,True
P,cavity_Re700,70,0.010000000000000009,False,True
P,cavity_Re700,71,0.030000000000000027,False,True
P,cavity_Re700,72,0.0,True,True
P,cavity_Re700,73,0.010000000000000009,False,True
P,cavity_Re700,74,0.0,True,True
P,cavity_Re700,75,0.020000000000000018,False,True
P,cavity_Re700,76,0.03,False,True
P,cavity_Re700,77,0.02999999999999997,False,True
P,cavity_Re700,78,0.010000000000000009,False,True
P,cavity_Re700,79,0.010000000000000009,False,True
P,cavity_Re700,80,0.010000000000000009,False,True
P,cavity_Re700,81,0.010000000000000009,False,True
P,cavity_Re700,82,0.019999999999999962,False,True
P,cavity_Re700,83,0.010000000000000009,False,True
P,cavity_Re700,84,0.010000000000000009,False,True
P,cavity_Re700,85,0.010000000000000009,False,True
P,cavity_Re700,86,0.02999999999999997,False,True
P,cavity_Re700,87,0.030000000000000027,False,True
P,lbfs_Re300,0,0.04999999999999999,False,True
P,lbfs_Re300,0,0.03,False,True
P,lbfs_Re300,0,0.07,False,True
P,lbfs_Re300,1,0.020000000000000018,False,True
P,lbfs_Re300,1,0.020000000000000018,False,True
P,lbfs_Re300,1,0.040000000000000036,False,True
P,lbfs_Re300,2,0.04999999999999993,False,True
P,lbfs_Re300,2,0.04999999999999993,False,True
P,lbfs_Re300,2,0.010000000000000009,False,True
P,lbfs_Re300,3,0.009999999999999995,False,True
P,lbfs_Re300,3,0.009999999999999995,False,True
P,lbfs_Re300,3,0.009999999999999995,False,True
P,lbfs_Re300,4,0.030000000000000027,False,True
P,lbfs_Re300,4,0.030000000000000027,False,True
P,lbfs_Re300,4,0.010000000000000009,False,True
P,lbfs_Re300,5,0.020000000000000018,False,True
P,lbfs_Re300,5,0.010000000000000009,False,True
P,lbfs_Re300,5,0.030000000000000027,False,True
P,lbfs_Re300,6,0.020000000000000018,False,True
P,lbfs_Re300,6,0.040000000000000036,False,True
P,lbfs_Re300,6,0.020000000000000018,False,True
P,lbfs_Re300,7,0.040000000000000036,False,True
P,lbfs_Re300,7,0.020000000000000018,False,True
P,lbfs_Re300,7,0.020000000000000018,False,True
P,lbfs_Re300,8,0.010000000000000009,False,True
P,lbfs_Re300,8,0.020000000000000018,False,True
P,lbfs_Re300,8,0.020000000000000018,False,True
P,lbfs_Re300,9,0.030000000000000027,False,True
P,lbfs_Re300,9,0.06,False,True
P,lbfs_Re300,9,0.03999999999999998,False,True
P,lbfs_Re300,10,0.030000000000000027,False,True
P,lbfs_Re300,10,0.03999999999999998,False,True
P,lbfs_Re300,10,0.030000000000000013,False,True
P,lbfs_Re300,11,0.08999999999999997,False,True
P,lbfs_Re300,11,0.06999999999999995,False,True
P,lbfs_Re300,11,0.020000000000000018,False,True
P,lbfs_Re300,12,0.030000000000000027,False,True
P,lbfs_Re300,12,0.030000000000000027,False,True
P,lbfs_Re300,12,0.01999999999999999,False,True
P,lbfs_Re300,13,0.020000000000000018,False,True
P,lbfs_Re300,13,0.020000000000000018,False,True
P,lbfs_Re300,13,0.010000000000000009,False,True
P,lbfs_Re300,14,0.020000000000000018,False,True
P,lbfs_Re300,14,0.010000000000000009,False,True
P,lbfs_Re300,14,0.010000000000000009,False,True
P,lbfs_Re300,15,0.02999999999999997,False,True
P,lbfs_Re300,15,0.020000000000000018,False,True
P,lbfs_Re300,15,0.020000000000000018,False,True
P,lbfs_Re300,16,0.05000000000000002,False,True
P,lbfs_Re300,16,0.020000000000000018,False,True
P,lbfs_Re300,16,0.03,False,True
P,lbfs_Re300,17,0.06,False,True
P,lbfs_Re300,17,0.06,False,True
P,lbfs_Re300,17,0.0,True,True
P,lbfs_Re300,18,0.020000000000000018,False,True
P,lbfs_Re300,18,0.010000000000000009,False,True
P,lbfs_Re300,18,0.010000000000000009,False,True
P,lbfs_Re300,19,0.020000000000000018,False,True
P,lbfs_Re300,19,0.02999999999999997,False,True
P,lbfs_Re300,19,0.04999999999999999,False,True
P,lbfs_Re300,20,0.03999999999999998,False,True
P,lbfs_Re300,20,0.06,False,True
P,lbfs_Re300,20,0.020000000000000018,False,True
P,lbfs_Re300,21,0.06,False,True
P,lbfs_Re300,21,0.03999999999999998,False,True
P,lbfs_Re300,21,0.09999999999999998,False,True
P,lbfs_Re300,22,0.020000000000000018,False,True
P,lbfs_Re300,22,0.010000000000000009,False,True
P,lbfs_Re300,22,0.020000000000000018,False,True
P,lbfs_Re300,23,0.030000000000000027,False,True
P,lbfs_Re300,23,0.06,False,True
P,lbfs_Re300,23,0.02999999999999997,False,True
P,lbfs_Re300,24,0.020000000000000018,False,True
P,lbfs_Re300,24,0.040000000000000036,False,True
P,lbfs_Re300,24,0.020000000000000018,False,True
P,lbfs_Re300,25,0.040000000000000036,False,True
P,lbfs_Re300,25,0.030000000000000027,False,True
P,lbfs_Re300,25,0.020000000000000018,False,True
P,lbfs_Re300,26,0.0,True,True
P,lbfs_Re300,26,0.020000000000000018,False,True
P,lbfs_Re300,26,0.020000000000000018,False,True
P,lbfs_Re300,27,0.010000000000000009,False,True
P,lbfs_Re300,27,0.010000000000000009,False,True
P,lbfs_Re300,27,0.010000000000000009,False,True
P,lbfs_Re300,28,0.06,False,True
P,lbfs_Re300,28,0.040000000000000036,False,True
P,lbfs_Re300,28,0.01999999999999999,False,True
P,lbfs_Re300,29,0.02999999999999997,False,True
P,lbfs_Re300,29,0.019999999999999962,False,True
P,lbfs_Re300,29,0.010000000000000009,False,True
P,lbfs_Re300,30,0.030000000000000027,False,True
P,lbfs_Re300,30,0.010000000000000009,False,True
P,lbfs_Re300,30,0.040000000000000036,False,True
P,lbfs_Re300,31,0.010000000000000009,False,True
P,lbfs_Re300,31,0.010000000000000009,False,True
P,lbfs_Re300,31,0.010000000000000009,False,True
P,lbfs_Re300,32,0.030000000000000027,False,True
P,lbfs_Re300,32,0.010000000000000009,False,True
P,lbfs_Re300,32,0.040000000000000036,False,True
P,lbfs_Re300,33,0.019999999999999962,False,True
P,lbfs_Re300,33,0.03999999999999998,False,True
P,lbfs_Re300,33,0.020000000000000018,False,True
P,lbfs_Re300,34,0.030000000000000027,False,True
P,lbfs_Re300,34,0.020000000000000018,False,True
P,lbfs_Re300,34,0.010000000000000009,False,True
P,lbfs_Re300,35,0.010000000000000009,False,True
P,lbfs_Re300,35,0.010000000000000009,False,True
P,lbfs_Re300,35,0.010000000000000009,False,True
P,lbfs_Re300,36,0.019999999999999962,False,True
P,lbfs_Re300,36,0.02999999999999997,False,True
P,lbfs_Re300,36,0.010000000000000009,False,True
P,lbfs_Re300,37,0.020000000000000018,False,True
P,lbfs_Re300,37,0.010000000000000009,False,True
P,lbfs_Re300,37,0.030000000000000027,False,True
P,lbfs_Re300,38,0.020000000000000018,False,True
P,lbfs_Re300,38,0.010000000000000009,False,True
P,lbfs_Re300,38,0.030000000000000027,False,True
P,lbfs_Re300,39,0.010000000000000009,False,True
P,lbfs_Re300,39,0.010000000000000009,False,True
P,lbfs_Re300,39,0.020000000000000018,False,True
P,lbfs_Re300,40,0.03999999999999998,False,True
P,lbfs_Re300,40,0.08999999999999997,False,True
P,lbfs_Re300,40,0.04999999999999999,False,True
P,lbfs_Re300,41,0.030000000000000027,False,True
P,lbfs_Re300,41,0.029999999999999916,False,True
P,lbfs_Re300,41,0.020000000000000018,False,True
P,lbfs_Re300,42,0.020000000000000018,False,True
P,lbfs_Re300,42,0.010000000000000009,False,True
P,lbfs_Re300,42,0.02999999999999997,False,True
P,lbfs_Re300,43,0.03999999999999998,False,True
P,lbfs_Re300,43,0.020000000000000018,False,True
P,lbfs_Re300,43,0.019999999999999962,False,True
P,lbfs_Re300,44,0.020000000000000018,False,True
P,lbfs_Re300,44,0.06,False,True
P,lbfs_Re300,44,0.03999999999999998,False,True
P,lbfs_Re300,45,0.03999999999999998,False,True
P,lbfs_Re300,45,0.030000000000000027,False,True
P,lbfs_Re300,45,0.04000000000000001,False,True
P,lbfs_Re300,46,0.02999999999999997,False,True
P,lbfs_Re300,46,0.04000000000000001,False,True
P,lbfs_Re300,46,0.04000000000000001,False,True
P,lbfs_Re300,47,0.030000000000000027,False,True
P,lbfs_Re300,47,0.05999999999999994,False,True
P,lbfs_Re300,47,0.029999999999999916,False,True
P,lbfs_Re300,48,0.030000000000000027,False,True
P,lbfs_Re300,48,0.02999999999999997,False,True
P,lbfs_Re300,48,0.06,False,True
P,lbfs_Re300,49,0.02999999999999997,False,True
P,lbfs_Re300,49,0.020000000000000018,False,True
P,lbfs_Re300,49,0.04999999999999999,False,True
P,lbfs_Re300,50,0.039999999999999925,False,True
P,lbfs_Re300,50,0.010000000000000009,False,True
P,lbfs_Re300,50,0.039999999999999925,False,True
P,lbfs_Re300,51,0.03,False,True
P,lbfs_Re300,51,0.01999999999999999,False,True
P,lbfs_Re300,51,0.010000000000000009,False,True
P,lbfs_Re300,52,0.07,False,True
P,lbfs_Re300,52,0.03,False,True
P,lbfs_Re300,52,0.08000000000000002,False,True
P,lbfs_Re300,53,0.02999999999999997,False,True
P,lbfs_Re300,53,0.02999999999999997,False,True
P,lbfs_Re300,53,0.020000000000000018,False,True
P,lbfs_Re300,54,0.040000000000000036,False,True
P,lbfs_Re300,54,0.020000000000000018,False,True
P,lbfs_Re300,54,0.020000000000000018,False,True
P,lbfs_Re300,55,0.010000000000000009,False,True
P,lbfs_Re300,55,0.010000000000000009,False,True
P,lbfs_Re300,55,0.020000000000000018,False,True
P,lbfs_Re300,56,0.03,False,True
P,lbfs_Re300,56,0.010000000000000009,False,True
P,lbfs_Re300,56,0.03999999999999998,False,True
P,lbfs_Re300,57,0.08000000000000002,False,True
P,lbfs_Re300,57,0.02999999999999997,False,True
P,lbfs_Re300,57,0.050000000000000044,False,True
P,lbfs_Re300,58,0.010000000000000009,False,True
P,lbfs_Re300,58,0.040000000000000036,False,True
P,lbfs_Re300,58,0.039999999999999925,False,True
P,lbfs_Re300,59,0.040000000000000036,False,True
P,lbfs_Re300,59,0.020000000000000018,False,True
P,lbfs_Re300,59,0.020000000000000018,False,True
P,lbfs_Re300,60,0.020000000000000018,False,True
P,lbfs_Re300,60,0.03999999999999998,False,True
P,lbfs_Re300,60,0.06,False,True
P,lbfs_Re300,61,0.020000000000000018,False,True
P,lbfs_Re300,61,0.019999999999999907,False,True
P,lbfs_Re300,61,0.039999999999999925,False,True
P,lbfs_Re300,62,0.010000000000000009,False,True
P,lbfs_Re300,62,0.050000000000000044,False,True
P,lbfs_Re300,62,0.050000000000000044,False,True
P,lbfs_Re300,63,0.03999999999999998,False,True
P,lbfs_Re300,63,0.030000000000000027,False,True
P,lbfs_Re300,63,0.07,False,True
P,lbfs_Re300,64,0.04999999999999993,False,True
P,lbfs_Re300,64,0.02999999999999997,False,True
P,lbfs_Re300,64,0.04999999999999993,False,True
P,lbfs_Re300,65,0.02999999999999997,False,True
P,lbfs_Re300,65,0.010000000000000009,False,True
P,lbfs_Re300,65,0.02999999999999997,False,True
P,lbfs_Re300,66,0.07,False,True
P,lbfs_Re300,66,0.07,False,True
P,lbfs_Re300,66,0.009999999999999981,False,True
P,lbfs_Re300,67,0.06999999999999995,False,True
P,lbfs_Re300,67,0.029999999999999916,False,True
P,lbfs_Re300,67,0.040000000000000036,False,True
P,lbfs_Re300,68,0.04999999999999999,False,True
P,lbfs_Re300,68,0.02999999999999997,False,True
P,lbfs_Re300,68,0.020000000000000018,False,True
P,lbfs_Re300,69,0.04999999999999999,False,True
P,lbfs_Re300,69,0.010000000000000009,False,True
P,lbfs_Re300,69,0.03999999999999998,False,True
P,lbfs_Re300,70,0.020000000000000018,False,True
P,lbfs_Re300,70,0.030000000000000027,False,True
P,lbfs_Re300,70,0.010000000000000009,False,True
P,lbfs_Re300,71,0.030000000000000027,False,True
P,lbfs_Re300,71,0.04999999999999999,False,True
P,lbfs_Re300,71,0.03,False,True
P,lbfs_Re300,72,0.010000000000000009,False,True
P,lbfs_Re300,72,0.07,False,True
P,lbfs_Re300,72,0.06,False,True
P,lbfs_Re300,73,0.020000000000000018,False,True
P,lbfs_Re300,73,0.039999999999999925,False,True
P,lbfs_Re300,73,0.02999999999999997,False,True
P,lbfs_Re300,74,0.03,False,True
P,lbfs_Re300,74,0.06,False,True
P,lbfs_Re300,74,0.03999999999999998,False,True
P,lbfs_Re300,75,0.010000000000000009,False,True
P,lbfs_Re300,75,0.010000000000000009,False,True
P,lbfs_Re300,75,0.010000000000000009,False,True
P,lbfs_Re300,76,0.030000000000000027,False,True
P,lbfs_Re300,76,0.030000000000000027,False,True
P,lbfs_Re300,76,0.010000000000000009,False,True
P,lbfs_Re300,77,0.010000000000000009,False,True
P,lbfs_Re300,77,0.04999999999999999,False,True
P,lbfs_Re300,77,0.06,False,True
P,lbfs_Re300,78,0.020000000000000018,False,True
P,lbfs_Re300,78,0.030000000000000027,False,True
P,lbfs_Re300,78,0.020000000000000018,False,True
P,lbfs_Re300,79,0.02999999999999997,False,True
P,lbfs_Re300,79,0.03999999999999998,False,True
P,lbfs_Re300,79,0.010000000000000009,False,True
P,lbfs_Re300,80,0.03999999999999998,False,True
P,lbfs_Re300,80,0.04999999999999999,False,True
P,lbfs_Re300,80,0.01999999999999999,False,True
P,lbfs_Re300,81,0.03999999999999998,False,True
P,lbfs_Re300,81,0.030000000000000027,False,True
P,lbfs_Re300,81,0.07,False,True
P,lbfs_Re300,82,0.04999999999999993,False,True
P,lbfs_Re300,82,0.019999999999999907,False,True
P,lbfs_Re300,82,0.03999999999999998,False,True
P,lbfs_Re300,83,0.010000000000000009,False,True
P,lbfs_Re300,83,0.02999999999999997,False,True
P,lbfs_Re300,83,0.02999999999999997,False,True
P,lbfs_Re300,84,0.03,False,True
P,lbfs_Re300,84,0.009999999999999998,False,True
P,lbfs_Re300,84,0.03,False,True
P,lbfs_Re300,85,0.040000000000000036,False,True
P,lbfs_Re300,85,0.04999999999999999,False,True
P,lbfs_Re300,85,0.04999999999999999,False,True
P,lbfs_Re300,86,0.01999999999999999,False,True
P,lbfs_Re300,86,0.019999999999999962,False,True
P,lbfs_Re300,86,0.01999999999999999,False,True
P,lbfs_Re300,87,0.08000000000000002,False,True
P,lbfs_Re300,87,0.030000000000000027,False,True
P,lbfs_Re300,87,0.04999999999999999,False,True
P,lbfs_Re300,88,0.030000000000000027,False,True
P,lbfs_Re300,88,0.030000000000000027,False,True
P,lbfs_Re300,88,0.010000000000000009,False,True
P,lbfs_Re300,89,0.030000000000000027,False,True
P,lbfs_Re300,89,0.020000000000000018,False,True
P,lbfs_Re300,89,0.020000000000000018,False,True
P,lbfs_Re300,90,0.019999999999999962,False,True
P,lbfs_Re300,90,0.010000000000000009,False,True
P,lbfs_Re300,90,0.010000000000000009,False,True
P,lbfs_Re300,91,0.010000000000000009,False,True
P,lbfs_Re300,91,0.010000000000000009,False,True
P,lbfs_Re300,91,0.020000000000000018,False,True
P,lbfs_Re300,92,0.020000000000000018,False,True
P,lbfs_Re300,92,0.02999999999999997,False,True
P,lbfs_Re300,92,0.04999999999999999,False,True
P,lbfs_Re300,93,0.010000000000000009,False,True
P,lbfs_Re300,93,0.019999999999999962,False,True
P,lbfs_Re300,93,0.02999999999999997,False,True
P,lbfs_Re300,94,0.030000000000000027,False,True
P,lbfs_Re300,94,0.010000000000000009,False,True
P,lbfs_Re300,94,0.040000000000000036,False,True
P,lbfs_Re300,95,0.04999999999999999,False,True
P,lbfs_Re300,95,0.04999999999999999,False,True
P,lbfs_Re300,95,0.010000000000000009,False,True
P,lbfs_Re300,96,0.040000000000000036,False,True
P,lbfs_Re300,96,0.04999999999999999,False,True
P,lbfs_Re300,96,0.010000000000000009,False,True
P,lbfs_Re300,97,0.020000000000000018,False,True
P,lbfs_Re300,97,0.019999999999999962,False,True
P,lbfs_Re300,97,0.03999999999999998,False,True
P,lbfs_Re300,98,0.06,False,True
P,lbfs_Re300,98,0.010000000000000009,False,True
P,lbfs_Re300,98,0.06,False,True
P,lbfs_Re300,99,0.04999999999999999,False,True
P,lbfs_Re300,99,0.07,False,True
P,lbfs_Re300,99,0.029999999999999916,False,True
P,lbfs_Re300,100,0.020000000000000018,False,True
P,lbfs_Re300,100,0.06,False,True
P,lbfs_Re300,100,0.08000000000000002,False,True
P,lbfs_Re300,101,0.010000000000000009,False,True
P,lbfs_Re300,101,0.03999999999999998,False,True
P,lbfs_Re300,101,0.02999999999999997,False,True
P,lbfs_Re300,102,0.020000000000000018,False,True
P,lbfs_Re300,102,0.02999999999999997,False,True
P,lbfs_Re300,102,0.020000000000000018,False,True
P,lbfs_Re300,103,0.03999999999999998,False,True
P,lbfs_Re300,103,0.04999999999999999,False,True
P,lbfs_Re300,103,0.010000000000000009,False,True
P,lbfs_Re300,104,0.010000000000000009,False,True
P,lbfs_Re300,104,0.04999999999999999,False,True
P,lbfs_Re300,104,0.03999999999999998,False,True
P,lbfs_Re300,105,0.010000000000000009,False,True
P,lbfs_Re300,105,0.030000000000000027,False,True
P,lbfs_Re300,105,0.020000000000000018,False,True
P,lbfs_Re300,106,0.010000000000000009,False,True
P,lbfs_Re300,106,0.030000000000000027,False,True
P,lbfs_Re300,106,0.020000000000000018,False,True
P,lbfs_Re300,107,0.020000000000000018,False,True
P,lbfs_Re300,107,0.010000000000000009,False,True
P,lbfs_Re300,107,0.02999999999999997,False,True
P,lbfs_Re300,108,0.020000000000000018,False,True
P,lbfs_Re300,108,0.020000000000000018,False,True
P,lbfs_Re300,108,0.020000000000000018,False,True
P,lbfs_Re300,109,0.010000000000000009,False,True
P,lbfs_Re300,109,0.020000000000000018,False,True
P,lbfs_Re300,109,0.010000000000000009,False,True
P,lbfs_Re300,110,0.010000000000000009,False,True
P,lbfs_Re300,110,0.010000000000000009,False,True
P,lbfs_Re300,110,0.020000000000000018,False,True
P,lbfs_Re300,111,0.030000000000000027,False,True
P,lbfs_Re300,111,0.06,False,True
P,lbfs_Re300,111,0.02999999999999997,False,True
P,lbfs_Re300,112,0.030000000000000027,False,True
P,lbfs_Re300,112,0.02999999999999997,False,True
P,lbfs_Re300,112,0.030000000000000027,False,True
P,lbfs_Re300,113,0.019999999999999907,False,True
P,lbfs_Re300,113,0.029999999999999916,False,True
P,lbfs_Re300,113,0.010000000000000009,False,True
P,lbfs_Re300,114,0.02999999999999997,False,True
P,lbfs_Re300,114,0.019999999999999962,False,True
P,lbfs_Re300,114,0.010000000000000009,False,True
P,lbfs_Re300,115,0.010000000000000009,False,True
P,lbfs_Re300,115,0.02999999999999997,False,True
P,lbfs_Re300,115,0.02999999999999997,False,True
P,lbfs_Re300,116,0.04999999999999999,False,True
P,lbfs_Re300,116,0.04999999999999999,False,True
P,lbfs_Re300,116,0.010000000000000009,False,True
P,lbfs_Re300,117,0.03999999999999998,False,True
P,lbfs_Re300,117,0.02999999999999997,False,True
P,lbfs_Re300,117,0.010000000000000009,False,True
P,lbfs_Re300,118,0.03999999999999998,False,True
P,lbfs_Re300,118,0.04999999999999999,False,True
P,lbfs_Re300,118,0.010000000000000009,False,True
P,lbfs_Re300,119,0.020000000000000018,False,True
P,lbfs_Re300,119,0.020000000000000018,False,True
P,lbfs_Re300,119,0.010000000000000009,False,True
P,lbfs_Re300,120,0.040000000000000036,False,True
P,lbfs_Re300,120,0.010000000000000009,False,True
P,lbfs_Re300,120,0.030000000000000027,False,True
P,lbfs_Re300,121,0.04999999999999999,False,True
P,lbfs_Re300,121,0.03999999999999998,False,True
P,lbfs_Re300,121,0.010000000000000009,False,True
P,lbfs_Re300,122,0.030000000000000027,False,True
P,lbfs_Re300,122,0.020000000000000018,False,True
P,lbfs_Re300,122,0.010000000000000009,False,True
P,lbfs_Re300,123,0.019999999999999907,False,True
P,lbfs_Re300,123,0.010000000000000009,False,True
P,lbfs_Re300,123,0.020000000000000018,False,True
P,lbfs_Re300,124,0.020000000000000018,False,True
P,lbfs_Re300,124,0.010000000000000009,False,True
P,lbfs_Re300,124,0.030000000000000027,False,True
P,lbfs_Re300,125,0.07,False,True
P,lbfs_Re300,125,0.019999999999999907,False,True
P,lbfs_Re300,125,0.07,False,True
P,lbfs_Re300,126,0.029999999999999916,False,True
P,lbfs_Re300,126,0.020000000000000018,False,True
P,lbfs_Re300,126,0.010000000000000009,False,True
P,lbfs_Re300,127,0.030000000000000027,False,True
P,lbfs_Re300,127,0.010000000000000009,False,True
P,lbfs_Re300,127,0.020000000000000018,False,True
P,lbfs_Re300,128,0.010000000000000009,False,True
P,lbfs_Re300,128,0.010000000000000009,False,True
P,lbfs_Re300,128,0.010000000000000009,False,True
P,lbfs_Re300,129,0.019999999999999962,False,True
P,lbfs_Re300,129,0.010000000000000009,False,True
P,lbfs_Re300,129,0.02999999999999997,False,True
P,lbfs_Re300,130,0.050000000000000044,False,True
P,lbfs_Re300,130,0.040000000000000036,False,True
P,lbfs_Re300,130,0.010000000000000009,False,True
P,lbfs_Re300,131,0.04999999999999999,False,True
P,lbfs_Re300,131,0.019999999999999962,False,True
P,lbfs_Re300,131,0.030000000000000027,False,True
P,lbfs_Re300,132,0.030000000000000027,False,True
P,lbfs_Re300,132,0.010000000000000009,False,True
P,lbfs_Re300,132,0.040000000000000036,False,True
P,lbfs_Re300,133,0.010000000000000009,False,True
P,lbfs_Re300,133,0.020000000000000018,False,True
P,lbfs_Re300,133,0.030000000000000027,False,True
P,lbfs_Re300,134,0.020000000000000018,False,True
P,lbfs_Re300,134,0.020000000000000018,False,True
P,lbfs_Re300,134,0.020000000000000018,False,True
P,lbfs_Re300,135,0.030000000000000027,False,True
P,lbfs_Re300,135,0.010000000000000009,False,True
P,lbfs_Re300,135,0.020000000000000018,False,True
P,lbfs_Re300,136,0.040000000000000036,False,True
P,lbfs_Re300,136,0.029999999999999916,False,True
P,lbfs_Re300,136,0.030000000000000027,False,True
P,lbfs_Re300,137,0.019999999999999907,False,True
P,lbfs_Re300,137,0.010000000000000009,False,True
P,lbfs_Re300,137,0.019999999999999962,False,True
P,lbfs_Re300,138,0.010000000000000009,False,True
P,lbfs_Re300,138,0.010000000000000009,False,True
P,lbfs_Re300,138,0.010000000000000009,False,True
P,lbfs_Re300,139,0.010000000000000009,False,True
P,lbfs_Re300,139,0.020000000000000018,False,True
P,lbfs_Re300,139,0.030000000000000027,False,True
P,lbfs_Re300,140,0.030000000000000027,False,True
P,lbfs_Re300,140,0.030000000000000027,False,True
P,lbfs_Re300,140,0.010000000000000009,False,True
P,lbfs_Re300,141,0.02999999999999997,False,True
P,lbfs_Re300,141,0.07,False,True
P,lbfs_Re300,141,0.040000000000000036,False,True
P,lbfs_Re300,142,0.06,False,True
P,lbfs_Re300,142,0.04999999999999999,False,True
P,lbfs_Re300,142,0.010000000000000009,False,True
P,lbfs_Re300,143,0.0,True,True
P,lbfs_Re300,143,0.010000000000000009,False,True
P,lbfs_Re300,143,0.010000000000000009,False,True
P,lbfs_Re300,144,0.020000000000000018,False,True
P,lbfs_Re300,144,0.010000000000000009,False,True
P,lbfs_Re300,144,0.010000000000000009,False,True
P,lbfs_Re300,145,0.030000000000000027,False,True
P,lbfs_Re300,145,0.020000000000000018,False,True
P,lbfs_Re300,145,0.010000000000000009,False,True
P,lbfs_Re300,146,0.020000000000000018,False,True
P,lbfs_Re300,146,0.010000000000000009,False,True
P,lbfs_Re300,146,0.030000000000000027,False,True
P,lbfs_Re300,147,0.030000000000000027,False,True
P,lbfs_Re300,147,0.010000000000000009,False,True
P,lbfs_Re300,147,0.030000000000000027,False,True
P,lbfs_Re300,148,0.04999999999999999,False,True
P,lbfs_Re300,148,0.03999999999999998,False,True
P,lbfs_Re300,148,0.010000000000000009,False,True
P,lbfs_Re300,149,0.010000000000000009,False,True
P,lbfs_Re300,149,0.03999999999999998,False,True
P,lbfs_Re300,149,0.02999999999999997,False,True
P,lbfs_Re300,150,0.030000000000000027,False,True
P,lbfs_Re300,150,0.04999999999999999,False,True
P,lbfs_Re300,150,0.019999999999999962,False,True
P,lbfs_Re300,151,0.030000000000000027,False,True
P,lbfs_Re300,151,0.010000000000000009,False,True
P,lbfs_Re300,151,0.020000000000000018,False,True
P,lbfs_Re300,152,0.030000000000000027,False,True
P,lbfs_Re300,152,0.020000000000000018,False,True
P,lbfs_Re300,152,0.020000000000000018,False,True
P,lbfs_Re300,153,0.04999999999999999,False,True
P,lbfs_Re300,153,0.06,False,True
P,lbfs_Re300,153,0.029999999999999916,False,True
P,lbfs_Re300,154,0.010000000000000009,False,True
P,lbfs_Re300,154,0.020000000000000018,False,True
P,lbfs_Re300,154,0.020000000000000018,False,True
P,lbfs_Re300,155,0.030000000000000027,False,True
P,lbfs_Re300,155,0.010000000000000009,False,True
P,lbfs_Re300,155,0.020000000000000018,False,True
P,lbfs_Re300,156,0.010000000000000009,False,True
P,lbfs_Re300,156,0.08000000000000002,False,True
P,lbfs_Re300,156,0.07,False,True
P,lbfs_Re300,157,0.010000000000000009,False,True
P,lbfs_Re300,157,0.03999999999999998,False,True
P,lbfs_Re300,157,0.02999999999999997,False,True
P,lbfs_Re400,0,0.010000000000000009,False,True
P,lbfs_Re400,0,0.060000000000000026,False,True
P,lbfs_Re400,0,0.05000000000000002,False,True
P,lbfs_Re400,1,0.019999999999999962,False,True
P,lbfs_Re400,1,0.06,False,True
P,lbfs_Re400,1,0.040000000000000036,False,True
P,lbfs_Re400,2,0.020000000000000018,False,True
P,lbfs_Re400,2,0.010000000000000009,False,True
P,lbfs_Re400,2,0.020000000000000018,False,True
P,lbfs_Re400,3,0.010000000000000009,False,True
P,lbfs_Re400,3,0.01999999999999999,False,True
P,lbfs_Re400,3,0.03,False,True
P,lbfs_Re400,4,0.020000000000000018,False,True
P,lbfs_Re400,4,0.0,True,True
P,lbfs_Re400,4,0.020000000000000018,False,True
P,lbfs_Re400,5,0.039999999999999925,False,True
P,lbfs_Re400,5,0.019999999999999907,False,True
P,lbfs_Re400,5,0.020000000000000018,False,True
P,lbfs_Re400,6,0.029999999999999916,False,True
P,lbfs_Re400,6,0.039999999999999925,False,True
P,lbfs_Re400,6,0.010000000000000009,False,True
P,lbfs_Re400,7,0.020000000000000018,False,True
P,lbfs_Re400,7,0.040000000000000036,False,True
P,lbfs_Re400,7,0.020000000000000018,False,True
P,lbfs_Re400,8,0.020000000000000018,False,True
P,lbfs_Re400,8,0.020000000000000018,False,True
P,lbfs_Re400,8,0.010000000000000009,False,True
P,lbfs_Re400,9,0.020000000000000018,False,True
P,lbfs_Re400,9,0.030000000000000027,False,True
P,lbfs_Re400,9,0.03999999999999998,False,True
P,lbfs_Re400,10,0.040000000000000036,False,True
P,lbfs_Re400,10,0.03999999999999998,False,True
P,lbfs_Re400,10,0.030000000000000027,False,True
P,lbfs_Re400,11,0.020000000000000018,False,True
P,lbfs_Re400,11,0.040000000000000036,False,True
P,lbfs_Re400,11,0.040000000000000036,False,True
P,lbfs_Re400,12,0.050000000000000044,False,True
P,lbfs_Re400,12,0.010000000000000009,False,True
P,lbfs_Re400,12,0.040000000000000036,False,True
P,lbfs_Re400,13,0.020000000000000018,False,True
P,lbfs_Re400,13,0.030000000000000027,False,True
P,lbfs_Re400,13,0.019999999999999907,False,True
P,lbfs_Re400,14,0.010000000000000009,False,True
P,lbfs_Re400,14,0.03999999999999998,False,True
P,lbfs_Re400,14,0.03999999999999998,False,True
P,lbfs_Re400,15,0.030000000000000027,False,True
P,lbfs_Re400,15,0.02999999999999997,False,True
P,lbfs_Re400,15,0.020000000000000018,False,True
P,lbfs_Re400,16,0.0,True,True
P,lbfs_Re400,16,0.040000000000000036,False,True
P,lbfs_Re400,16,0.040000000000000036,False,True
P,lbfs_Re400,17,0.04999999999999999,False,True
P,lbfs_Re400,17,0.03999999999999998,False,True
P,lbfs_Re400,17,0.010000000000000009,False,True
P,lbfs_Re400,18,0.050000000000000044,False,True
P,lbfs_Re400,18,0.020000000000000018,False,True
P,lbfs_Re400,18,0.030000000000000027,False,True
P,lbfs_Re400,19,0.019999999999999907,False,True
P,lbfs_Re400,19,0.010000000000000009,False,True
P,lbfs_Re400,19,0.010000000000000009,False,True
P,lbfs_Re400,20,0.040000000000000036,False,True
P,lbfs_Re400,20,0.010000000000000009,False,True
P,lbfs_Re400,20,0.03999999999999998,False,True
P,lbfs_Re400,21,0.08000000000000002,False,True
P,lbfs_Re400,21,0.039999999999999925,False,True
P,lbfs_Re400,21,0.06,False,True
P,lbfs_Re400,22,0.07,False,True
P,lbfs_Re400,22,0.030000000000000027,False,True
P,lbfs_Re400,22,0.03999999999999998,False,True
P,lbfs_Re400,23,0.02999999999999997,False,True
P,lbfs_Re400,23,0.04999999999999999,False,True
P,lbfs_Re400,23,0.020000000000000018,False,True
P,lbfs_Re400,24,0.06,False,True
P,lbfs_Re400,24,0.07,False,True
P,lbfs_Re400,24,0.010000000000000009,False,True
P,lbfs_Re400,25,0.07,False,True
P,lbfs_Re400,25,0.030000000000000027,False,True
P,lbfs_Re400,25,0.03999999999999998,False,True
P,lbfs_Re400,26,0.02999999999999997,False,True
P,lbfs_Re400,26,0.02999999999999997,False,True
P,lbfs_Re400,26,0.010000000000000002,False,True
P,lbfs_Re400,27,0.030000000000000027,False,True
P,lbfs_Re400,27,0.020000000000000018,False,True
P,lbfs_Re400,27,0.03999999999999998,False,True
P,lbfs_Re400,28,0.030000000000000027,False,True
P,lbfs_Re400,28,0.030000000000000027,False,True
P,lbfs_Re400,28,0.020000000000000018,False,True
P,lbfs_Re400,29,0.03999999999999998,False,True
P,lbfs_Re400,29,0.010000000000000009,False,True
P,lbfs_Re400,29,0.04999999999999999,False,True
P,lbfs_Re400,30,0.0,True,True
P,lbfs_Re400,30,0.010000000000000009,False,True
P,lbfs_Re400,30,0.010000000000000009,False,True
P,lbfs_Re400,31,0.019999999999999962,False,True
P,lbfs_Re400,31,0.02999999999999997,False,True
P,lbfs_Re400,31,0.020000000000000018,False,True
P,lbfs_Re400,32,0.03,False,True
P,lbfs_Re400,32,0.01999999999999999,False,True
P,lbfs_Re400,32,0.04999999999999999,False,True
P,lbfs_Re400,33,0.010000000000000009,False,True
P,lbfs_Re400,33,0.01999999999999999,False,True
P,lbfs_Re400,33,0.03,False,True
P,lbfs_Re400,34,0.04999999999999999,False,True
P,lbfs_Re400,34,0.02999999999999997,False,True
P,lbfs_Re400,34,0.020000000000000018,False,True
P,lbfs_Re400,35,0.010000000000000009,False,True
P,lbfs_Re400,35,0.010000000000000009,False,True
P,lbfs_Re400,35,0.019999999999999962,False,True
P,lbfs_Re400,36,0.020000000000000018,False,True
P,lbfs_Re400,36,0.030000000000000027,False,True
P,lbfs_Re400,36,0.040000000000000036,False,True
P,lbfs_Re400,37,0.020000000000000018,False,True
P,lbfs_Re400,37,0.010000000000000009,False,True
P,lbfs_Re400,37,0.020000000000000018,False,True
P,lbfs_Re400,38,0.010000000000000009,False,True
P,lbfs_Re400,38,0.020000000000000018,False,True
P,lbfs_Re400,38,0.020000000000000018,False,True
P,lbfs_Re400,39,0.01999999999999999,False,True
P,lbfs_Re400,39,0.020000000000000018,False,True
P,lbfs_Re400,39,0.010000000000000009,False,True
P,lbfs_Re400,40,0.03999999999999998,False,True
P,lbfs_Re400,40,0.08000000000000002,False,True
P,lbfs_Re400,40,0.040000000000000036,False,True
P,lbfs_Re400,41,0.02999999999999997,False,True
P,lbfs_Re400,41,0.08000000000000002,False,True
P,lbfs_Re400,41,0.050000000000000044,False,True
P,lbfs_Re400,42,0.10000000000000003,False,True
P,lbfs_Re400,42,0.07,False,True
P,lbfs_Re400,42,0.030000000000000027,False,True
P,lbfs_Re400,43,0.040000000000000036,False,True
P,lbfs_Re400,43,0.030000000000000027,False,True
P,lbfs_Re400,43,0.03,False,True
P,lbfs_Re400,44,0.07000000000000003,False,True
P,lbfs_Re400,44,0.060000000000000026,False,True
P,lbfs_Re400,44,0.010000000000000009,False,True
P,lbfs_Re400,45,0.02999999999999997,False,True
P,lbfs_Re400,45,0.030000000000000027,False,True
P,lbfs_Re400,45,0.06,False,True
P,lbfs_Re400,46,0.010000000000000009,False,True
P,lbfs_Re400,46,0.009999999999999953,False,True
P,lbfs_Re400,46,0.019999999999999962,False,True
P,lbfs_Re400,47,0.020000000000000018,False,True
P,lbfs_Re400,47,0.020000000000000018,False,True
P,lbfs_Re400,47,0.010000000000000009,False,True
P,lbfs_Re400,48,0.020000000000000018,False,True
P,lbfs_Re400,48,0.030000000000000027,False,True
P,lbfs_Re400,48,0.03,False,True
P,lbfs_Re400,49,0.010000000000000009,False,True
P,lbfs_Re400,49,0.010000000000000009,False,True
P,lbfs_Re400,49,0.020000000000000018,False,True
P,lbfs_Re400,50,0.020000000000000018,False,True
P,lbfs_Re400,50,0.020000000000000018,False,True
P,lbfs_Re400,50,0.010000000000000009,False,True
P,lbfs_Re400,51,0.020000000000000018,False,True
P,lbfs_Re400,51,0.010000000000000009,False,True
P,lbfs_Re400,51,0.010000000000000009,False,True
P,lbfs_Re400,52,0.030000000000000027,False,True
P,lbfs_Re400,52,0.020000000000000018,False,True
P,lbfs_Re400,52,0.030000000000000027,False,True
P,lbfs_Re400,53,0.02999999999999997,False,True
P,lbfs_Re400,53,0.010000000000000009,False,True
P,lbfs_Re400,53,0.03999999999999998,False,True
P,lbfs_Re400,54,0.040000000000000036,False,True
P,lbfs_Re400,54,0.040000000000000036,False,True
P,lbfs_Re400,54,0.08000000000000007,False,True
P,lbfs_Re400,55,0.06000000000000005,False,True
P,lbfs_Re400,55,0.06000000000000005,False,True
P,lbfs_Re400,55,0.01999999999999999,False,True
P,lbfs_Re400,56,0.04999999999999999,False,True
P,lbfs_Re400,56,0.04999999999999999,False,True
P,lbfs_Re400,56,0.020000000000000018,False,True
P,lbfs_Re400,57,0.040000000000000036,False,True
P,lbfs_Re400,57,0.08000000000000007,False,True
P,lbfs_Re400,57,0.040000000000000036,False,True
P,lbfs_Re400,58,0.010000000000000009,False,True
P,lbfs_Re400,58,0.010000000000000009,False,True
P,lbfs_Re400,58,0.01999999999999999,False,True
P,lbfs_Re400,59,0.050000000000000044,False,True
P,lbfs_Re400,59,0.040000000000000036,False,True
P,lbfs_Re400,59,0.020000000000000018,False,True
P,lbfs_Re400,60,0.020000000000000018,False,True
P,lbfs_Re400,60,0.030000000000000027,False,True
P,lbfs_Re400,60,0.020000000000000018,False,True
P,lbfs_Re400,61,0.030000000000000027,False,True
P,lbfs_Re400,61,0.06000000000000005,False,True
P,lbfs_Re400,61,0.07000000000000006,False,True
P,lbfs_Re400,62,0.030000000000000027,False,True
P,lbfs_Re400,62,0.020000000000000018,False,True
P,lbfs_Re400,62,0.03999999999999998,False,True
P,lbfs_Re400,63,0.06000000000000005,False,True
P,lbfs_Re400,63,0.020000000000000018,False,True
P,lbfs_Re400,63,0.040000000000000036,False,True
P,lbfs_Re400,64,0.030000000000000027,False,True
P,lbfs_Re400,64,0.03,False,True
P,lbfs_Re400,64,0.030000000000000027,False,True
P,lbfs_Re400,65,0.020000000000000018,False,True
P,lbfs_Re400,65,0.02999999999999997,False,True
P,lbfs_Re400,65,0.03999999999999998,False,True
P,lbfs_Re400,66,0.08000000000000007,False,True
P,lbfs_Re400,66,0.01999999999999999,False,True
P,lbfs_Re400,66,0.09000000000000008,False,True
P,lbfs_Re400,67,0.040000000000000036,False,True
P,lbfs_Re400,67,0.020000000000000018,False,True
P,lbfs_Re400,67,0.030000000000000027,False,True
P,lbfs_Re400,68,0.050000000000000044,False,True
P,lbfs_Re400,68,0.030000000000000027,False,True
P,lbfs_Re400,68,0.040000000000000036,False,True
P,lbfs_Re400,69,0.050000000000000044,False,True
P,lbfs_Re400,69,0.030000000000000027,False,True
P,lbfs_Re400,69,0.020000000000000018,False,True
P,lbfs_Re400,70,0.020000000000000018,False,True
P,lbfs_Re400,70,0.07000000000000006,False,True
P,lbfs_Re400,70,0.050000000000000044,False,True
P,lbfs_Re400,71,0.030000000000000027,False,True
P,lbfs_Re400,71,0.03999999999999998,False,True
P,lbfs_Re400,71,0.030000000000000027,False,True
P,lbfs_Re400,72,0.06,False,True
P,lbfs_Re400,72,0.04000000000000001,False,True
P,lbfs_Re400,72,0.01999999999999999,False,True
P,lbfs_Re400,73,0.030000000000000027,False,True
P,lbfs_Re400,73,0.020000000000000018,False,True
P,lbfs_Re400,73,0.010000000000000009,False,True
P,lbfs_Re400,74,0.010000000000000009,False,True
P,lbfs_Re400,74,0.040000000000000036,False,True
P,lbfs_Re400,74,0.030000000000000027,False,True
P,lbfs_Re400,75,0.03999999999999998,False,True
P,lbfs_Re400,75,0.06,False,True
P,lbfs_Re400,75,0.030000000000000027,False,True
P,lbfs_Re400,76,0.020000000000000018,False,True
P,lbfs_Re400,76,0.0,True,True
P,lbfs_Re400,76,0.020000000000000018,False,True
P,lbfs_Re400,77,0.020000000000000018,False,True
P,lbfs_Re400,77,0.020000000000000018,False,True
P,lbfs_Re400,77,0.009999999999999981,False,True
P,lbfs_Re400,78,0.020000000000000018,False,True
P,lbfs_Re400,78,0.02999999999999997,False,True
P,lbfs_Re400,78,0.04999999999999999,False,True
P,lbfs_Re400,79,0.020000000000000018,False,True
P,lbfs_Re400,79,0.01999999999999999,False,True
P,lbfs_Re400,79,0.010000000000000009,False,True
P,lbfs_Re400,80,0.01999999999999999,False,True
P,lbfs_Re400,80,0.020000000000000018,False,True
P,lbfs_Re400,80,0.020000000000000018,False,True
P,lbfs_Re400,81,0.04999999999999999,False,True
P,lbfs_Re400,81,0.029999999999999916,False,True
P,lbfs_Re400,81,0.03999999999999998,False,True
P,lbfs_Re400,82,0.020000000000000018,False,True
P,lbfs_Re400,82,0.020000000000000018,False,True
P,lbfs_Re400,82,0.010000000000000009,False,True
P,lbfs_Re400,83,0.010000000000000009,False,True
P,lbfs_Re400,83,0.030000000000000027,False,True
P,lbfs_Re400,83,0.03,False,True
P,lbfs_Re400,84,0.020000000000000018,False,True
P,lbfs_Re400,84,0.040000000000000036,False,True
P,lbfs_Re400,84,0.020000000000000018,False,True
P,lbfs_Re400,85,0.030000000000000027,False,True
P,lbfs_Re400,85,0.010000000000000009,False,True
P,lbfs_Re400,85,0.040000000000000036,False,True
P,lbfs_Re400,86,0.03999999999999998,False,True
P,lbfs_Re400,86,0.04999999999999999,False,True
P,lbfs_Re400,86,0.010000000000000009,False,True
P,lbfs_Re400,87,0.03,False,True
P,lbfs_Re400,87,0.01999999999999999,False,True
P,lbfs_Re400,87,0.010000000000000009,False,True
P,lbfs_Re400,88,0.010000000000000009,False,True
P,lbfs_Re400,88,0.020000000000000018,False,True
P,lbfs_Re400,88,0.020000000000000018,False,True
P,lbfs_Re400,89,0.04999999999999999,False,True
P,lbfs_Re400,89,0.03999999999999998,False,True
P,lbfs_Re400,89,0.010000000000000009,False,True
P,lbfs_Re400,90,0.02999999999999997,False,True
P,lbfs_Re400,90,0.030000000000000027,False,True
P,lbfs_Re400,90,0.040000000000000036,False,True
P,lbfs_Re400,91,0.040000000000000036,False,True
P,lbfs_Re400,91,0.009999999999999981,False,True
P,lbfs_Re400,91,0.040000000000000036,False,True
P,lbfs_Re400,92,0.030000000000000027,False,True
P,lbfs_Re400,92,0.010000000000000009,False,True
P,lbfs_Re400,92,0.04000000000000001,False,True
P,lbfs_Re400,93,0.02999999999999997,False,True
P,lbfs_Re400,93,0.03999999999999998,False,True
P,lbfs_Re400,93,0.030000000000000027,False,True
P,lbfs_Re400,94,0.04999999999999999,False,True
P,lbfs_Re400,94,0.010000000000000009,False,True
P,lbfs_Re400,94,0.03999999999999998,False,True
P,lbfs_Re400,95,0.010000000000000009,False,True
P,lbfs_Re400,95,0.020000000000000018,False,True
P,lbfs_Re400,95,0.030000000000000027,False,True
P,lbfs_Re400,96,0.010000000000000009,False,True
P,lbfs_Re400,96,0.010000000000000009,False,True
P,lbfs_Re400,96,0.020000000000000018,False,True
P,lbfs_Re400,97,0.030000000000000027,False,True
P,lbfs_Re400,97,0.06,False,True
P,lbfs_Re400,97,0.02999999999999997,False,True
P,lbfs_Re400,98,0.030000000000000027,False,True
P,lbfs_Re400,98,0.040000000000000036,False,True
P,lbfs_Re400,98,0.020000000000000018,False,True
P,lbfs_Re400,99,0.01999999999999999,False,True
P,lbfs_Re400,99,0.010000000000000009,False,True
P,lbfs_Re400,99,0.03,False,True
P,lbfs_Re400,100,0.040000000000000036,False,True
P,lbfs_Re400,100,0.040000000000000036,False,True
P,lbfs_Re400,100,0.020000000000000018,False,True
P,lbfs_Re400,101,0.020000000000000018,False,True
P,lbfs_Re400,101,0.02999999999999997,False,True
P,lbfs_Re400,101,0.03999999999999998,False,True
P,lbfs_Re400,102,0.04999999999999999,False,True
P,lbfs_Re400,102,0.03999999999999998,False,True
P,lbfs_Re400,102,0.010000000000000009,False,True
P,lbfs_Re400,103,0.040000000000000036,False,True
P,lbfs_Re400,103,0.030000000000000027,False,True
P,lbfs_Re400,103,0.010000000000000009,False,True
P,lbfs_Re400,104,0.020000000000000018,False,True
P,lbfs_Re400,104,0.07,False,True
P,lbfs_Re400,104,0.050000000000000044,False,True
P,lbfs_Re400,105,0.010000000000000009,False,True
P,lbfs_Re400,105,0.020000000000000018,False,True
P,lbfs_Re400,105,0.030000000000000027,False,True
P,lbfs_Re400,106,0.010000000000000009,False,True
P,lbfs_Re400,106,0.030000000000000027,False,True
P,lbfs_Re400,106,0.040000000000000036,False,True
P,lbfs_Re400,107,0.029999999999999916,False,True
P,lbfs_Re400,107,0.010000000000000009,False,True
P,lbfs_Re400,107,0.029999999999999916,False,True
P,lbfs_Re400,108,0.010000000000000009,False,True
P,lbfs_Re400,108,0.019999999999999962,False,True
P,lbfs_Re400,108,0.02999999999999997,False,True
P,lbfs_Re400,109,0.02999999999999997,False,True
P,lbfs_Re400,109,0.029999999999999916,False,True
P,lbfs_Re400,109,0.04999999999999993,False,True
P,lbfs_Re400,110,0.03,False,True
P,lbfs_Re400,110,0.030000000000000027,False,True
P,lbfs_Re400,110,0.010000000000000009,False,True
P,lbfs_Re400,111,0.020000000000000018,False,True
P,lbfs_Re400,111,0.020000000000000018,False,True
P,lbfs_Re400,111,0.020000000000000018,False,True
P,lbfs_Re400,112,0.029999999999999916,False,True
P,lbfs_Re400,112,0.029999999999999916,False,True
P,lbfs_Re400,112,0.03999999999999998,False,True
P,lbfs_Re400,113,0.0,True,True
P,lbfs_Re400,113,0.019999999999999907,False,True
P,lbfs_Re400,113,0.019999999999999907,False,True
P,lbfs_Re400,114,0.030000000000000027,False,True
P,lbfs_Re400,114,0.030000000000000027,False,True
P,lbfs_Re400,114,0.0,True,True
P,lbfs_Re400,115,0.03999999999999998,False,True
P,lbfs_Re400,115,0.02999999999999997,False,True
P,lbfs_Re400,115,0.010000000000000009,False,True
P,lbfs_Re400,116,0.040000000000000036,False,True
P,lbfs_Re400,116,0.020000000000000018,False,True
P,lbfs_Re400,116,0.030000000000000027,False,True
P,lbfs_Re400,117,0.04000000000000001,False,True
P,lbfs_Re400,117,0.05000000000000002,False,True
P,lbfs_Re400,117,0.010000000000000009,False,True
P,lbfs_Re400,118,0.019999999999999962,False,True
P,lbfs_Re400,118,0.029999999999999916,False,True
P,lbfs_Re400,118,0.02999999999999997,False,True
P,lbfs_Re400,119,0.020000000000000018,False,True
P,lbfs_Re400,119,0.04999999999999993,False,True
P,lbfs_Re400,119,0.06999999999999995,False,True
P,lbfs_Re400,120,0.030000000000000027,False,True
P,lbfs_Re400,120,0.019999999999999907,False,True
P,lbfs_Re400,120,0.020000000000000018,False,True
P,lbfs_Re400,121,0.010000000000000009,False,True
P,lbfs_Re400,121,0.030000000000000027,False,True
P,lbfs_Re400,121,0.02999999999999997,False,True
P,lbfs_Re400,122,0.030000000000000027,False,True
P,lbfs_Re400,122,0.04000000000000001,False,True
P,lbfs_Re400,122,0.01999999999999999,False,True
P,lbfs_Re400,123,0.010000000000000009,False,True
P,lbfs_Re400,123,0.010000000000000009,False,True
P,lbfs_Re400,123,0.020000000000000018,False,True
P,lbfs_Re400,124,0.03999999999999998,False,True
P,lbfs_Re400,124,0.07,False,True
P,lbfs_Re400,124,0.030000000000000027,False,True
P,lbfs_Re400,125,0.039999999999999925,False,True
P,lbfs_Re400,125,0.02999999999999997,False,True
P,lbfs_Re400,125,0.03999999999999998,False,True
P,lbfs_Re400,126,0.030000000000000027,False,True
P,lbfs_Re400,126,0.040000000000000036,False,True
P,lbfs_Re400,126,0.020000000000000018,False,True
P,lbfs_Re400,127,0.040000000000000036,False,True
P,lbfs_Re400,127,0.019999999999999962,False,True
P,lbfs_Re400,127,0.06,False,True
P,lbfs_Re400,128,0.010000000000000009,False,True
P,lbfs_Re400,128,0.020000000000000018,False,True
P,lbfs_Re400,128,0.010000000000000009,False,True
P,lbfs_Re400,129,0.010000000000000009,False,True
P,lbfs_Re400,129,0.020000000000000018,False,True
P,lbfs_Re400,129,0.010000000000000009,False,True
P,lbfs_Re400,130,0.030000000000000027,False,True
P,lbfs_Re400,130,0.019999999999999907,False,True
P,lbfs_Re400,130,0.020000000000000018,False,True
P,lbfs_Re400,131,0.02999999999999997,False,True
P,lbfs_Re400,131,0.010000000000000009,False,True
P,lbfs_Re400,131,0.030000000000000027,False,True
P,lbfs_Re400,132,0.0,True,True
P,lbfs_Re400,132,0.04999999999999999,False,True
P,lbfs_Re400,132,0.04999999999999999,False,True
P,lbfs_Re400,133,0.010000000000000009,False,True
P,lbfs_Re400,133,0.03999999999999998,False,True
P,lbfs_Re400,133,0.030000000000000027,False,True
P,lbfs_Re400,134,0.020000000000000018,False,True
P,lbfs_Re400,134,0.010000000000000009,False,True
P,lbfs_Re400,134,0.020000000000000018,False,True
P,lbfs_Re400,135,0.010000000000000009,False,True
P,lbfs_Re400,135,0.010000000000000009,False,True
P,lbfs_Re400,135,0.0,True,True
P,lbfs_Re400,136,0.020000000000000018,False,True
P,lbfs_Re400,136,0.020000000000000018,False,True
P,lbfs_Re400,136,0.020000000000000018,False,True
P,lbfs_Re400,137,0.04999999999999999,False,True
P,lbfs_Re400,137,0.020000000000000018,False,True
P,lbfs_Re400,137,0.02999999999999997,False,True
P,lbfs_Re400,138,0.030000000000000027,False,True
P,lbfs_Re400,138,0.020000000000000018,False,True
P,lbfs_Re400,138,0.04999999999999993,False,True
P,lbfs_Re400,139,0.04999999999999999,False,True
P,lbfs_Re400,139,0.02999999999999997,False,True
P,lbfs_Re400,139,0.020000000000000018,False,True
P,lbfs_Re400,140,0.030000000000000027,False,True
P,lbfs_Re400,140,0.020000000000000018,False,True
P,lbfs_Re400,140,0.01999999999999999,False,True
P,lbfs_Re400,141,0.040000000000000036,False,True
P,lbfs_Re400,141,0.040000000000000036,False,True
P,lbfs_Re400,141,0.029999999999999916,False,True
P,lbfs_Re400,142,0.010000000000000009,False,True
P,lbfs_Re400,142,0.04999999999999993,False,True
P,lbfs_Re400,142,0.04999999999999993,False,True
P,lbfs_Re400,143,0.029999999999999916,False,True
P,lbfs_Re400,143,0.029999999999999916,False,True
P,lbfs_Re400,143,0.030000000000000027,False,True
P,lbfs_Re400,144,0.02999999999999997,False,True
P,lbfs_Re400,144,0.02999999999999997,False,True
P,lbfs_Re400,144,0.010000000000000009,False,True
P,lbfs_Re400,145,0.020000000000000018,False,True
P,lbfs_Re400,145,0.020000000000000018,False,True
P,lbfs_Re400,145,0.0,True,True
P,lbfs_Re400,146,0.03,False,True
P,lbfs_Re400,146,0.029999999999999916,False,True
P,lbfs_Re400,146,0.01999999999999999,False,True
P,lbfs_Re400,147,0.030000000000000027,False,True
P,lbfs_Re400,147,0.010000000000000009,False,True
P,lbfs_Re400,147,0.030000000000000027,False,True
P,lbfs_Re400,148,0.010000000000000009,False,True
P,lbfs_Re400,148,0.009999999999999898,False,True
P,lbfs_Re400,148,0.010000000000000009,False,True
P,lbfs_Re400,149,0.010000000000000009,False,True
P,lbfs_Re400,149,0.010000000000000009,False,True
P,lbfs_Re400,149,0.010000000000000009,False,True
P,lbfs_Re400,150,0.020000000000000018,False,True
P,lbfs_Re400,150,0.02999999999999997,False,True
P,lbfs_Re400,150,0.02999999999999997,False,True
P,lbfs_Re400,151,0.02999999999999997,False,True
P,lbfs_Re400,151,0.010000000000000009,False,True
P,lbfs_Re400,151,0.019999999999999962,False,True
P,lbfs_Re400,152,0.010000000000000009,False,True
P,lbfs_Re400,152,0.020000000000000018,False,True
P,lbfs_Re400,152,0.010000000000000009,False,True
P,lbfs_Re400,153,0.020000000000000018,False,True
P,lbfs_Re400,153,0.020000000000000018,False,True
P,lbfs_Re400,153,0.019999999999999907,False,True
P,lbfs_Re400,154,0.010000000000000009,False,True
P,lbfs_Re400,154,0.019999999999999907,False,True
P,lbfs_Re400,154,0.029999999999999916,False,True
P,lbfs_Re400,155,0.019999999999999907,False,True
P,lbfs_Re400,155,0.04999999999999999,False,True
P,lbfs_Re400,155,0.040000000000000036,False,True
P,lbfs_Re400,156,0.040000000000000036,False,True
P,lbfs_Re400,156,0.030000000000000027,False,True
P,lbfs_Re400,156,0.010000000000000009,False,True
P,lbfs_Re400,157,0.03999999999999998,False,True
P,lbfs_Re400,157,0.029999999999999916,False,True
P,lbfs_Re400,157,0.030000000000000027,False,True
P,lbfs_Re400,158,0.010000000000000009,False,True
P,lbfs_Re400,158,0.0,True,True
P,lbfs_Re400,158,0.010000000000000009,False,True
P,lbfs_Re400,159,0.010000000000000009,False,True
P,lbfs_Re400,159,0.010000000000000009,False,True
P,lbfs_Re400,159,0.010000000000000009,False,True
P,lbfs_Re400,160,0.07,False,True
P,lbfs_Re400,160,0.039999999999999925,False,True
P,lbfs_Re400,160,0.06,False,True
P,lbfs_Re400,161,0.03999999999999998,False,True
P,lbfs_Re400,161,0.03999999999999998,False,True
P,lbfs_Re400,161,0.019999999999999907,False,True
P,lbfs_Re400,162,0.020000000000000018,False,True
P,lbfs_Re400,162,0.050000000000000044,False,True
P,lbfs_Re400,162,0.040000000000000036,False,True
P,lbfs_Re400,163,0.03999999999999998,False,True
P,lbfs_Re400,163,0.030000000000000027,False,True
P,lbfs_Re400,163,0.07,False,True
P,lbfs_Re400,164,0.029999999999999916,False,True
P,lbfs_Re400,164,0.010000000000000009,False,True
P,lbfs_Re400,164,0.029999999999999916,False,True
P,lbfs_Re400,165,0.03,False,True
P,lbfs_Re400,165,0.03,False,True
P,lbfs_Re400,165,0.0,True,True
P,lbfs_Re400,166,0.029999999999999916,False,True
P,lbfs_Re400,166,0.030000000000000027,False,True
P,lbfs_Re400,166,0.020000000000000018,False,True
P,lbfs_Re400,167,0.010000000000000009,False,True
P,lbfs_Re400,167,0.010000000000000009,False,True
P,lbfs_Re400,167,0.010000000000000009,False,True
P,lbfs_Re400,168,0.010000000000000009,False,True
P,lbfs_Re400,168,0.010000000000000009,False,True
P,lbfs_Re400,168,0.010000000000000009,False,True
P,lbfs_Re400,169,0.020000000000000018,False,True
P,lbfs_Re400,169,0.020000000000000018,False,True
P,lbfs_Re400,169,0.019999999999999907,False,True
P,lbfs_Re400,170,0.03,False,True
P,lbfs_Re400,170,0.030000000000000027,False,True
P,lbfs_Re400,170,0.04000000000000001,False,True
P,lbfs_Re400,171,0.01999999999999999,False,True
P,lbfs_Re400,171,0.029999999999999916,False,True
P,lbfs_Re400,171,0.020000000000000018,False,True
P,lbfs_Re400,172,0.03999999999999998,False,True
P,lbfs_Re400,172,0.030000000000000027,False,True
P,lbfs_Re400,172,0.02999999999999997,False,True
P,lbfs_Re400,173,0.02999999999999997,False,True
P,lbfs_Re400,173,0.019999999999999962,False,True
P,lbfs_Re400,173,0.039999999999999925,False,True
P,lbfs_Re400,174,0.019999999999999962,False,True
P,lbfs_Re400,174,0.010000000000000009,False,True
P,lbfs_Re400,174,0.02999999999999997,False,True
P,lbfs_Re400,175,0.029999999999999916,False,True
P,lbfs_Re400,175,0.029999999999999916,False,True
P,lbfs_Re400,175,0.010000000000000009,False,True
P,lbfs_Re400,176,0.04000000000000001,False,True
P,lbfs_Re400,176,0.020000000000000018,False,True
P,lbfs_Re400,176,0.01999999999999999,False,True
P,lbfs_Re400,177,0.03,False,True
P,lbfs_Re400,177,0.010000000000000009,False,True
P,lbfs_Re400,177,0.03,False,True
P,lbfs_Re400,178,0.030000000000000027,False,True
P,lbfs_Re400,178,0.03999999999999998,False,True
P,lbfs_Re400,178,0.039999999999999925,False,True
P,lbfs_Re400,179,0.04999999999999999,False,True
P,lbfs_Re400,179,0.04999999999999999,False,True
P,lbfs_Re400,179,0.020000000000000018,False,True
P,lbfs_Re400,180,0.04999999999999999,False,True
P,lbfs_Re400,180,0.020000000000000018,False,True
P,lbfs_Re400,180,0.06,False,True
P,lbfs_Re400,181,0.020000000000000018,False,True
P,lbfs_Re400,181,0.029999999999999916,False,True
P,lbfs_Re400,181,0.020000000000000018,False,True
P,lbfs_Re400,182,0.010000000000000009,False,True
P,lbfs_Re400,182,0.020000000000000018,False,True
P,lbfs_Re400,182,0.010000000000000009,False,True
P,lbfs_Re400,183,0.010000000000000009,False,True
P,lbfs_Re400,183,0.010000000000000009,False,True
P,lbfs_Re400,183,0.010000000000000009,False,True
P,lbfs_Re400,184,0.039999999999999925,False,True
P,lbfs_Re400,184,0.010000000000000009,False,True
P,lbfs_Re400,184,0.03999999999999998,False,True
P,lbfs_Re400,185,0.010000000000000009,False,True
P,lbfs_Re400,185,0.019999999999999962,False,True
P,lbfs_Re400,185,0.02999999999999997,False,True
P,lbfs_Re400,186,0.050000000000000044,False,True
P,lbfs_Re400,186,0.040000000000000036,False,True
P,lbfs_Re400,186,0.010000000000000009,False,True
P,lbfs_Re400,187,0.010000000000000009,False,True
P,lbfs_Re400,187,0.040000000000000036,False,True
P,lbfs_Re400,187,0.050000000000000044,False,True
P,lbfs_Re400,188,0.020000000000000018,False,True
P,lbfs_Re400,188,0.03,False,True
P,lbfs_Re400,188,0.03,False,True
P,lbfs_Re400,189,0.020000000000000018,False,True
P,lbfs_Re400,189,0.020000000000000018,False,True
P,lbfs_Re400,189,0.020000000000000018,False,True
P,lbfs_Re400,190,0.020000000000000018,False,True
P,lbfs_Re400,190,0.03999999999999998,False,True
P,lbfs_Re400,190,0.06,False,True
P,lbfs_Re400,191,0.029999999999999916,False,True
P,lbfs_Re400,191,0.019999999999999907,False,True
P,lbfs_Re400,191,0.010000000000000009,False,True
P,lbfs_Re400,192,0.010000000000000009,False,True
P,lbfs_Re400,192,0.010000000000000009,False,True
P,lbfs_Re400,192,0.010000000000000009,False,True
P,lbfs_Re400,193,0.02999999999999997,False,True
P,lbfs_Re400,193,0.029999999999999916,False,True
P,lbfs_Re400,193,0.020000000000000018,False,True
P,lbfs_Re400,194,0.03,False,True
P,lbfs_Re400,194,0.030000000000000027,False,True
P,lbfs_Re400,194,0.060000000000000026,False,True
P,lbfs_Re400,195,0.010000000000000009,False,True
P,lbfs_Re400,195,0.020000000000000018,False,True
P,lbfs_Re400,195,0.020000000000000018,False,True
P,lbfs_Re400,196,0.039999999999999925,False,True
P,lbfs_Re400,196,0.030000000000000027,False,True
P,lbfs_Re400,196,0.030000000000000027,False,True
P,lbfs_Re400,197,0.010000000000000009,False,True
P,lbfs_Re400,197,0.010000000000000009,False,True
P,lbfs_Re400,197,0.010000000000000009,False,True
P,lbfs_Re400,198,0.030000000000000027,False,True
P,lbfs_Re400,198,0.010000000000000009,False,True
P,lbfs_Re400,198,0.020000000000000018,False,True
P,lbfs_Re400,199,0.07,False,True
P,lbfs_Re400,199,0.030000000000000027,False,True
P,lbfs_Re400,199,0.03999999999999998,False,True
P,lbfs_Re400,200,0.04000000000000001,False,True
P,lbfs_Re400,200,0.019999999999999907,False,True
P,lbfs_Re400,200,0.03,False,True
P,lbfs_Re400,201,0.03,False,True
P,lbfs_Re400,201,0.009999999999999898,False,True
P,lbfs_Re400,201,0.03,False,True
P,lbfs_Re400,202,0.020000000000000018,False,True
P,lbfs_Re400,202,0.020000000000000018,False,True
P,lbfs_Re400,202,0.020000000000000018,False,True
P,lbfs_Re400,203,0.010000000000000009,False,True
P,lbfs_Re400,203,0.010000000000000009,False,True
P,lbfs_Re400,203,0.010000000000000009,False,True
P,lbfs_Re400,204,0.04999999999999999,False,True
P,lbfs_Re400,204,0.019999999999999962,False,True
P,lbfs_Re400,204,0.030000000000000027,False,True
P,lbfs_Re400,205,0.010000000000000009,False,True
P,lbfs_Re400,205,0.010000000000000009,False,True
P,lbfs_Re400,205,0.020000000000000018,False,True
P,lbfs_Re400,206,0.020000000000000018,False,True
P,lbfs_Re400,206,0.030000000000000027,False,True
P,lbfs_Re400,206,0.03,False,True
P,lbfs_Re400,207,0.029999999999999916,False,True
P,lbfs_Re400,207,0.010000000000000009,False,True
P,lbfs_Re400,207,0.019999999999999907,False,True
P,lbfs_Re400,208,0.07,False,True
P,lbfs_Re400,208,0.050000000000000044,False,True
P,lbfs_Re400,208,0.019999999999999962,False,True
P,lbfs_Re400,209,0.030000000000000027,False,True
P,lbfs_Re400,209,0.010000000000000009,False,True
P,lbfs_Re400,209,0.030000000000000027,False,True
P,lbfs_Re400,210,0.010000000000000009,False,True
P,lbfs_Re400,210,0.020000000000000018,False,True
P,lbfs_Re400,210,0.020000000000000018,False,True
P,lbfs_Re400,211,0.020000000000000018,False,True
P,lbfs_Re400,211,0.020000000000000018,False,True
P,lbfs_Re400,211,0.040000000000000036,False,True
P,lbfs_Re400,212,0.020000000000000018,False,True
P,lbfs_Re400,212,0.030000000000000027,False,True
P,lbfs_Re400,212,0.010000000000000009,False,True
P,lbfs_Re400,213,0.020000000000000018,False,True
P,lbfs_Re400,213,0.020000000000000018,False,True
P,lbfs_Re400,213,0.030000000000000027,False,True
P,lbfs_Re400,214,0.030000000000000027,False,True
P,lbfs_Re400,214,0.020000000000000018,False,True
P,lbfs_Re400,214,0.010000000000000009,False,True
P,lbfs_Re400,215,0.019999999999999962,False,True
P,lbfs_Re400,215,0.040000000000000036,False,True
P,lbfs_Re400,215,0.06,False,True
P,lbfs_Re400,216,0.07999999999999996,False,True
P,lbfs_Re400,216,0.02999999999999997,False,True
P,lbfs_Re400,216,0.04999999999999999,False,True
P,lbfs_Re400,217,0.03999999999999998,False,True
P,lbfs_Re400,217,0.04999999999999999,False,True
P,lbfs_Re400,217,0.08999999999999997,False,True
P,lbfs_Re400,218,0.010000000000000009,False,True
P,lbfs_Re400,218,0.010000000000000009,False,True
P,lbfs_Re400,218,0.020000000000000018,False,True
P,lbfs_Re400,219,0.019999999999999907,False,True
P,lbfs_Re400,219,0.01999999999999999,False,True
P,lbfs_Re400,219,0.010000000000000009,False,True
P,lbfs_Re400,220,0.04999999999999999,False,True
P,lbfs_Re400,220,0.019999999999999907,False,True
P,lbfs_Re400,220,0.06,False,True
P,lbfs_Re400,221,0.030000000000000027,False,True
P,lbfs_Re400,221,0.030000000000000027,False,True
P,lbfs_Re400,221,0.020000000000000018,False,True
P,lbfs_Re400,222,0.020000000000000018,False,True
P,lbfs_Re400,222,0.010000000000000009,False,True
P,lbfs_Re400,222,0.010000000000000009,False,True
P,lbfs_Re600,0,0.050000000000000044,False,True
P,lbfs_Re600,0,0.030000000000000027,False,True
P,lbfs_Re600,0,0.03999999999999998,False,True
P,lbfs_Re600,1,0.019999999999999907,False,True
P,lbfs_Re600,1,0.02999999999999997,False,True
P,lbfs_Re600,1,0.02999999999999997,False,True
P,lbfs_Re600,2,0.020000000000000018,False,True
P,lbfs_Re600,2,0.07,False,True
P,lbfs_Re600,2,0.04999999999999999,False,True
P,lbfs_Re600,3,0.010000000000000009,False,True
P,lbfs_Re600,3,0.020000000000000018,False,True
P,lbfs_Re600,3,0.010000000000000009,False,True
P,lbfs_Re600,4,0.020000000000000018,False,True
P,lbfs_Re600,4,0.020000000000000018,False,True
P,lbfs_Re600,4,0.010000000000000009,False,True
P,lbfs_Re600,5,0.010000000000000009,False,True
P,lbfs_Re600,5,0.020000000000000018,False,True
P,lbfs_Re600,5,0.010000000000000009,False,True
P,lbfs_Re600,6,0.020000000000000018,False,True
P,lbfs_Re600,6,0.009999999999999995,False,True
P,lbfs_Re600,6,0.020000000000000018,False,True
P,lbfs_Re600,7,0.010000000000000009,False,True
P,lbfs_Re600,7,0.010000000000000009,False,True
P,lbfs_Re600,7,0.0,True,True
P,lbfs_Re600,8,0.050000000000000044,False,True
P,lbfs_Re600,8,0.06,False,True
P,lbfs_Re600,8,0.010000000000000009,False,True
P,lbfs_Re600,9,0.09000000000000002,False,True
P,lbfs_Re600,9,0.09000000000000002,False,True
P,lbfs_Re600,9,0.010000000000000009,False,True
P,lbfs_Re600,10,0.01999999999999999,False,True
P,lbfs_Re600,10,0.01999999999999999,False,True
P,lbfs_Re600,10,0.03,False,True
P,lbfs_Re600,11,0.030000000000000027,False,True
P,lbfs_Re600,11,0.029999999999999916,False,True
P,lbfs_Re600,11,0.030000000000000027,False,True
P,lbfs_Re600,12,0.020000000000000018,False,True
P,lbfs_Re600,12,0.050000000000000044,False,True
P,lbfs_Re600,12,0.030000000000000027,False,True
P,lbfs_Re600,13,0.040000000000000036,False,True
P,lbfs_Re600,13,0.06,False,True
P,lbfs_Re600,13,0.030000000000000027,False,True
P,lbfs_Re600,14,0.04999999999999993,False,True
P,lbfs_Re600,14,0.030000000000000027,False,True
P,lbfs_Re600,14,0.030000000000000027,False,True
P,lbfs_Re600,15,0.020000000000000018,False,True
P,lbfs_Re600,15,0.020000000000000018,False,True
P,lbfs_Re600,15,0.020000000000000018,False,True
P,lbfs_Re600,16,0.08000000000000002,False,True
P,lbfs_Re600,16,0.06,False,True
P,lbfs_Re600,16,0.020000000000000018,False,True
P,lbfs_Re600,17,0.01999999999999999,False,True
P,lbfs_Re600,17,0.010000000000000009,False,True
P,lbfs_Re600,17,0.020000000000000018,False,True
P,lbfs_Re600,18,0.019999999999999962,False,True
P,lbfs_Re600,18,0.030000000000000027,False,True
P,lbfs_Re600,18,0.040000000000000036,False,True
P,lbfs_Re600,19,0.03,False,True
P,lbfs_Re600,19,0.03,False,True
P,lbfs_Re600,19,0.01999999999999999,False,True
P,lbfs_Re600,20,0.020000000000000018,False,True
P,lbfs_Re600,20,0.04999999999999999,False,True
P,lbfs_Re600,20,0.07,False,True
P,lbfs_Re600,21,0.03999999999999998,False,True
P,lbfs_Re600,21,0.03999999999999998,False,True
P,lbfs_Re600,21,0.07999999999999996,False,True
P,lbfs_Re600,22,0.04999999999999999,False,True
P,lbfs_Re600,22,0.010000000000000009,False,True
P,lbfs_Re600,22,0.03999999999999998,False,True
P,lbfs_Re600,23,0.03999999999999998,False,True
P,lbfs_Re600,23,0.04999999999999999,False,True
P,lbfs_Re600,23,0.010000000000000009,False,True
P,lbfs_Re600,24,0.08000000000000002,False,True
P,lbfs_Re600,24,0.010000000000000009,False,True
P,lbfs_Re600,24,0.08000000000000002,False,True
P,lbfs_Re600,25,0.030000000000000027,False,True
P,lbfs_Re600,25,0.009999999999999898,False,True
P,lbfs_Re600,25,0.030000000000000027,False,True
P,lbfs_Re600,26,0.010000000000000009,False,True
P,lbfs_Re600,26,0.010000000000000009,False,True
P,lbfs_Re600,26,0.010000000000000009,False,True
P,lbfs_Re600,27,0.020000000000000018,False,True
P,lbfs_Re600,27,0.010000000000000009,False,True
P,lbfs_Re600,27,0.020000000000000018,False,True
P,lbfs_Re600,28,0.019999999999999962,False,True
P,lbfs_Re600,28,0.030000000000000027,False,True
P,lbfs_Re600,28,0.04999999999999999,False,True
P,lbfs_Re600,29,0.03999999999999998,False,True
P,lbfs_Re600,29,0.01999999999999999,False,True
P,lbfs_Re600,29,0.01999999999999999,False,True
P,lbfs_Re600,30,0.020000000000000018,False,True
P,lbfs_Re600,30,0.02999999999999997,False,True
P,lbfs_Re600,30,0.04999999999999999,False,True
P,lbfs_Re600,31,0.02999999999999997,False,True
P,lbfs_Re600,31,0.02999999999999997,False,True
P,lbfs_Re600,31,0.020000000000000018,False,True
P,lbfs_Re600,32,0.019999999999999962,False,True
P,lbfs_Re600,32,0.029999999999999916,False,True
P,lbfs_Re600,32,0.020000000000000018,False,True
P,lbfs_Re600,33,0.019999999999999907,False,True
P,lbfs_Re600,33,0.010000000000000009,False,True
P,lbfs_Re600,33,0.019999999999999907,False,True
P,lbfs_Re600,34,0.010000000000000009,False,True
P,lbfs_Re600,34,0.0,True,True
P,lbfs_Re600,34,0.010000000000000009,False,True
P,lbfs_Re600,35,0.030000000000000027,False,True
P,lbfs_Re600,35,0.010000000000000009,False,True
P,lbfs_Re600,35,0.03999999999999998,False,True
P,lbfs_Re600,36,0.030000000000000027,False,True
P,lbfs_Re600,36,0.030000000000000027,False,True
P,lbfs_Re600,36,0.010000000000000009,False,True
P,lbfs_Re600,37,0.040000000000000036,False,True
P,lbfs_Re600,37,0.030000000000000027,False,True
P,lbfs_Re600,37,0.010000000000000009,False,True
P,lbfs_Re600,38,0.010000000000000009,False,True
P,lbfs_Re600,38,0.02999999999999997,False,True
P,lbfs_Re600,38,0.019999999999999962,False,True
P,lbfs_Re600,39,0.009999999999999953,False,True
P,lbfs_Re600,39,0.010000000000000009,False,True
P,lbfs_Re600,39,0.019999999999999962,False,True
P,lbfs_Re600,40,0.010000000000000009,False,True
P,lbfs_Re600,40,0.020000000000000018,False,True
P,lbfs_Re600,40,0.010000000000000009,False,True
P,lbfs_Re600,41,0.020000000000000018,False,True
P,lbfs_Re600,41,0.020000000000000018,False,True
P,lbfs_Re600,41,0.020000000000000018,False,True
P,lbfs_Re600,42,0.040000000000000036,False,True
P,lbfs_Re600,42,0.030000000000000027,False,True
P,lbfs_Re600,42,0.020000000000000018,False,True
P,lbfs_Re600,43,0.0,True,True
P,lbfs_Re600,43,0.04999999999999999,False,True
P,lbfs_Re600,43,0.04999999999999999,False,True
P,lbfs_Re600,44,0.030000000000000027,False,True
P,lbfs_Re600,44,0.030000000000000027,False,True
P,lbfs_Re600,44,0.030000000000000027,False,True
P,lbfs_Re600,45,0.030000000000000027,False,True
P,lbfs_Re600,45,0.0,True,True
P,lbfs_Re600,45,0.030000000000000027,False,True
P,lbfs_Re600,46,0.020000000000000018,False,True
P,lbfs_Re600,46,0.010000000000000009,False,True
P,lbfs_Re600,46,0.030000000000000027,False,True
P,lbfs_Re600,47,0.06,False,True
P,lbfs_Re600,47,0.050000000000000044,False,True
P,lbfs_Re600,47,0.010000000000000009,False,True
P,lbfs_Re600,48,0.010000000000000009,False,True
P,lbfs_Re600,48,0.020000000000000018,False,True
P,lbfs_Re600,48,0.020000000000000018,False,True
P,lbfs_Re600,49,0.04999999999999999,False,True
P,lbfs_Re600,49,0.010000000000000009,False,True
P,lbfs_Re600,49,0.06,False,True
P,lbfs_Re600,50,0.02999999999999997,False,True
P,lbfs_Re600,50,0.010000000000000009,False,True
P,lbfs_Re600,50,0.03999999999999998,False,True
P,lbfs_Re600,51,0.02999999999999997,False,True
P,lbfs_Re600,51,0.020000000000000018,False,True
P,lbfs_Re600,51,0.03999999999999998,False,True
P,lbfs_Re600,52,0.020000000000000018,False,True
P,lbfs_Re600,52,0.020000000000000018,False,True
P,lbfs_Re600,52,0.020000000000000018,False,True
P,lbfs_Re600,53,0.03999999999999998,False,True
P,lbfs_Re600,53,0.010000000000000009,False,True
P,lbfs_Re600,53,0.02999999999999997,False,True
P,lbfs_Re600,54,0.020000000000000018,False,True
P,lbfs_Re600,54,0.010000000000000009,False,True
P,lbfs_Re600,54,0.020000000000000018,False,True
P,lbfs_Re600,55,0.020000000000000018,False,True
P,lbfs_Re600,55,0.020000000000000018,False,True
P,lbfs_Re600,55,0.009999999999999953,False,True
P,lbfs_Re600,56,0.020000000000000018,False,True
P,lbfs_Re600,56,0.040000000000000036,False,True
P,lbfs_Re600,56,0.020000000000000018,False,True
P,lbfs_Re600,57,0.03999999999999998,False,True
P,lbfs_Re600,57,0.04999999999999999,False,True
P,lbfs_Re600,57,0.020000000000000018,False,True
P,lbfs_Re600,58,0.02999999999999997,False,True
P,lbfs_Re600,58,0.010000000000000009,False,True
P,lbfs_Re600,58,0.02999999999999997,False,True
P,lbfs_Re600,59,0.0,True,True
P,lbfs_Re600,59,0.019999999999999962,False,True
P,lbfs_Re600,59,0.019999999999999962,False,True
P,lbfs_Re600,60,0.019999999999999962,False,True
P,lbfs_Re600,60,0.020000000000000018,False,True
P,lbfs_Re600,60,0.010000000000000009,False,True
P,lbfs_Re600,61,0.03999999999999998,False,True
P,lbfs_Re600,61,0.010000000000000009,False,True
P,lbfs_Re600,61,0.04999999999999999,False,True
P,lbfs_Re600,62,0.010000000000000009,False,True
P,lbfs_Re600,62,0.030000000000000027,False,True
P,lbfs_Re600,62,0.020000000000000018,False,True
P,lbfs_Re600,63,0.010000000000000009,False,True
P,lbfs_Re600,63,0.030000000000000027,False,True
P,lbfs_Re600,63,0.020000000000000018,False,True
P,lbfs_Re600,64,0.020000000000000018,False,True
P,lbfs_Re600,64,0.02999999999999997,False,True
P,lbfs_Re600,64,0.04999999999999999,False,True
P,lbfs_Re600,65,0.030000000000000027,False,True
P,lbfs_Re600,65,0.040000000000000036,False,True
P,lbfs_Re600,65,0.010000000000000009,False,True
P,lbfs_Re600,66,0.020000000000000018,False,True
P,lbfs_Re600,66,0.020000000000000018,False,True
P,lbfs_Re600,66,0.010000000000000009,False,True
P,lbfs_Re600,67,0.04999999999999999,False,True
P,lbfs_Re600,67,0.020000000000000018,False,True
P,lbfs_Re600,67,0.07,False,True
P,lbfs_Re600,68,0.009999999999999898,False,True
P,lbfs_Re600,68,0.02999999999999997,False,True
P,lbfs_Re600,68,0.02999999999999997,False,True
P,lbfs_Re600,69,0.020000000000000018,False,True
P,lbfs_Re600,69,0.020000000000000018,False,True
P,lbfs_Re600,69,0.04000000000000001,False,True
P,lbfs_Re600,70,0.020000000000000018,False,True
P,lbfs_Re600,70,0.02999999999999997,False,True
P,lbfs_Re600,70,0.04999999999999999,False,True
P,lbfs_Re600,71,0.02999999999999997,False,True
P,lbfs_Re600,71,0.039999999999999925,False,True
P,lbfs_Re600,71,0.03999999999999998,False,True
P,lbfs_Re600,72,0.030000000000000027,False,True
P,lbfs_Re600,72,0.020000000000000018,False,True
P,lbfs_Re600,72,0.01999999999999999,False,True
P,lbfs_Re600,73,0.01999999999999999,False,True
P,lbfs_Re600,73,0.010000000000000009,False,True
P,lbfs_Re600,73,0.03,False,True
P,lbfs_Re600,74,0.07000000000000003,False,True
P,lbfs_Re600,74,0.11000000000000001,False,True
P,lbfs_Re600,74,0.03999999999999998,False,True
P,lbfs_Re600,75,0.010000000000000009,False,True
P,lbfs_Re600,75,0.010000000000000009,False,True
P,lbfs_Re600,75,0.009999999999999998,False,True
P,lbfs_Re600,76,0.019999999999999962,False,True
P,lbfs_Re600,76,0.03999999999999998,False,True
P,lbfs_Re600,76,0.020000000000000018,False,True
P,lbfs_Re600,77,0.020000000000000018,False,True
P,lbfs_Re600,77,0.020000000000000018,False,True
P,lbfs_Re600,77,0.020000000000000018,False,True
P,lbfs_Re600,78,0.010000000000000009,False,True
P,lbfs_Re600,78,0.030000000000000027,False,True
P,lbfs_Re600,78,0.040000000000000036,False,True
P,lbfs_Re600,79,0.030000000000000027,False,True
P,lbfs_Re600,79,0.030000000000000027,False,True
P,lbfs_Re600,79,0.010000000000000009,False,True
P,lbfs_Re600,80,0.02999999999999997,False,True
P,lbfs_Re600,80,0.010000000000000009,False,True
P,lbfs_Re600,80,0.02999999999999997,False,True
P,lbfs_Re600,81,0.03,False,True
P,lbfs_Re600,81,0.010000000000000009,False,True
P,lbfs_Re600,81,0.01999999999999999,False,True
P,lbfs_Re600,82,0.03999999999999998,False,True
P,lbfs_Re600,82,0.04000000000000001,False,True
P,lbfs_Re600,82,0.07999999999999999,False,True
P,lbfs_Re600,83,0.030000000000000027,False,True
P,lbfs_Re600,83,0.030000000000000027,False,True
P,lbfs_Re600,83,0.009999999999999995,False,True
P,lbfs_Re600,84,0.020000000000000018,False,True
P,lbfs_Re600,84,0.030000000000000027,False,True
P,lbfs_Re600,84,0.030000000000000027,False,True
P,lbfs_Re600,85,0.020000000000000018,False,True
P,lbfs_Re600,85,0.010000000000000009,False,True
P,lbfs_Re600,85,0.020000000000000018,False,True
P,lbfs_Re600,86,0.0,True,True
P,lbfs_Re600,86,0.010000000000000009,False,True
P,lbfs_Re600,86,0.010000000000000009,False,True
P,lbfs_Re600,87,0.01999999999999999,False,True
P,lbfs_Re600,87,0.05000000000000002,False,True
P,lbfs_Re600,87,0.030000000000000027,False,True
P,lbfs_Re600,88,0.020000000000000018,False,True
P,lbfs_Re600,88,0.009999999999999953,False,True
P,lbfs_Re600,88,0.02999999999999997,False,True
P,lbfs_Re600,89,0.010000000000000009,False,True
P,lbfs_Re600,89,0.010000000000000009,False,True
P,lbfs_Re600,89,0.010000000000000009,False,True
P,lbfs_Re600,90,0.010000000000000009,False,True
P,lbfs_Re600,90,0.010000000000000009,False,True
P,lbfs_Re600,90,0.009999999999999995,False,True
P,lbfs_Re600,91,0.030000000000000027,False,True
P,lbfs_Re600,91,0.020000000000000018,False,True
P,lbfs_Re600,91,0.03,False,True
P,lbfs_Re600,92,0.03999999999999998,False,True
P,lbfs_Re600,92,0.02999999999999997,False,True
P,lbfs_Re600,92,0.010000000000000009,False,True
P,lbfs_Re600,93,0.02999999999999997,False,True
P,lbfs_Re600,93,0.010000000000000009,False,True
P,lbfs_Re600,93,0.030000000000000027,False,True
P,lbfs_Re600,94,0.02999999999999997,False,True
P,lbfs_Re600,94,0.020000000000000018,False,True
P,lbfs_Re600,94,0.009999999999999953,False,True
P,lbfs_Re600,95,0.04999999999999999,False,True
P,lbfs_Re600,95,0.010000000000000009,False,True
P,lbfs_Re600,95,0.03999999999999998,False,True
P,lbfs_Re600,96,0.010000000000000009,False,True
P,lbfs_Re600,96,0.020000000000000018,False,True
P,lbfs_Re600,96,0.010000000000000009,False,True
P,lbfs_Re600,97,0.06,False,True
P,lbfs_Re600,97,0.02999999999999997,False,True
P,lbfs_Re600,97,0.030000000000000027,False,True
P,lbfs_Re600,98,0.020000000000000018,False,True
P,lbfs_Re600,98,0.010000000000000009,False,True
P,lbfs_Re600,98,0.010000000000000009,False,True
P,lbfs_Re600,99,0.04999999999999999,False,True
P,lbfs_Re600,99,0.020000000000000018,False,True
P,lbfs_Re600,99,0.030000000000000027,False,True
P,lbfs_Re600,100,0.08999999999999997,False,True
P,lbfs_Re600,100,0.02999999999999997,False,True
P,lbfs_Re600,100,0.06,False,True
P,lbfs_Re600,101,0.040000000000000036,False,True
P,lbfs_Re600,101,0.040000000000000036,False,True
P,lbfs_Re600,101,0.010000000000000009,False,True
P,lbfs_Re600,102,0.030000000000000027,False,True
P,lbfs_Re600,102,0.020000000000000018,False,True
P,lbfs_Re600,102,0.04999999999999999,False,True
P,lbfs_Re600,103,0.020000000000000018,False,True
P,lbfs_Re600,103,0.04999999999999999,False,True
P,lbfs_Re600,103,0.02999999999999997,False,True
P,lbfs_Re600,104,0.019999999999999962,False,True
P,lbfs_Re600,104,0.06,False,True
P,lbfs_Re600,104,0.07999999999999996,False,True
P,lbfs_Re600,105,0.010000000000000009,False,True
P,lbfs_Re600,105,0.04999999999999999,False,True
P,lbfs_Re600,105,0.03999999999999998,False,True
P,lbfs_Re600,106,0.0,True,True
P,lbfs_Re600,106,0.019999999999999962,False,True
P,lbfs_Re600,106,0.019999999999999962,False,True
P,lbfs_Re600,107,0.04999999999999999,False,True
P,lbfs_Re600,107,0.06,False,True
P,lbfs_Re600,107,0.010000000000000009,False,True
P,lbfs_Re600,108,0.02999999999999997,False,True
P,lbfs_Re600,108,0.04999999999999999,False,True
P,lbfs_Re600,108,0.020000000000000018,False,True
P,lbfs_Re600,109,0.030000000000000027,False,True
P,lbfs_Re600,109,0.010000000000000009,False,True
P,lbfs_Re600,109,0.020000000000000018,False,True
P,lbfs_Re600,110,0.029999999999999916,False,True
P,lbfs_Re600,110,0.04999999999999999,False,True
P,lbfs_Re600,110,0.06,False,True
P,lbfs_Re600,111,0.010000000000000009,False,True
P,lbfs_Re600,111,0.020000000000000018,False,True
P,lbfs_Re600,111,0.030000000000000027,False,True
P,lbfs_Re600,112,0.03,False,True
P,lbfs_Re600,112,0.030000000000000027,False,True
P,lbfs_Re600,112,0.020000000000000018,False,True
P,lbfs_Re600,113,0.030000000000000027,False,True
P,lbfs_Re600,113,0.030000000000000027,False,True
P,lbfs_Re600,113,0.010000000000000009,False,True
P,lbfs_Re600,114,0.030000000000000027,False,True
P,lbfs_Re600,114,0.050000000000000044,False,True
P,lbfs_Re600,114,0.02999999999999997,False,True
P,lbfs_Re600,115,0.010000000000000009,False,True
P,lbfs_Re600,115,0.020000000000000018,False,True
P,lbfs_Re600,115,0.020000000000000018,False,True
P,lbfs_Re600,116,0.010000000000000009,False,True
P,lbfs_Re600,116,0.05999999999999994,False,True
P,lbfs_Re600,116,0.04999999999999993,False,True
P,lbfs_Re600,117,0.030000000000000027,False,True
P,lbfs_Re600,117,0.039999999999999925,False,True
P,lbfs_Re600,117,0.030000000000000027,False,True
P,lbfs_Re600,118,0.020000000000000018,False,True
P,lbfs_Re600,118,0.040000000000000036,False,True
P,lbfs_Re600,118,0.04999999999999999,False,True
P,lbfs_Re600,119,0.020000000000000018,False,True
P,lbfs_Re600,119,0.019999999999999907,False,True
P,lbfs_Re600,119,0.039999999999999925,False,True
P,lbfs_Re600,120,0.020000000000000018,False,True
P,lbfs_Re600,120,0.030000000000000027,False,True
P,lbfs_Re600,120,0.010000000000000009,False,True
P,lbfs_Re600,121,0.020000000000000018,False,True
P,lbfs_Re600,121,0.020000000000000018,False,True
P,lbfs_Re600,121,0.040000000000000036,False,True
P,lbfs_Re600,122,0.020000000000000018,False,True
P,lbfs_Re600,122,0.030000000000000027,False,True
P,lbfs_Re600,122,0.030000000000000027,False,True
P,lbfs_Re600,123,0.04999999999999999,False,True
P,lbfs_Re600,123,0.02999999999999997,False,True
P,lbfs_Re600,123,0.020000000000000018,False,True
P,lbfs_Re600,124,0.029999999999999916,False,True
P,lbfs_Re600,124,0.039999999999999925,False,True
P,lbfs_Re600,124,0.010000000000000009,False,True
P,lbfs_Re600,125,0.020000000000000018,False,True
P,lbfs_Re600,125,0.030000000000000027,False,True
P,lbfs_Re600,125,0.010000000000000009,False,True
P,lbfs_Re600,126,0.020000000000000018,False,True
P,lbfs_Re600,126,0.030000000000000027,False,True
P,lbfs_Re600,126,0.020000000000000018,False,True
P,lbfs_Re600,127,0.020000000000000018,False,True
P,lbfs_Re600,127,0.04000000000000001,False,True
P,lbfs_Re600,127,0.020000000000000018,False,True
P,lbfs_Re600,128,0.03,False,True
P,lbfs_Re600,128,0.010000000000000009,False,True
P,lbfs_Re600,128,0.030000000000000027,False,True
P,lbfs_Re600,129,0.030000000000000027,False,True
P,lbfs_Re600,129,0.020000000000000018,False,True
P,lbfs_Re600,129,0.050000000000000044,False,True
P,lbfs_Re600,130,0.010000000000000009,False,True
P,lbfs_Re600,130,0.03999999999999998,False,True
P,lbfs_Re600,130,0.02999999999999997,False,True
P,lbfs_Re600,131,0.020000000000000018,False,True
P,lbfs_Re600,131,0.010000000000000009,False,True
P,lbfs_Re600,131,0.030000000000000027,False,True
P,lbfs_Re600,132,0.020000000000000018,False,True
P,lbfs_Re600,132,0.010000000000000009,False,True
P,lbfs_Re600,132,0.030000000000000027,False,True
P,lbfs_Re600,133,0.010000000000000009,False,True
P,lbfs_Re600,133,0.030000000000000027,False,True
P,lbfs_Re600,133,0.020000000000000018,False,True
P,lbfs_Re600,134,0.010000000000000009,False,True
P,lbfs_Re600,134,0.029999999999999916,False,True
P,lbfs_Re600,134,0.02999999999999997,False,True
P,lbfs_Re600,135,0.040000000000000036,False,True
P,lbfs_Re600,135,0.010000000000000009,False,True
P,lbfs_Re600,135,0.030000000000000027,False,True
P,lbfs_Re600,136,0.010000000000000009,False,True
P,lbfs_Re600,136,0.010000000000000009,False,True
P,lbfs_Re600,136,0.010000000000000009,False,True
P,lbfs_Re600,137,0.05000000000000002,False,True
P,lbfs_Re600,137,0.01999999999999999,False,True
P,lbfs_Re600,137,0.030000000000000027,False,True
P,lbfs_Re600,138,0.04999999999999999,False,True
P,lbfs_Re600,138,0.010000000000000009,False,True
P,lbfs_Re600,138,0.03999999999999998,False,True
P,lbfs_Re600,139,0.020000000000000018,False,True
P,lbfs_Re600,139,0.020000000000000018,False,True
P,lbfs_Re600,139,0.02999999999999997,False,True
P,lbfs_Re600,140,0.030000000000000027,False,True
P,lbfs_Re600,140,0.039999999999999925,False,True
P,lbfs_Re600,140,0.04999999999999999,False,True
P,lbfs_Re600,141,0.010000000000000002,False,True
P,lbfs_Re600,141,0.010000000000000009,False,True
P,lbfs_Re600,141,0.010000000000000009,False,True
P,lbfs_Re600,142,0.04999999999999999,False,True
P,lbfs_Re600,142,0.019999999999999962,False,True
P,lbfs_Re600,142,0.030000000000000027,False,True
P,lbfs_Re600,143,0.030000000000000027,False,True
P,lbfs_Re600,143,0.02999999999999997,False,True
P,lbfs_Re600,143,0.06,False,True
P,lbfs_Re600,144,0.010000000000000002,False,True
P,lbfs_Re600,144,0.02999999999999997,False,True
P,lbfs_Re600,144,0.02999999999999997,False,True
P,lbfs_Re600,145,0.04000000000000001,False,True
P,lbfs_Re600,145,0.010000000000000009,False,True
P,lbfs_Re600,145,0.030000000000000027,False,True
P,lbfs_Re600,146,0.010000000000000009,False,True
P,lbfs_Re600,146,0.010000000000000009,False,True
P,lbfs_Re600,146,0.010000000000000009,False,True
P,lbfs_Re600,147,0.06,False,True
P,lbfs_Re600,147,0.06,False,True
P,lbfs_Re600,147,0.030000000000000027,False,True
P,lbfs_Re600,148,0.029999999999999916,False,True
P,lbfs_Re600,148,0.010000000000000009,False,True
P,lbfs_Re600,148,0.030000000000000027,False,True
P,lbfs_Re600,149,0.04999999999999999,False,True
P,lbfs_Re600,149,0.030000000000000027,False,True
P,lbfs_Re600,149,0.029999999999999916,False,True
P,lbfs_Re600,150,0.010000000000000009,False,True
P,lbfs_Re600,150,0.040000000000000036,False,True
P,lbfs_Re600,150,0.030000000000000027,False,True
P,lbfs_Re600,151,0.03999999999999998,False,True
P,lbfs_Re600,151,0.010000000000000009,False,True
P,lbfs_Re600,151,0.02999999999999997,False,True
P,lbfs_Re600,152,0.019999999999999907,False,True
P,lbfs_Re600,152,0.040000000000000036,False,True
P,lbfs_Re600,152,0.050000000000000044,False,True
P,lbfs_Re600,153,0.030000000000000027,False,True
P,lbfs_Re600,153,0.019999999999999962,False,True
P,lbfs_Re600,153,0.04999999999999999,False,True
P,lbfs_Re600,154,0.010000000000000009,False,True
P,lbfs_Re600,154,0.030000000000000027,False,True
P,lbfs_Re600,154,0.040000000000000036,False,True
P,lbfs_Re600,155,0.020000000000000018,False,True
P,lbfs_Re600,155,0.01999999999999999,False,True
P,lbfs_Re600,155,0.01999999999999999,False,True
P,lbfs_Re600,156,0.09000000000000002,False,True
P,lbfs_Re600,156,0.020000000000000018,False,True
P,lbfs_Re600,156,0.07,False,True
P,lbfs_Re600,157,0.04999999999999999,False,True
P,lbfs_Re600,157,0.010000000000000009,False,True
P,lbfs_Re600,157,0.06,False,True
P,lbfs_Re600,158,0.029999999999999916,False,True
P,lbfs_Re600,158,0.019999999999999962,False,True
P,lbfs_Re600,158,0.020000000000000018,False,True
P,lbfs_Re600,159,0.010000000000000009,False,True
P,lbfs_Re600,159,0.030000000000000027,False,True
P,lbfs_Re600,159,0.03999999999999998,False,True
P,lbfs_Re600,160,0.019999999999999907,False,True
P,lbfs_Re600,160,0.029999999999999916,False,True
P,lbfs_Re600,160,0.010000000000000009,False,True
P,lbfs_Re600,161,0.030000000000000027,False,True
P,lbfs_Re600,161,0.02999999999999997,False,True
P,lbfs_Re600,161,0.06,False,True
P,lbfs_Re600,162,0.020000000000000018,False,True
P,lbfs_Re600,162,0.02999999999999997,False,True
P,lbfs_Re600,162,0.02999999999999997,False,True
P,lbfs_Re600,163,0.010000000000000009,False,True
P,lbfs_Re600,163,0.010000000000000009,False,True
P,lbfs_Re600,163,0.010000000000000009,False,True
P,lbfs_Re600,164,0.01999999999999999,False,True
P,lbfs_Re600,164,0.010000000000000009,False,True
P,lbfs_Re600,164,0.010000000000000009,False,True
P,lbfs_Re600,165,0.030000000000000027,False,True
P,lbfs_Re600,165,0.040000000000000036,False,True
P,lbfs_Re600,165,0.010000000000000009,False,True
P,lbfs_Re600,166,0.009999999999999953,False,True
P,lbfs_Re600,166,0.04999999999999999,False,True
P,lbfs_Re600,166,0.040000000000000036,False,True
P,lbfs_Re600,167,0.02999999999999997,False,True
P,lbfs_Re600,167,0.010000000000000009,False,True
P,lbfs_Re600,167,0.019999999999999962,False,True
P,lbfs_Re600,168,0.010000000000000009,False,True
P,lbfs_Re600,168,0.020000000000000018,False,True
P,lbfs_Re600,168,0.030000000000000027,False,True
P,lbfs_Re600,169,0.08000000000000002,False,True
P,lbfs_Re600,169,0.04999999999999999,False,True
P,lbfs_Re600,169,0.030000000000000027,False,True
P,lbfs_Re600,170,0.019999999999999962,False,True
P,lbfs_Re600,170,0.030000000000000027,False,True
P,lbfs_Re600,170,0.030000000000000027,False,True
P,lbfs_Re600,171,0.030000000000000027,False,True
P,lbfs_Re600,171,0.020000000000000018,False,True
P,lbfs_Re600,171,0.050000000000000044,False,True
P,lbfs_Re600,172,0.030000000000000027,False,True
P,lbfs_Re600,172,0.030000000000000027,False,True
P,lbfs_Re600,172,0.030000000000000027,False,True
P,lbfs_Re600,173,0.03,False,True
P,lbfs_Re600,173,0.010000000000000009,False,True
P,lbfs_Re600,173,0.03,False,True
P,lbfs_Re600,174,0.039999999999999925,False,True
P,lbfs_Re600,174,0.039999999999999925,False,True
P,lbfs_Re600,174,0.0,True,True
P,lbfs_Re600,175,0.03999999999999998,False,True
P,lbfs_Re600,175,0.029999999999999916,False,True
P,lbfs_Re600,175,0.039999999999999925,False,True
P,lbfs_Re600,176,0.030000000000000027,False,True
P,lbfs_Re600,176,0.020000000000000018,False,True
P,lbfs_Re600,176,0.020000000000000018,False,True
P,lbfs_Re600,177,0.020000000000000018,False,True
P,lbfs_Re600,177,0.010000000000000009,False,True
P,lbfs_Re600,177,0.029999999999999916,False,True
P,lbfs_Re600,178,0.030000000000000027,False,True
P,lbfs_Re600,178,0.030000000000000027,False,True
P,lbfs_Re600,178,0.020000000000000018,False,True
P,lbfs_Re600,179,0.020000000000000018,False,True
P,lbfs_Re600,179,0.019999999999999962,False,True
P,lbfs_Re600,179,0.03999999999999998,False,True
P,lbfs_Re600,180,0.040000000000000036,False,True
P,lbfs_Re600,180,0.040000000000000036,False,True
P,lbfs_Re600,180,0.010000000000000009,False,True
P,lbfs_Re600,181,0.010000000000000009,False,True
P,lbfs_Re600,181,0.010000000000000009,False,True
P,lbfs_Re600,181,0.010000000000000009,False,True
P,lbfs_Re600,182,0.010000000000000009,False,True
P,lbfs_Re600,182,0.020000000000000018,False,True
P,lbfs_Re600,182,0.020000000000000018,False,True
P,lbfs_Re600,183,0.010000000000000009,False,True
P,lbfs_Re600,183,0.020000000000000018,False,True
P,lbfs_Re600,183,0.020000000000000018,False,True
P,lbfs_Re600,184,0.07,False,True
P,lbfs_Re600,184,0.04999999999999999,False,True
P,lbfs_Re600,184,0.020000000000000018,False,True
P,lbfs_Re600,185,0.04999999999999999,False,True
P,lbfs_Re600,185,0.02999999999999997,False,True
P,lbfs_Re600,185,0.039999999999999925,False,True
P,lbfs_Re600,186,0.07999999999999996,False,True
P,lbfs_Re600,186,0.02999999999999997,False,True
P,lbfs_Re600,186,0.04999999999999999,False,True
P,lbfs_Re600,187,0.040000000000000036,False,True
P,lbfs_Re600,187,0.030000000000000027,False,True
P,lbfs_Re600,187,0.020000000000000018,False,True
P,lbfs_Re600,188,0.06,False,True
P,lbfs_Re600,188,0.04999999999999999,False,True
P,lbfs_Re600,188,0.010000000000000009,False,True
P,lbfs_Re600,189,0.02999999999999997,False,True
P,lbfs_Re600,189,0.06,False,True
P,lbfs_Re600,189,0.030000000000000027,False,True
P,lbfs_Re600,190,0.030000000000000027,False,True
P,lbfs_Re600,190,0.040000000000000036,False,True
P,lbfs_Re600,190,0.030000000000000027,False,True
P,lbfs_Re600,191,0.020000000000000018,False,True
P,lbfs_Re600,191,0.020000000000000018,False,True
P,lbfs_Re600,191,0.040000000000000036,False,True
P,lbfs_Re600,192,0.010000000000000009,False,True
P,lbfs_Re600,192,0.039999999999999925,False,True
P,lbfs_Re600,192,0.039999999999999925,False,True
P,lbfs_Re600,193,0.050000000000000044,False,True
P,lbfs_Re600,193,0.020000000000000018,False,True
P,lbfs_Re600,193,0.040000000000000036,False,True
P,lbfs_Re600,194,0.030000000000000027,False,True
P,lbfs_Re600,194,0.030000000000000027,False,True
P,lbfs_Re600,194,0.04999999999999993,False,True
P,lbfs_Re600,195,0.010000000000000009,False,True
P,lbfs_Re600,195,0.030000000000000027,False,True
P,lbfs_Re600,195,0.020000000000000018,False,True
P,lbfs_Re600,196,0.02999999999999997,False,True
P,lbfs_Re600,196,0.06999999999999995,False,True
P,lbfs_Re600,196,0.03999999999999998,False,True
P,lbfs_Re600,197,0.02999999999999997,False,True
P,lbfs_Re600,197,0.02999999999999997,False,True
P,lbfs_Re600,197,0.029999999999999916,False,True
P,lbfs_Re600,198,0.07,False,True
P,lbfs_Re600,198,0.010000000000000009,False,True
P,lbfs_Re600,198,0.06,False,True
P,lbfs_Re600,199,0.010000000000000009,False,True
P,lbfs_Re600,199,0.01999999999999999,False,True
P,lbfs_Re600,199,0.010000000000000009,False,True
P,lbfs_Re600,200,0.010000000000000009,False,True
P,lbfs_Re600,200,0.01999999999999999,False,True
P,lbfs_Re600,200,0.010000000000000009,False,True
P,lbfs_Re600,201,0.030000000000000027,False,True
P,lbfs_Re600,201,0.06,False,True
P,lbfs_Re600,201,0.02999999999999997,False,True
P,lbfs_Re600,202,0.020000000000000018,False,True
P,lbfs_Re600,202,0.030000000000000027,False,True
P,lbfs_Re600,202,0.010000000000000009,False,True
P,lbfs_Re600,203,0.019999999999999907,False,True
P,lbfs_Re600,203,0.03999999999999998,False,True
P,lbfs_Re600,203,0.04999999999999999,False,True
P,lbfs_Re600,204,0.07999999999999996,False,True
P,lbfs_Re600,204,0.06999999999999995,False,True
P,lbfs_Re600,204,0.029999999999999916,False,True
P,lbfs_Re600,205,0.02999999999999997,False,True
P,lbfs_Re600,205,0.039999999999999925,False,True
P,lbfs_Re600,205,0.029999999999999916,False,True
P,lbfs_Re600,206,0.010000000000000009,False,True
P,lbfs_Re600,206,0.03999999999999998,False,True
P,lbfs_Re600,206,0.02999999999999997,False,True
P,lbfs_Re600,207,0.03999999999999998,False,True
P,lbfs_Re600,207,0.03999999999999998,False,True
P,lbfs_Re600,207,0.0,True,True
P,lbfs_Re600,208,0.020000000000000018,False,True
P,lbfs_Re600,208,0.020000000000000018,False,True
P,lbfs_Re600,208,0.020000000000000018,False,True
P,lbfs_Re600,209,0.020000000000000018,False,True
P,lbfs_Re600,209,0.01999999999999999,False,True
P,lbfs_Re600,209,0.03,False,True
P,lbfs_Re600,210,0.06,False,True
P,lbfs_Re600,210,0.07,False,True
P,lbfs_Re600,210,0.010000000000000009,False,True
P,lbfs_Re600,211,0.04999999999999999,False,True
P,lbfs_Re600,211,0.04999999999999999,False,True
P,lbfs_Re600,211,0.029999999999999916,False,True
P,lbfs_Re600,212,0.019999999999999962,False,True
P,lbfs_Re600,212,0.010000000000000009,False,True
P,lbfs_Re600,212,0.010000000000000009,False,True
P,lbfs_Re600,213,0.030000000000000027,False,True
P,lbfs_Re600,213,0.030000000000000027,False,True
P,lbfs_Re600,213,0.020000000000000018,False,True
P,lbfs_Re600,214,0.039999999999999925,False,True
P,lbfs_Re600,214,0.039999999999999925,False,True
P,lbfs_Re600,214,0.010000000000000009,False,True
P,lbfs_Re600,215,0.030000000000000027,False,True
P,lbfs_Re600,215,0.040000000000000036,False,True
P,lbfs_Re600,215,0.06999999999999995,False,True
P,lbfs_Re600,216,0.030000000000000027,False,True
P,lbfs_Re600,216,0.02999999999999997,False,True
P,lbfs_Re600,216,0.030000000000000027,False,True
P,lbfs_Re600,217,0.03,False,True
P,lbfs_Re600,217,0.010000000000000009,False,True
P,lbfs_Re600,217,0.04000000000000001,False,True
P,lbfs_Re600,218,0.010000000000000009,False,True
P,lbfs_Re600,218,0.020000000000000018,False,True
P,lbfs_Re600,218,0.020000000000000018,False,True
P,lbfs_Re600,219,0.010000000000000009,False,True
P,lbfs_Re600,219,0.009999999999999953,False,True
P,lbfs_Re600,219,0.010000000000000009,False,True
P,lbfs_Re600,220,0.020000000000000018,False,True
P,lbfs_Re600,220,0.010000000000000009,False,True
P,lbfs_Re600,220,0.019999999999999962,False,True
P,lbfs_Re600,221,0.03999999999999998,False,True
P,lbfs_Re600,221,0.02999999999999997,False,True
P,lbfs_Re600,221,0.019999999999999907,False,True
P,lbfs_Re600,222,0.030000000000000027,False,True
P,lbfs_Re600,222,0.030000000000000027,False,True
P,lbfs_Re600,222,0.010000000000000009,False,True
P,lbfs_Re600,223,0.02999999999999997,False,True
P,lbfs_Re600,223,0.030000000000000027,False,True
P,lbfs_Re600,223,0.020000000000000018,False,True
P,lbfs_Re600,224,0.030000000000000027,False,True
P,lbfs_Re600,224,0.010000000000000009,False,True
P,lbfs_Re600,224,0.030000000000000027,False,True
P,lbfs_Re600,225,0.04999999999999999,False,True
P,lbfs_Re600,225,0.07,False,True
P,lbfs_Re600,225,0.020000000000000018,False,True
P,lbfs_Re600,226,0.04999999999999999,False,True
P,lbfs_Re600,226,0.04999999999999999,False,True
P,lbfs_Re600,226,0.030000000000000027,False,True
P,lbfs_Re600,227,0.03,False,True
P,lbfs_Re600,227,0.0,True,True
P,lbfs_Re600,227,0.03,False,True
P,lbfs_Re600,228,0.010000000000000009,False,True
P,lbfs_Re600,228,0.030000000000000027,False,True
P,lbfs_Re600,228,0.020000000000000018,False,True
P,lbfs_Re600,229,0.010000000000000002,False,True
P,lbfs_Re600,229,0.010000000000000009,False,True
P,lbfs_Re600,229,0.010000000000000009,False,True
P,lbfs_Re600,230,0.02999999999999997,False,True
P,lbfs_Re600,230,0.010000000000000009,False,True
P,lbfs_Re600,230,0.02999999999999997,False,True
P,lbfs_Re600,231,0.020000000000000018,False,True
P,lbfs_Re600,231,0.020000000000000018,False,True
P,lbfs_Re600,231,0.010000000000000009,False,True
P,lbfs_Re600,232,0.040000000000000036,False,True
P,lbfs_Re600,232,0.019999999999999962,False,True
P,lbfs_Re600,232,0.06,False,True
P,lbfs_Re600,233,0.020000000000000018,False,True
P,lbfs_Re600,233,0.010000000000000009,False,True
P,lbfs_Re600,233,0.030000000000000027,False,True
P,lbfs_Re600,234,0.03999999999999998,False,True
P,lbfs_Re600,234,0.06,False,True
P,lbfs_Re600,234,0.020000000000000018,False,True
P,lbfs_Re600,235,0.06,False,True
P,lbfs_Re600,235,0.03999999999999998,False,True
P,lbfs_Re600,235,0.029999999999999916,False,True
P,lbfs_Re600,236,0.010000000000000009,False,True
P,lbfs_Re600,236,0.01999999999999999,False,True
P,lbfs_Re600,236,0.020000000000000018,False,True
P,lbfs_Re600,237,0.03,False,True
P,lbfs_Re600,237,0.020000000000000018,False,True
P,lbfs_Re600,237,0.020000000000000018,False,True
P,lbfs_Re600,238,0.06,False,True
P,lbfs_Re600,238,0.04999999999999999,False,True
P,lbfs_Re600,238,0.030000000000000027,False,True
P,lbfs_Re600,239,0.010000000000000009,False,True
P,lbfs_Re600,239,0.010000000000000009,False,True
P,lbfs_Re600,239,0.010000000000000009,False,True
P,lbfs_Re600,240,0.03999999999999998,False,True
P,lbfs_Re600,240,0.020000000000000018,False,True
P,lbfs_Re600,240,0.02999999999999997,False,True
P,lbfs_Re600,241,0.029999999999999916,False,True
P,lbfs_Re600,241,0.04999999999999999,False,True
P,lbfs_Re600,241,0.07,False,True
P,lbfs_Re600,242,0.06,False,True
P,lbfs_Re600,242,0.0,True,True
P,lbfs_Re600,242,0.06,False,True
P,lbfs_Re600,243,0.030000000000000027,False,True
P,lbfs_Re600,243,0.020000000000000018,False,True
P,lbfs_Re600,243,0.010000000000000009,False,True
P,lbfs_Re600,244,0.019999999999999907,False,True
P,lbfs_Re600,244,0.020000000000000018,False,True
P,lbfs_Re600,244,0.020000000000000018,False,True
P,lbfs_Re600,245,0.04000000000000001,False,True
P,lbfs_Re600,245,0.03,False,True
P,lbfs_Re600,245,0.020000000000000018,False,True
P,lbfs_Re600,246,0.03,False,True
P,lbfs_Re600,246,0.029999999999999916,False,True
P,lbfs_Re600,246,0.04999999999999999,False,True
P,lbfs_Re600,247,0.04999999999999999,False,True
P,lbfs_Re600,247,0.030000000000000027,False,True
P,lbfs_Re600,247,0.04999999999999999,False,True
P,lbfs_Re600,248,0.020000000000000018,False,True
P,lbfs_Re600,248,0.020000000000000018,False,True
P,lbfs_Re600,248,0.010000000000000009,False,True
P,lbfs_Re600,249,0.029999999999999916,False,True
P,lbfs_Re600,249,0.04999999999999999,False,True
P,lbfs_Re600,249,0.06,False,True
P,lbfs_Re600,250,0.010000000000000009,False,True
P,lbfs_Re600,250,0.03999999999999998,False,True
P,lbfs_Re600,250,0.04999999999999999,False,True
P,lbfs_Re600,251,0.040000000000000036,False,True
P,lbfs_Re600,251,0.06,False,True
P,lbfs_Re600,251,0.019999999999999962,False,True
P,lbfs_Re600,252,0.019999999999999962,False,True
P,lbfs_Re600,252,0.019999999999999962,False,True
P,lbfs_Re600,252,0.010000000000000009,False,True
P,lbfs_Re600,253,0.039999999999999925,False,True
P,lbfs_Re600,253,0.039999999999999925,False,True
P,lbfs_Re600,253,0.020000000000000018,False,True
P,lbfs_Re600,254,0.020000000000000018,False,True
P,lbfs_Re600,254,0.040000000000000036,False,True
P,lbfs_Re600,254,0.040000000000000036,False,True
P,lbfs_Re600,255,0.010000000000000009,False,True
P,lbfs_Re600,255,0.010000000000000009,False,True
P,lbfs_Re600,255,0.010000000000000009,False,True
P,lbfs_Re600,256,0.01999999999999999,False,True
P,lbfs_Re600,256,0.020000000000000018,False,True
P,lbfs_Re600,256,0.020000000000000018,False,True
P,lbfs_Re600,257,0.019999999999999962,False,True
P,lbfs_Re600,257,0.07999999999999996,False,True
P,lbfs_Re600,257,0.06,False,True
P,lbfs_Re600,258,0.010000000000000009,False,True
P,lbfs_Re600,258,0.03999999999999998,False,True
P,lbfs_Re600,258,0.04999999999999999,False,True
P,lbfs_Re600,259,0.030000000000000027,False,True
P,lbfs_Re600,259,0.029999999999999916,False,True
P,lbfs_Re600,259,0.030000000000000027,False,True
P,lbfs_Re600,260,0.029999999999999916,False,True
P,lbfs_Re600,260,0.030000000000000027,False,True
P,lbfs_Re600,260,0.04999999999999999,False,True
P,lbfs_Re600,261,0.02999999999999997,False,True
P,lbfs_Re600,261,0.06,False,True
P,lbfs_Re600,261,0.030000000000000027,False,True
P,lbfs_Re600,262,0.010000000000000009,False,True
P,lbfs_Re600,262,0.039999999999999925,False,True
P,lbfs_Re600,262,0.04999999999999993,False,True
P,lbfs_Re600,263,0.03999999999999998,False,True
P,lbfs_Re600,263,0.020000000000000018,False,True
P,lbfs_Re600,263,0.02999999999999997,False,True
P,lbfs_Re600,264,0.020000000000000018,False,True
P,lbfs_Re600,264,0.03,False,True
P,lbfs_Re600,264,0.029999999999999916,False,True
P,lbfs_Re600,265,0.01999999999999999,False,True
P,lbfs_Re600,265,0.03,False,True
P,lbfs_Re600,265,0.010000000000000009,False,True
P,lbfs_Re600,266,0.030000000000000027,False,True
P,lbfs_Re600,266,0.010000000000000009,False,True
P,lbfs_Re600,266,0.020000000000000018,False,True
P,lbfs_Re600,267,0.039999999999999925,False,True
P,lbfs_Re600,267,0.040000000000000036,False,True
P,lbfs_Re600,267,0.04999999999999993,False,True
P,lbfs_Re600,268,0.02999999999999997,False,True
P,lbfs_Re600,268,0.029999999999999916,False,True
P,lbfs_Re600,268,0.03999999999999998,False,True
P,lbfs_Re600,269,0.04999999999999999,False,True
P,lbfs_Re600,269,0.010000000000000009,False,True
P,lbfs_Re600,269,0.04999999999999999,False,True
P,lbfs_Re600,270,0.0,True,True
P,lbfs_Re600,270,0.009999999999999953,False,True
P,lbfs_Re600,270,0.009999999999999953,False,True
P,lbfs_Re600,271,0.030000000000000027,False,True
P,lbfs_Re600,271,0.030000000000000027,False,True
P,lbfs_Re600,271,0.019999999999999907,False,True
P,lbfs_Re600,272,0.010000000000000009,False,True
P,lbfs_Re600,272,0.020000000000000018,False,True
P,lbfs_Re600,272,0.010000000000000009,False,True
P,lbfs_Re600,273,0.03,False,True
P,lbfs_Re600,273,0.029999999999999916,False,True
P,lbfs_Re600,273,0.03,False,True
P,lbfs_Re600,274,0.03,False,True
P,lbfs_Re600,274,0.020000000000000018,False,True
P,lbfs_Re600,274,0.01999999999999999,False,True
P,lbfs_Re600,275,0.02999999999999997,False,True
P,lbfs_Re600,275,0.020000000000000018,False,True
P,lbfs_Re600,275,0.039999999999999925,False,True
P,lbfs_Re600,276,0.019999999999999962,False,True
P,lbfs_Re600,276,0.010000000000000009,False,True
P,lbfs_Re600,276,0.02999999999999997,False,True
P,lbfs_Re600,277,0.030000000000000027,False,True
P,lbfs_Re600,277,0.030000000000000027,False,True
P,lbfs_Re600,277,0.010000000000000009,False,True
P,lbfs_Re600,278,0.040000000000000036,False,True
P,lbfs_Re600,278,0.050000000000000044,False,True
P,lbfs_Re600,278,0.010000000000000009,False,True
P,lbfs_Re600,279,0.040000000000000036,False,True
P,lbfs_Re600,279,0.040000000000000036,False,True
P,lbfs_Re600,279,0.010000000000000009,False,True
P,lbfs_Re600,280,0.030000000000000027,False,True
P,lbfs_Re600,280,0.010000000000000009,False,True
P,lbfs_Re600,280,0.020000000000000018,False,True
P,lbfs_Re600,281,0.029999999999999916,False,True
P,lbfs_Re600,281,0.020000000000000018,False,True
P,lbfs_Re600,281,0.019999999999999907,False,True
P,lbfs_Re600,282,0.04999999999999993,False,True
P,lbfs_Re600,282,0.04999999999999993,False,True
P,lbfs_Re600,282,0.030000000000000027,False,True
P,lbfs_Re600,283,0.010000000000000009,False,True
P,lbfs_Re600,283,0.010000000000000009,False,True
P,lbfs_Re600,283,0.020000000000000018,False,True
P,lbfs_Re600,284,0.03,False,True
P,lbfs_Re600,284,0.01999999999999999,False,True
P,lbfs_Re600,284,0.010000000000000009,False,True
P,lbfs_Re600,285,0.020000000000000018,False,True
P,lbfs_Re600,285,0.04999999999999999,False,True
P,lbfs_Re600,285,0.02999999999999997,False,True
P,lbfs_Re600,286,0.06,False,True
P,lbfs_Re600,286,0.04999999999999999,False,True
P,lbfs_Re600,286,0.010000000000000009,False,True
P,lbfs_Re600,287,0.030000000000000027,False,True
P,lbfs_Re600,287,0.019999999999999907,False,True
P,lbfs_Re600,287,0.03999999999999998,False,True
P,lbfs_Re600,288,0.019999999999999907,False,True
P,lbfs_Re600,288,0.020000000000000018,False,True
P,lbfs_Re600,288,0.010000000000000009,False,True
P,lbfs_Re600,289,0.020000000000000018,False,True
P,lbfs_Re600,289,0.019999999999999907,False,True
P,lbfs_Re600,289,0.020000000000000018,False,True
P,lbfs_Re600,290,0.010000000000000009,False,True
P,lbfs_Re600,290,0.019999999999999907,False,True
P,lbfs_Re600,290,0.029999999999999916,False,True
P,lbfs_Re600,291,0.010000000000000009,False,True
P,lbfs_Re600,291,0.010000000000000009,False,True
P,lbfs_Re600,291,0.019999999999999907,False,True
P,lbfs_Re600,292,0.01999999999999999,False,True
P,lbfs_Re600,292,0.010000000000000009,False,True
P,lbfs_Re600,292,0.03,False,True
P,lbfs_Re600,293,0.020000000000000018,False,True
P,lbfs_Re600,293,0.020000000000000018,False,True
P,lbfs_Re600,293,0.020000000000000018,False,True
P,lbfs_Re600,294,0.010000000000000009,False,True
P,lbfs_Re600,294,0.010000000000000009,False,True
P,lbfs_Re600,294,0.010000000000000009,False,True
P,lbfs_Re600,295,0.020000000000000018,False,True
P,lbfs_Re600,295,0.030000000000000027,False,True
P,lbfs_Re600,295,0.010000000000000009,False,True
P,lbfs_Re600,296,0.04999999999999999,False,True
P,lbfs_Re600,296,0.010000000000000009,False,True
P,lbfs_Re600,296,0.04999999999999999,False,True
P,lbfs_Re600,297,0.010000000000000009,False,True
P,lbfs_Re600,297,0.030000000000000027,False,True
P,lbfs_Re600,297,0.029999999999999916,False,True
P,lbfs_Re600,298,0.010000000000000009,False,True
P,lbfs_Re600,298,0.020000000000000018,False,True
P,lbfs_Re600,298,0.020000000000000018,False,True
P,lbfs_Re600,299,0.050000000000000044,False,True
P,lbfs_Re600,299,0.040000000000000036,False,True
P,lbfs_Re600,299,0.020000000000000018,False,True
P,lbfs_Re600,300,0.04999999999999999,False,True
P,lbfs_Re600,300,0.039999999999999925,False,True
P,lbfs_Re600,300,0.030000000000000027,False,True
P,lbfs_Re600,301,0.030000000000000027,False,True
P,lbfs_Re600,301,0.04000000000000001,False,True
P,lbfs_Re600,301,0.04999999999999999,False,True
P,lbfs_Re600,302,0.020000000000000018,False,True
P,lbfs_Re600,302,0.030000000000000027,False,True
P,lbfs_Re600,302,0.01999999999999999,False,True
P,lbfs_Re600,303,0.02999999999999997,False,True
P,lbfs_Re600,303,0.020000000000000018,False,True
P,lbfs_Re600,303,0.04999999999999999,False,True
P,lbfs_Re600,304,0.010000000000000009,False,True
P,lbfs_Re600,304,0.019999999999999907,False,True
P,lbfs_Re600,304,0.019999999999999907,False,True
P,lbfs_Re600,305,0.040000000000000036,False,True
P,lbfs_Re600,305,0.030000000000000027,False,True
P,lbfs_Re600,305,0.030000000000000027,False,True
P,lbfs_Re600,306,0.010000000000000009,False,True
P,lbfs_Re600,306,0.040000000000000036,False,True
P,lbfs_Re600,306,0.040000000000000036,False,True
P,lbfs_Re600,307,0.03999999999999998,False,True
P,lbfs_Re600,307,0.019999999999999907,False,True
P,lbfs_Re600,307,0.02999999999999997,False,True
P,lbfs_Re600,308,0.010000000000000009,False,True
P,lbfs_Re600,308,0.040000000000000036,False,True
P,lbfs_Re600,308,0.030000000000000027,False,True
P,lbfs_Re600,309,0.04999999999999999,False,True
P,lbfs_Re600,309,0.030000000000000027,False,True
P,lbfs_Re600,309,0.019999999999999962,False,True
P,lbfs_Re600,310,0.030000000000000027,False,True
P,lbfs_Re600,310,0.010000000000000009,False,True
P,lbfs_Re600,310,0.030000000000000027,False,True
P,lbfs_Re600,311,0.020000000000000018,False,True
P,lbfs_Re600,311,0.01999999999999999,False,True
P,lbfs_Re600,311,0.010000000000000009,False,True
P,lbfs_Re600,312,0.02999999999999997,False,True
P,lbfs_Re600,312,0.07,False,True
P,lbfs_Re600,312,0.040000000000000036,False,True
P,lbfs_Re600,313,0.040000000000000036,False,True
P,lbfs_Re600,313,0.02999999999999997,False,True
P,lbfs_Re600,313,0.07,False,True
P,lbfs_Re600,314,0.07,False,True
P,lbfs_Re600,314,0.03999999999999998,False,True
P,lbfs_Re600,314,0.030000000000000027,False,True
P,lbfs_Re800,0,0.030000000000000027,False,True
P,lbfs_Re800,0,0.040000000000000036,False,True
P,lbfs_Re800,0,0.010000000000000009,False,True
P,lbfs_Re800,1,0.03999999999999998,False,True
P,lbfs_Re800,1,0.010000000000000009,False,True
P,lbfs_Re800,1,0.02999999999999997,False,True
P,lbfs_Re800,2,0.03999999999999998,False,True
P,lbfs_Re800,2,0.04999999999999999,False,True
P,lbfs_Re800,2,0.010000000000000009,False,True
P,lbfs_Re800,3,0.020000000000000018,False,True
P,lbfs_Re800,3,0.030000000000000027,False,True
P,lbfs_Re800,3,0.050000000000000044,False,True
P,lbfs_Re800,4,0.020000000000000018,False,True
P,lbfs_Re800,4,0.010000000000000009,False,True
P,lbfs_Re800,4,0.030000000000000027,False,True
P,lbfs_Re800,5,0.010000000000000002,False,True
P,lbfs_Re800,5,0.010000000000000009,False,True
P,lbfs_Re800,5,0.010000000000000009,False,True
P,lbfs_Re800,6,0.020000000000000018,False,True
P,lbfs_Re800,6,0.03,False,True
P,lbfs_Re800,6,0.010000000000000009,False,True
P,lbfs_Re800,7,0.010000000000000009,False,True
P,lbfs_Re800,7,0.06,False,True
P,lbfs_Re800,7,0.04999999999999999,False,True
P,lbfs_Re800,8,0.11000000000000001,False,True
P,lbfs_Re800,8,0.11000000000000001,False,True
P,lbfs_Re800,8,0.0,True,True
P,lbfs_Re800,9,0.01999999999999999,False,True
P,lbfs_Re800,9,0.01999999999999999,False,True
P,lbfs_Re800,9,0.009999999999999995,False,True
P,lbfs_Re800,10,0.02999999999999997,False,True
P,lbfs_Re800,10,0.019999999999999962,False,True
P,lbfs_Re800,10,0.020000000000000004,False,True
P,lbfs_Re800,11,0.04999999999999993,False,True
P,lbfs_Re800,11,0.06,False,True
P,lbfs_Re800,11,0.03999999999999998,False,True
P,lbfs_Re800,12,0.06,False,True
P,lbfs_Re800,12,0.08999999999999997,False,True
P,lbfs_Re800,12,0.14999999999999997,False,True
P,lbfs_Re800,13,0.020000000000000018,False,True
P,lbfs_Re800,13,0.07,False,True
P,lbfs_Re800,13,0.04999999999999999,False,True
P,lbfs_Re800,14,0.04000000000000001,False,True
P,lbfs_Re800,14,0.020000000000000018,False,True
P,lbfs_Re800,14,0.03,False,True
P,lbfs_Re800,15,0.010000000000000009,False,True
P,lbfs_Re800,15,0.03,False,True
P,lbfs_Re800,15,0.04000000000000001,False,True
P,lbfs_Re800,16,0.020000000000000018,False,True
P,lbfs_Re800,16,0.030000000000000027,False,True
P,lbfs_Re800,16,0.010000000000000009,False,True
P,lbfs_Re800,17,0.04999999999999999,False,True
P,lbfs_Re800,17,0.09000000000000002,False,True
P,lbfs_Re800,17,0.040000000000000036,False,True
P,lbfs_Re800,18,0.030000000000000027,False,True
P,lbfs_Re800,18,0.030000000000000027,False,True
P,lbfs_Re800,18,0.030000000000000027,False,True
P,lbfs_Re800,19,0.050000000000000044,False,True
P,lbfs_Re800,19,0.030000000000000027,False,True
P,lbfs_Re800,19,0.020000000000000018,False,True
P,lbfs_Re800,20,0.050000000000000044,False,True
P,lbfs_Re800,20,0.020000000000000004,False,True
P,lbfs_Re800,20,0.050000000000000044,False,True
P,lbfs_Re800,21,0.010000000000000009,False,True
P,lbfs_Re800,21,0.030000000000000027,False,True
P,lbfs_Re800,21,0.03,False,True
P,lbfs_Re800,22,0.06,False,True
P,lbfs_Re800,22,0.03999999999999998,False,True
P,lbfs_Re800,22,0.020000000000000018,False,True
P,lbfs_Re800,23,0.009999999999999898,False,True
P,lbfs_Re800,23,0.020000000000000018,False,True
P,lbfs_Re800,23,0.020000000000000018,False,True
P,lbfs_Re800,24,0.040000000000000036,False,True
P,lbfs_Re800,24,0.06,False,True
P,lbfs_Re800,24,0.019999999999999962,False,True
P,lbfs_Re800,25,0.02999999999999997,False,True
P,lbfs_Re800,25,0.010000000000000009,False,True
P,lbfs_Re800,25,0.03999999999999998,False,True
P,lbfs_Re800,26,0.06,False,True
P,lbfs_Re800,26,0.01999999999999999,False,True
P,lbfs_Re800,26,0.07,False,True
P,lbfs_Re800,27,0.03999999999999998,False,True
P,lbfs_Re800,27,0.010000000000000009,False,True
P,lbfs_Re800,27,0.02999999999999997,False,True
P,lbfs_Re800,28,0.030000000000000013,False,True
P,lbfs_Re800,28,0.009999999999999995,False,True
P,lbfs_Re800,28,0.020000000000000018,False,True
P,lbfs_Re800,29,0.020000000000000018,False,True
P,lbfs_Re800,29,0.04999999999999999,False,True
P,lbfs_Re800,29,0.02999999999999997,False,True
P,lbfs_Re800,30,0.02999999999999997,False,True
P,lbfs_Re800,30,0.010000000000000009,False,True
P,lbfs_Re800,30,0.019999999999999962,False,True
P,lbfs_Re800,31,0.020000000000000018,False,True
P,lbfs_Re800,31,0.009999999999999898,False,True
P,lbfs_Re800,31,0.029999999999999916,False,True
P,lbfs_Re800,32,0.010000000000000009,False,True
P,lbfs_Re800,32,0.010000000000000009,False,True
P,lbfs_Re800,32,0.010000000000000009,False,True
P,lbfs_Re800,33,0.020000000000000018,False,True
P,lbfs_Re800,33,0.030000000000000027,False,True
P,lbfs_Re800,33,0.040000000000000036,False,True
P,lbfs_Re800,34,0.040000000000000036,False,True
P,lbfs_Re800,34,0.06,False,True
P,lbfs_Re800,34,0.019999999999999962,False,True
P,lbfs_Re800,35,0.04999999999999999,False,True
P,lbfs_Re800,35,0.03999999999999998,False,True
P,lbfs_Re800,35,0.019999999999999907,False,True
P,lbfs_Re800,36,0.02999999999999997,False,True
P,lbfs_Re800,36,0.010000000000000009,False,True
P,lbfs_Re800,36,0.02999999999999997,False,True
P,lbfs_Re800,37,0.030000000000000027,False,True
P,lbfs_Re800,37,0.030000000000000027,False,True
P,lbfs_Re800,37,0.0,True,True
P,lbfs_Re800,38,0.030000000000000027,False,True
P,lbfs_Re800,38,0.030000000000000027,False,True
P,lbfs_Re800,38,0.010000000000000009,False,True
P,lbfs_Re800,39,0.020000000000000018,False,True
P,lbfs_Re800,39,0.020000000000000018,False,True
P,lbfs_Re800,39,0.040000000000000036,False,True
P,lbfs_Re800,40,0.01999999999999999,False,True
P,lbfs_Re800,40,0.01999999999999999,False,True
P,lbfs_Re800,40,0.03999999999999998,False,True
P,lbfs_Re800,41,0.020000000000000018,False,True
P,lbfs_Re800,41,0.01999999999999999,False,True
P,lbfs_Re800,41,0.03999999999999998,False,True
P,lbfs_Re800,42,0.03,False,True
P,lbfs_Re800,42,0.030000000000000027,False,True
P,lbfs_Re800,42,0.050000000000000044,False,True
P,lbfs_Re800,43,0.07999999999999996,False,True
P,lbfs_Re800,43,0.03,False,True
P,lbfs_Re800,43,0.04999999999999999,False,True
P,lbfs_Re800,44,0.030000000000000027,False,True
P,lbfs_Re800,44,0.020000000000000018,False,True
P,lbfs_Re800,44,0.040000000000000036,False,True
P,lbfs_Re800,45,0.06,False,True
P,lbfs_Re800,45,0.01999999999999999,False,True
P,lbfs_Re800,45,0.06,False,True
P,lbfs_Re800,46,0.010000000000000009,False,True
P,lbfs_Re800,46,0.020000000000000004,False,True
P,lbfs_Re800,46,0.010000000000000009,False,True
P,lbfs_Re800,47,0.06,False,True
P,lbfs_Re800,47,0.010000000000000009,False,True
P,lbfs_Re800,47,0.06,False,True
P,lbfs_Re800,48,0.020000000000000018,False,True
P,lbfs_Re800,48,0.020000000000000018,False,True
P,lbfs_Re800,48,0.020000000000000004,False,True
P,lbfs_Re800,49,0.06,False,True
P,lbfs_Re800,49,0.020000000000000018,False,True
P,lbfs_Re800,49,0.06,False,True
P,lbfs_Re800,50,0.02999999999999997,False,True
P,lbfs_Re800,50,0.020000000000000018,False,True
P,lbfs_Re800,50,0.020000000000000018,False,True
P,lbfs_Re800,51,0.010000000000000009,False,True
P,lbfs_Re800,51,0.010000000000000009,False,True
P,lbfs_Re800,51,0.010000000000000009,False,True
P,lbfs_Re800,52,0.030000000000000027,False,True
P,lbfs_Re800,52,0.03999999999999998,False,True
P,lbfs_Re800,52,0.020000000000000018,False,True
P,lbfs_Re800,53,0.03999999999999998,False,True
P,lbfs_Re800,53,0.010000000000000009,False,True
P,lbfs_Re800,53,0.02999999999999997,False,True
P,lbfs_Re800,54,0.0,True,True
P,lbfs_Re800,54,0.030000000000000027,False,True
P,lbfs_Re800,54,0.030000000000000027,False,True
P,lbfs_Re800,55,0.06,False,True
P,lbfs_Re800,55,0.010000000000000009,False,True
P,lbfs_Re800,55,0.06,False,True
P,lbfs_Re800,56,0.020000000000000018,False,True
P,lbfs_Re800,56,0.07,False,True
P,lbfs_Re800,56,0.04999999999999999,False,True
P,lbfs_Re800,57,0.04999999999999999,False,True
P,lbfs_Re800,57,0.03999999999999998,False,True
P,lbfs_Re800,57,0.04999999999999999,False,True
P,lbfs_Re800,58,0.030000000000000027,False,True
P,lbfs_Re800,58,0.01999999999999999,False,True
P,lbfs_Re800,58,0.030000000000000027,False,True
P,lbfs_Re800,59,0.030000000000000027,False,True
P,lbfs_Re800,59,0.01999999999999999,False,True
P,lbfs_Re800,59,0.020000000000000018,False,True
P,lbfs_Re800,60,0.06,False,True
P,lbfs_Re800,60,0.03,False,True
P,lbfs_Re800,60,0.04999999999999999,False,True
P,lbfs_Re800,61,0.03,False,True
P,lbfs_Re800,61,0.04999999999999999,False,True
P,lbfs_Re800,61,0.04999999999999999,False,True
P,lbfs_Re800,62,0.020000000000000018,False,True
P,lbfs_Re800,62,0.07,False,True
P,lbfs_Re800,62,0.04999999999999999,False,True
P,lbfs_Re800,63,0.03999999999999998,False,True
P,lbfs_Re800,63,0.04999999999999999,False,True
P,lbfs_Re800,63,0.029999999999999916,False,True
P,lbfs_Re800,64,0.010000000000000009,False,True
P,lbfs_Re800,64,0.03999999999999998,False,True
P,lbfs_Re800,64,0.04999999999999999,False,True
P,lbfs_Re800,65,0.039999999999999925,False,True
P,lbfs_Re800,65,0.02999999999999997,False,True
P,lbfs_Re800,65,0.010000000000000009,False,True
P,lbfs_Re800,66,0.010000000000000002,False,True
P,lbfs_Re800,66,0.02999999999999997,False,True
P,lbfs_Re800,66,0.02999999999999997,False,True
P,lbfs_Re800,67,0.010000000000000009,False,True
P,lbfs_Re800,67,0.02999999999999997,False,True
P,lbfs_Re800,67,0.019999999999999962,False,True
P,lbfs_Re800,68,0.040000000000000036,False,True
P,lbfs_Re800,68,0.010000000000000002,False,True
P,lbfs_Re800,68,0.040000000000000036,False,True
P,lbfs_Re800,69,0.019999999999999962,False,True
P,lbfs_Re800,69,0.02999999999999997,False,True
P,lbfs_Re800,69,0.019999999999999907,False,True
P,lbfs_Re800,70,0.020000000000000018,False,True
P,lbfs_Re800,70,0.02999999999999997,False,True
P,lbfs_Re800,70,0.03999999999999998,False,True
P,lbfs_Re800,71,0.02999999999999997,False,True
P,lbfs_Re800,71,0.02999999999999997,False,True
P,lbfs_Re800,71,0.0,True,True
P,lbfs_Re800,72,0.03,False,True
P,lbfs_Re800,72,0.07,False,True
P,lbfs_Re800,72,0.06,False,True
P,lbfs_Re800,73,0.06,False,True
P,lbfs_Re800,73,0.03,False,True
P,lbfs_Re800,73,0.030000000000000027,False,True
P,lbfs_Re800,74,0.010000000000000009,False,True
P,lbfs_Re800,74,0.020000000000000018,False,True
P,lbfs_Re800,74,0.03,False,True
P,lbfs_Re800,75,0.030000000000000027,False,True
P,lbfs_Re800,75,0.06,False,True
P,lbfs_Re800,75,0.02999999999999997,False,True
P,lbfs_Re800,76,0.01999999999999999,False,True
P,lbfs_Re800,76,0.01999999999999999,False,True
P,lbfs_Re800,76,0.020000000000000018,False,True
P,lbfs_Re800,77,0.06,False,True
P,lbfs_Re800,77,0.07,False,True
P,lbfs_Re800,77,0.010000000000000009,False,True
P,lbfs_Re800,78,0.019999999999999962,False,True
P,lbfs_Re800,78,0.03999999999999998,False,True
P,lbfs_Re800,78,0.020000000000000018,False,True
P,lbfs_Re800,79,0.04999999999999999,False,True
P,lbfs_Re800,79,0.03999999999999998,False,True
P,lbfs_Re800,79,0.010000000000000009,False,True
P,lbfs_Re800,80,0.06,False,True
P,lbfs_Re800,80,0.010000000000000009,False,True
P,lbfs_Re800,80,0.06999999999999995,False,True
P,lbfs_Re800,81,0.010000000000000009,False,True
P,lbfs_Re800,81,0.0,True,True
P,lbfs_Re800,81,0.010000000000000009,False,True
P,lbfs_Re800,82,0.010000000000000009,False,True
P,lbfs_Re800,82,0.040000000000000036,False,True
P,lbfs_Re800,82,0.040000000000000036,False,True
P,lbfs_Re800,83,0.03999999999999998,False,True
P,lbfs_Re800,83,0.010000000000000009,False,True
P,lbfs_Re800,83,0.04999999999999999,False,True
P,lbfs_Re800,84,0.02999999999999997,False,True
P,lbfs_Re800,84,0.040000000000000036,False,True
P,lbfs_Re800,84,0.07,False,True
P,lbfs_Re800,85,0.06,False,True
P,lbfs_Re800,85,0.04999999999999999,False,True
P,lbfs_Re800,85,0.010000000000000009,False,True
P,lbfs_Re800,86,0.07,False,True
P,lbfs_Re800,86,0.03999999999999998,False,True
P,lbfs_Re800,86,0.030000000000000027,False,True
P,lbfs_Re800,87,0.019999999999999962,False,True
P,lbfs_Re800,87,0.019999999999999962,False,True
P,lbfs_Re800,87,0.01999999999999999,False,True
P,lbfs_Re800,88,0.06,False,True
P,lbfs_Re800,88,0.010000000000000002,False,True
P,lbfs_Re800,88,0.050000000000000044,False,True
P,lbfs_Re800,89,0.040000000000000036,False,True
P,lbfs_Re800,89,0.06000000000000005,False,True
P,lbfs_Re800,89,0.020000000000000018,False,True
P,lbfs_Re800,90,0.030000000000000027,False,True
P,lbfs_Re800,90,0.03999999999999998,False,True
P,lbfs_Re800,90,0.03999999999999998,False,True
P,lbfs_Re800,91,0.07999999999999996,False,True
P,lbfs_Re800,91,0.12999999999999995,False,True
P,lbfs_Re800,91,0.04999999999999999,False,True
P,lbfs_Re800,92,0.0,True,True
P,lbfs_Re800,92,0.010000000000000009,False,True
P,lbfs_Re800,92,0.010000000000000009,False,True
P,lbfs_Re800,93,0.02999999999999997,False,True
P,lbfs_Re800,93,0.04999999999999999,False,True
P,lbfs_Re800,93,0.020000000000000018,False,True
P,lbfs_Re800,94,0.030000000000000027,False,True
P,lbfs_Re800,94,0.03999999999999998,False,True
P,lbfs_Re800,94,0.010000000000000009,False,True
P,lbfs_Re800,95,0.04999999999999999,False,True
P,lbfs_Re800,95,0.03999999999999998,False,True
P,lbfs_Re800,95,0.010000000000000009,False,True
P,lbfs_Re800,96,0.010000000000000009,False,True
P,lbfs_Re800,96,0.040000000000000036,False,True
P,lbfs_Re800,96,0.050000000000000044,False,True
P,lbfs_Re800,97,0.030000000000000027,False,True
P,lbfs_Re800,97,0.039999999999999925,False,True
P,lbfs_Re800,97,0.06999999999999995,False,True
P,lbfs_Re800,98,0.09999999999999998,False,True
P,lbfs_Re800,98,0.07999999999999996,False,True
P,lbfs_Re800,98,0.020000000000000018,False,True
P,lbfs_Re800,99,0.040000000000000036,False,True
P,lbfs_Re800,99,0.020000000000000018,False,True
P,lbfs_Re800,99,0.040000000000000036,False,True
P,lbfs_Re800,100,0.020000000000000018,False,True
P,lbfs_Re800,100,0.010000000000000009,False,True
P,lbfs_Re800,100,0.010000000000000009,False,True
P,lbfs_Re800,101,0.03999999999999998,False,True
P,lbfs_Re800,101,0.030000000000000027,False,True
P,lbfs_Re800,101,0.07,False,True
P,lbfs_Re800,102,0.07,False,True
P,lbfs_Re800,102,0.06,False,True
P,lbfs_Re800,102,0.010000000000000009,False,True
P,lbfs_Re800,103,0.03999999999999998,False,True
P,lbfs_Re800,103,0.020000000000000018,False,True
P,lbfs_Re800,103,0.04999999999999999,False,True
P,lbfs_Re800,104,0.020000000000000018,False,True
P,lbfs_Re800,104,0.010000000000000009,False,True
P,lbfs_Re800,104,0.010000000000000009,False,True
P,lbfs_Re800,105,0.010000000000000009,False,True
P,lbfs_Re800,105,0.0,True,True
P,lbfs_Re800,105,0.010000000000000009,False,True
P,lbfs_Re800,106,0.04999999999999999,False,True
P,lbfs_Re800,106,0.06,False,True
P,lbfs_Re800,106,0.010000000000000009,False,True
P,lbfs_Re800,107,0.05999999999999994,False,True
P,lbfs_Re800,107,0.020000000000000018,False,True
P,lbfs_Re800,107,0.039999999999999925,False,True
P,lbfs_Re800,108,0.04999999999999999,False,True
P,lbfs_Re800,108,0.02999999999999997,False,True
P,lbfs_Re800,108,0.030000000000000027,False,True
P,lbfs_Re800,109,0.03999999999999998,False,True
P,lbfs_Re800,109,0.02999999999999997,False,True
P,lbfs_Re800,109,0.020000000000000018,False,True
P,lbfs_Re800,110,0.02999999999999997,False,True
P,lbfs_Re800,110,0.010000000000000009,False,True
P,lbfs_Re800,110,0.019999999999999962,False,True
P,lbfs_Re800,111,0.03999999999999998,False,True
P,lbfs_Re800,111,0.010000000000000002,False,True
P,lbfs_Re800,111,0.03999999999999998,False,True
P,lbfs_Re800,112,0.02999999999999997,False,True
P,lbfs_Re800,112,0.03999999999999998,False,True
P,lbfs_Re800,112,0.010000000000000009,False,True
P,lbfs_Re800,113,0.09000000000000002,False,True
P,lbfs_Re800,113,0.010000000000000002,False,True
P,lbfs_Re800,113,0.09000000000000002,False,True
P,lbfs_Re800,114,0.010000000000000009,False,True
P,lbfs_Re800,114,0.03999999999999998,False,True
P,lbfs_Re800,114,0.04999999999999999,False,True
P,lbfs_Re800,115,0.010000000000000009,False,True
P,lbfs_Re800,115,0.020000000000000018,False,True
P,lbfs_Re800,115,0.030000000000000027,False,True
P,lbfs_Re800,116,0.04999999999999999,False,True
P,lbfs_Re800,116,0.020000000000000018,False,True
P,lbfs_Re800,116,0.02999999999999997,False,True
P,lbfs_Re800,117,0.040000000000000036,False,True
P,lbfs_Re800,117,0.030000000000000027,False,True
P,lbfs_Re800,117,0.050000000000000044,False,True
P,lbfs_Re800,118,0.010000000000000009,False,True
P,lbfs_Re800,118,0.010000000000000009,False,True
P,lbfs_Re800,118,0.020000000000000018,False,True
P,lbfs_Re800,119,0.010000000000000009,False,True
P,lbfs_Re800,119,0.010000000000000009,False,True
P,lbfs_Re800,119,0.010000000000000009,False,True
P,lbfs_Re800,120,0.010000000000000009,False,True
P,lbfs_Re800,120,0.010000000000000009,False,True
P,lbfs_Re800,120,0.010000000000000009,False,True
P,lbfs_Re800,121,0.020000000000000018,False,True
P,lbfs_Re800,121,0.020000000000000018,False,True
P,lbfs_Re800,121,0.010000000000000009,False,True
P,lbfs_Re800,122,0.040000000000000036,False,True
P,lbfs_Re800,122,0.040000000000000036,False,True
P,lbfs_Re800,122,0.010000000000000009,False,True
P,lbfs_Re800,123,0.040000000000000036,False,True
P,lbfs_Re800,123,0.020000000000000018,False,True
P,lbfs_Re800,123,0.020000000000000018,False,True
P,lbfs_Re800,124,0.08999999999999997,False,True
P,lbfs_Re800,124,0.06,False,True
P,lbfs_Re800,124,0.02999999999999997,False,True
P,lbfs_Re800,125,0.020000000000000018,False,True
P,lbfs_Re800,125,0.03999999999999998,False,True
P,lbfs_Re800,125,0.03999999999999998,False,True
P,lbfs_Re800,126,0.02999999999999997,False,True
P,lbfs_Re800,126,0.03999999999999998,False,True
P,lbfs_Re800,126,0.010000000000000009,False,True
P,lbfs_Re800,127,0.06,False,True
P,lbfs_Re800,127,0.030000000000000027,False,True
P,lbfs_Re800,127,0.02999999999999997,False,True
P,lbfs_Re800,128,0.040000000000000036,False,True
P,lbfs_Re800,128,0.04999999999999999,False,True
P,lbfs_Re800,128,0.04999999999999999,False,True
P,lbfs_Re800,129,0.030000000000000027,False,True
P,lbfs_Re800,129,0.09000000000000002,False,True
P,lbfs_Re800,129,0.06,False,True
P,lbfs_Re800,130,0.030000000000000027,False,True
P,lbfs_Re800,130,0.04999999999999999,False,True
P,lbfs_Re800,130,0.08000000000000002,False,True
P,lbfs_Re800,131,0.040000000000000036,False,True
P,lbfs_Re800,131,0.02999999999999997,False,True
P,lbfs_Re800,131,0.06,False,True
P,lbfs_Re800,132,0.010000000000000002,False,True
P,lbfs_Re800,132,0.020000000000000018,False,True
P,lbfs_Re800,132,0.020000000000000018,False,True
P,lbfs_Re800,133,0.030000000000000027,False,True
P,lbfs_Re800,133,0.09000000000000002,False,True
P,lbfs_Re800,133,0.06,False,True
P,lbfs_Re800,134,0.07,False,True
P,lbfs_Re800,134,0.020000000000000018,False,True
P,lbfs_Re800,134,0.08000000000000002,False,True
P,lbfs_Re800,135,0.020000000000000018,False,True
P,lbfs_Re800,135,0.02999999999999997,False,True
P,lbfs_Re800,135,0.020000000000000018,False,True
P,lbfs_Re800,136,0.010000000000000009,False,True
P,lbfs_Re800,136,0.010000000000000009,False,True
P,lbfs_Re800,136,0.020000000000000018,False,True
P,lbfs_Re800,137,0.06,False,True
P,lbfs_Re800,137,0.020000000000000018,False,True
P,lbfs_Re800,137,0.03999999999999998,False,True
P,lbfs_Re800,138,0.040000000000000036,False,True
P,lbfs_Re800,138,0.010000000000000009,False,True
P,lbfs_Re800,138,0.030000000000000027,False,True
P,lbfs_Re800,139,0.010000000000000009,False,True
P,lbfs_Re800,139,0.010000000000000009,False,True
P,lbfs_Re800,139,0.010000000000000009,False,True
P,lbfs_Re800,140,0.020000000000000018,False,True
P,lbfs_Re800,140,0.02999999999999997,False,True
P,lbfs_Re800,140,0.010000000000000009,False,True
P,lbfs_Re800,141,0.03999999999999998,False,True
P,lbfs_Re800,141,0.03999999999999998,False,True
P,lbfs_Re800,141,0.030000000000000027,False,True
P,lbfs_Re800,142,0.030000000000000027,False,True
P,lbfs_Re800,142,0.010000000000000009,False,True
P,lbfs_Re800,142,0.020000000000000018,False,True
P,lbfs_Re800,143,0.04999999999999999,False,True
P,lbfs_Re800,143,0.08000000000000002,False,True
P,lbfs_Re800,143,0.030000000000000027,False,True
P,lbfs_Re800,144,0.019999999999999962,False,True
P,lbfs_Re800,144,0.02999999999999997,False,True
P,lbfs_Re800,144,0.010000000000000009,False,True
P,lbfs_Re800,145,0.030000000000000027,False,True
P,lbfs_Re800,145,0.030000000000000027,False,True
P,lbfs_Re800,145,0.010000000000000002,False,True
P,lbfs_Re800,146,0.020000000000000018,False,True
P,lbfs_Re800,146,0.03999999999999998,False,True
P,lbfs_Re800,146,0.03999999999999998,False,True
P,lbfs_Re800,147,0.040000000000000036,False,True
P,lbfs_Re800,147,0.04999999999999999,False,True
P,lbfs_Re800,147,0.06,False,True
P,lbfs_Re800,148,0.07,False,True
P,lbfs_Re800,148,0.020000000000000018,False,True
P,lbfs_Re800,148,0.07,False,True
P,lbfs_Re800,149,0.019999999999999962,False,True
P,lbfs_Re800,149,0.019999999999999962,False,True
P,lbfs_Re800,149,0.010000000000000009,False,True
P,lbfs_Re800,150,0.020000000000000018,False,True
P,lbfs_Re800,150,0.010000000000000009,False,True
P,lbfs_Re800,150,0.010000000000000009,False,True
P,lbfs_Re800,151,0.030000000000000027,False,True
P,lbfs_Re800,151,0.07,False,True
P,lbfs_Re800,151,0.03999999999999998,False,True
P,lbfs_Re800,152,0.010000000000000009,False,True
P,lbfs_Re800,152,0.030000000000000027,False,True
P,lbfs_Re800,152,0.030000000000000027,False,True
P,lbfs_Re800,153,0.010000000000000009,False,True
P,lbfs_Re800,153,0.010000000000000009,False,True
P,lbfs_Re800,153,0.010000000000000009,False,True
P,lbfs_Re800,154,0.04000000000000001,False,True
P,lbfs_Re800,154,0.03,False,True
P,lbfs_Re800,154,0.04999999999999999,False,True
P,lbfs_Re800,155,0.030000000000000027,False,True
P,lbfs_Re800,155,0.020000000000000018,False,True
P,lbfs_Re800,155,0.010000000000000009,False,True
P,lbfs_Re800,156,0.030000000000000027,False,True
P,lbfs_Re800,156,0.020000000000000004,False,True
P,lbfs_Re800,156,0.030000000000000027,False,True
P,lbfs_Re800,157,0.040000000000000036,False,True
P,lbfs_Re800,157,0.010000000000000009,False,True
P,lbfs_Re800,157,0.040000000000000036,False,True
P,lbfs_Re800,158,0.08999999999999997,False,True
P,lbfs_Re800,158,0.10999999999999999,False,True
P,lbfs_Re800,158,0.020000000000000018,False,True
P,lbfs_Re800,159,0.06,False,True
P,lbfs_Re800,159,0.019999999999999962,False,True
P,lbfs_Re800,159,0.040000000000000036,False,True
P,lbfs_Re800,160,0.06,False,True
P,lbfs_Re800,160,0.04999999999999999,False,True
P,lbfs_Re800,160,0.010000000000000009,False,True
P,lbfs_Re800,161,0.009999999999999898,False,True
P,lbfs_Re800,161,0.04999999999999999,False,True
P,lbfs_Re800,161,0.04999999999999999,False,True
P,lbfs_Re800,162,0.020000000000000018,False,True
P,lbfs_Re800,162,0.020000000000000018,False,True
P,lbfs_Re800,162,0.020000000000000018,False,True
P,lbfs_Re800,163,0.020000000000000018,False,True
P,lbfs_Re800,163,0.06,False,True
P,lbfs_Re800,163,0.04999999999999999,False,True
P,lbfs_Re800,164,0.050000000000000044,False,True
P,lbfs_Re800,164,0.030000000000000027,False,True
P,lbfs_Re800,164,0.020000000000000018,False,True
P,lbfs_Re800,165,0.010000000000000009,False,True
P,lbfs_Re800,165,0.03999999999999998,False,True
P,lbfs_Re800,165,0.02999999999999997,False,True
P,lbfs_Re800,166,0.06,False,True
P,lbfs_Re800,166,0.010000000000000009,False,True
P,lbfs_Re800,166,0.07,False,True
P,lbfs_Re800,167,0.030000000000000027,False,True
P,lbfs_Re800,167,0.040000000000000036,False,True
P,lbfs_Re800,167,0.030000000000000027,False,True
P,lbfs_Re800,168,0.04999999999999999,False,True
P,lbfs_Re800,168,0.030000000000000027,False,True
P,lbfs_Re800,168,0.019999999999999962,False,True
P,lbfs_Re800,169,0.019999999999999962,False,True
P,lbfs_Re800,169,0.010000000000000009,False,True
P,lbfs_Re800,169,0.02999999999999997,False,True
P,lbfs_Re800,170,0.030000000000000027,False,True
P,lbfs_Re800,170,0.030000000000000027,False,True
P,lbfs_Re800,170,0.010000000000000009,False,True
P,lbfs_Re800,171,0.04999999999999999,False,True
P,lbfs_Re800,171,0.08999999999999997,False,True
P,lbfs_Re800,171,0.03999999999999998,False,True
P,lbfs_Re800,172,0.04999999999999999,False,True
P,lbfs_Re800,172,0.04999999999999999,False,True
P,lbfs_Re800,172,0.010000000000000009,False,True
P,lbfs_Re800,173,0.04999999999999999,False,True
P,lbfs_Re800,173,0.020000000000000018,False,True
P,lbfs_Re800,173,0.02999999999999997,False,True
P,lbfs_Re800,174,0.010000000000000009,False,True
P,lbfs_Re800,174,0.04999999999999999,False,True
P,lbfs_Re800,174,0.06,False,True
P,lbfs_Re800,175,0.010000000000000009,False,True
P,lbfs_Re800,175,0.040000000000000036,False,True
P,lbfs_Re800,175,0.040000000000000036,False,True
P,lbfs_Re800,176,0.04999999999999999,False,True
P,lbfs_Re800,176,0.019999999999999962,False,True
P,lbfs_Re800,176,0.06999999999999995,False,True
P,lbfs_Re800,177,0.050000000000000044,False,True
P,lbfs_Re800,177,0.030000000000000027,False,True
P,lbfs_Re800,177,0.030000000000000027,False,True
P,lbfs_Re800,178,0.020000000000000018,False,True
P,lbfs_Re800,178,0.010000000000000009,False,True
P,lbfs_Re800,178,0.010000000000000009,False,True
P,lbfs_Re800,179,0.04999999999999999,False,True
P,lbfs_Re800,179,0.04999999999999999,False,True
P,lbfs_Re800,179,0.030000000000000027,False,True
P,lbfs_Re800,180,0.010000000000000009,False,True
P,lbfs_Re800,180,0.04999999999999999,False,True
P,lbfs_Re800,180,0.03999999999999998,False,True
P,lbfs_Re800,181,0.010000000000000009,False,True
P,lbfs_Re800,181,0.030000000000000027,False,True
P,lbfs_Re800,181,0.020000000000000018,False,True
P,lbfs_Re800,182,0.010000000000000009,False,True
P,lbfs_Re800,182,0.02999999999999997,False,True
P,lbfs_Re800,182,0.019999999999999962,False,True
P,lbfs_Re800,183,0.010000000000000009,False,True
P,lbfs_Re800,183,0.06,False,True
P,lbfs_Re800,183,0.050000000000000044,False,True
P,lbfs_Re800,184,0.010000000000000009,False,True
P,lbfs_Re800,184,0.040000000000000036,False,True
P,lbfs_Re800,184,0.040000000000000036,False,True
P,lbfs_Re800,185,0.019999999999999962,False,True
P,lbfs_Re800,185,0.010000000000000009,False,True
P,lbfs_Re800,185,0.019999999999999962,False,True
P,lbfs_Re800,186,0.02999999999999997,False,True
P,lbfs_Re800,186,0.06,False,True
P,lbfs_Re800,186,0.030000000000000027,False,True
P,lbfs_Re800,187,0.020000000000000004,False,True
P,lbfs_Re800,187,0.030000000000000027,False,True
P,lbfs_Re800,187,0.020000000000000018,False,True
P,lbfs_Re800,188,0.01999999999999999,False,True
P,lbfs_Re800,188,0.020000000000000018,False,True
P,lbfs_Re800,188,0.010000000000000009,False,True
P,lbfs_Re800,189,0.02999999999999997,False,True
P,lbfs_Re800,189,0.02999999999999997,False,True
P,lbfs_Re800,189,0.010000000000000009,False,True
P,lbfs_Re800,190,0.020000000000000018,False,True
P,lbfs_Re800,190,0.020000000000000018,False,True
P,lbfs_Re800,190,0.020000000000000004,False,True
P,lbfs_Re800,191,0.030000000000000027,False,True
P,lbfs_Re800,191,0.010000000000000009,False,True
P,lbfs_Re800,191,0.020000000000000018,False,True
P,lbfs_Re800,192,0.07,False,True
P,lbfs_Re800,192,0.02999999999999997,False,True
P,lbfs_Re800,192,0.040000000000000036,False,True
P,lbfs_Re800,193,0.020000000000000018,False,True
P,lbfs_Re800,193,0.020000000000000018,False,True
P,lbfs_Re800,193,0.020000000000000004,False,True
P,lbfs_Re800,194,0.030000000000000027,False,True
P,lbfs_Re800,194,0.07,False,True
P,lbfs_Re800,194,0.04000000000000001,False,True
P,lbfs_Re800,195,0.020000000000000004,False,True
P,lbfs_Re800,195,0.03,False,True
P,lbfs_Re800,195,0.020000000000000018,False,True
P,lbfs_Re800,196,0.030000000000000027,False,True
P,lbfs_Re800,196,0.03999999999999998,False,True
P,lbfs_Re800,196,0.07,False,True
P,lbfs_Re800,197,0.10999999999999999,False,True
P,lbfs_Re800,197,0.07999999999999996,False,True
P,lbfs_Re800,197,0.030000000000000027,False,True
P,lbfs_Re800,198,0.01999999999999999,False,True
P,lbfs_Re800,198,0.04999999999999999,False,True
P,lbfs_Re800,198,0.04999999999999999,False,True
P,lbfs_Re800,199,0.020000000000000018,False,True
P,lbfs_Re800,199,0.019999999999999962,False,True
P,lbfs_Re800,199,0.03999999999999998,False,True
P,lbfs_Re800,200,0.040000000000000036,False,True
P,lbfs_Re800,200,0.030000000000000027,False,True
P,lbfs_Re800,200,0.020000000000000018,False,True
P,lbfs_Re800,201,0.02999999999999997,False,True
P,lbfs_Re800,201,0.010000000000000009,False,True
P,lbfs_Re800,201,0.020000000000000018,False,True
P,lbfs_Re800,202,0.010000000000000009,False,True
P,lbfs_Re800,202,0.030000000000000027,False,True
P,lbfs_Re800,202,0.020000000000000018,False,True
P,lbfs_Re800,203,0.040000000000000036,False,True
P,lbfs_Re800,203,0.040000000000000036,False,True
P,lbfs_Re800,203,0.030000000000000027,False,True
P,lbfs_Re800,204,0.06,False,True
P,lbfs_Re800,204,0.019999999999999962,False,True
P,lbfs_Re800,204,0.040000000000000036,False,True
P,lbfs_Re800,205,0.030000000000000027,False,True
P,lbfs_Re800,205,0.020000000000000018,False,True
P,lbfs_Re800,205,0.040000000000000036,False,True
P,lbfs_Re800,206,0.03999999999999998,False,True
P,lbfs_Re800,206,0.010000000000000009,False,True
P,lbfs_Re800,206,0.04999999999999999,False,True
P,lbfs_Re800,207,0.030000000000000027,False,True
P,lbfs_Re800,207,0.019999999999999962,False,True
P,lbfs_Re800,207,0.04999999999999999,False,True
P,lbfs_Re800,208,0.03999999999999998,False,True
P,lbfs_Re800,208,0.03999999999999998,False,True
P,lbfs_Re800,208,0.010000000000000009,False,True
P,lbfs_Re800,209,0.03999999999999998,False,True
P,lbfs_Re800,209,0.020000000000000018,False,True
P,lbfs_Re800,209,0.02999999999999997,False,True
P,lbfs_Re800,210,0.02999999999999997,False,True
P,lbfs_Re800,210,0.030000000000000027,False,True
P,lbfs_Re800,210,0.02999999999999997,False,True
P,lbfs_Re800,211,0.020000000000000018,False,True
P,lbfs_Re800,211,0.010000000000000009,False,True
P,lbfs_Re800,211,0.010000000000000009,False,True
P,lbfs_Re800,212,0.030000000000000027,False,True
P,lbfs_Re800,212,0.06,False,True
P,lbfs_Re800,212,0.04999999999999999,False,True
P,lbfs_Re800,213,0.03999999999999998,False,True
P,lbfs_Re800,213,0.020000000000000018,False,True
P,lbfs_Re800,213,0.030000000000000027,False,True
P,lbfs_Re800,214,0.06,False,True
P,lbfs_Re800,214,0.07,False,True
P,lbfs_Re800,214,0.040000000000000036,False,True
P,lbfs_Re800,215,0.03999999999999998,False,True
P,lbfs_Re800,215,0.020000000000000018,False,True
P,lbfs_Re800,215,0.019999999999999962,False,True
P,lbfs_Re800,216,0.06,False,True
P,lbfs_Re800,216,0.08999999999999997,False,True
P,lbfs_Re800,216,0.02999999999999997,False,True
P,lbfs_Re800,217,0.010000000000000009,False,True
P,lbfs_Re800,217,0.010000000000000009,False,True
P,lbfs_Re800,217,0.020000000000000018,False,True
P,lbfs_Re800,218,0.010000000000000009,False,True
P,lbfs_Re800,218,0.04999999999999999,False,True
P,lbfs_Re800,218,0.06,False,True
P,lbfs_Re800,219,0.04999999999999999,False,True
P,lbfs_Re800,219,0.020000000000000018,False,True
P,lbfs_Re800,219,0.02999999999999997,False,True
P,lbfs_Re800,220,0.010000000000000002,False,True
P,lbfs_Re800,220,0.04999999999999999,False,True
P,lbfs_Re800,220,0.04999999999999999,False,True
P,lbfs_Re800,221,0.07,False,True
P,lbfs_Re800,221,0.06,False,True
P,lbfs_Re800,221,0.010000000000000009,False,True
P,lbfs_Re800,222,0.020000000000000018,False,True
P,lbfs_Re800,222,0.030000000000000027,False,True
P,lbfs_Re800,222,0.050000000000000044,False,True
P,lbfs_Re800,223,0.010000000000000009,False,True
P,lbfs_Re800,223,0.020000000000000018,False,True
P,lbfs_Re800,223,0.030000000000000027,False,True
P,lbfs_Re800,224,0.04999999999999999,False,True
P,lbfs_Re800,224,0.04999999999999999,False,True
P,lbfs_Re800,224,0.020000000000000018,False,True
P,lbfs_Re800,225,0.12,False,True
P,lbfs_Re800,225,0.06,False,True
P,lbfs_Re800,225,0.06,False,True
P,lbfs_Re800,226,0.030000000000000027,False,True
P,lbfs_Re800,226,0.040000000000000036,False,True
P,lbfs_Re800,226,0.010000000000000009,False,True
P,lbfs_Re800,227,0.010000000000000009,False,True
P,lbfs_Re800,227,0.020000000000000018,False,True
P,lbfs_Re800,227,0.010000000000000009,False,True
P,lbfs_Re800,228,0.07,False,True
P,lbfs_Re800,228,0.03999999999999998,False,True
P,lbfs_Re800,228,0.10999999999999999,False,True
P,lbfs_Re800,229,0.010000000000000009,False,True
P,lbfs_Re800,229,0.07,False,True
P,lbfs_Re800,229,0.06,False,True
P,lbfs_Re800,230,0.030000000000000027,False,True
P,lbfs_Re800,230,0.08000000000000002,False,True
P,lbfs_Re800,230,0.04999999999999999,False,True
P,lbfs_Re800,231,0.06999999999999995,False,True
P,lbfs_Re800,231,0.02999999999999997,False,True
P,lbfs_Re800,231,0.03999999999999998,False,True
P,lbfs_Re800,232,0.03999999999999998,False,True
P,lbfs_Re800,232,0.010000000000000002,False,True
P,lbfs_Re800,232,0.03999999999999998,False,True
P,lbfs_Re800,233,0.010000000000000009,False,True
P,lbfs_Re800,233,0.09999999999999998,False,True
P,lbfs_Re800,233,0.09000000000000002,False,True
P,lbfs_Re800,234,0.030000000000000027,False,True
P,lbfs_Re800,234,0.030000000000000027,False,True
P,lbfs_Re800,234,0.040000000000000036,False,True
P,lbfs_Re800,235,0.020000000000000018,False,True
P,lbfs_Re800,235,0.02999999999999997,False,True
P,lbfs_Re800,235,0.03999999999999998,False,True
P,lbfs_Re800,236,0.040000000000000036,False,True
P,lbfs_Re800,236,0.04999999999999999,False,True
P,lbfs_Re800,236,0.040000000000000036,False,True
P,lbfs_Re800,237,0.03999999999999998,False,True
P,lbfs_Re800,237,0.030000000000000027,False,True
P,lbfs_Re800,237,0.03999999999999998,False,True
P,lbfs_Re800,238,0.050000000000000044,False,True
P,lbfs_Re800,238,0.06,False,True
P,lbfs_Re800,238,0.010000000000000009,False,True
P,lbfs_Re800,239,0.10999999999999999,False,True
P,lbfs_Re800,239,0.020000000000000018,False,True
P,lbfs_Re800,239,0.08999999999999997,False,True
P,lbfs_Re800,240,0.020000000000000018,False,True
P,lbfs_Re800,240,0.04999999999999999,False,True
P,lbfs_Re800,240,0.02999999999999997,False,True
P,lbfs_Re800,241,0.050000000000000044,False,True
P,lbfs_Re800,241,0.040000000000000036,False,True
P,lbfs_Re800,241,0.020000000000000018,False,True
P,lbfs_Re800,242,0.029999999999999916,False,True
P,lbfs_Re800,242,0.029999999999999916,False,True
P,lbfs_Re800,242,0.020000000000000018,False,True
P,lbfs_Re800,243,0.04999999999999999,False,True
P,lbfs_Re800,243,0.020000000000000018,False,True
P,lbfs_Re800,243,0.02999999999999997,False,True
P,lbfs_Re800,244,0.020000000000000018,False,True
P,lbfs_Re800,244,0.020000000000000018,False,True
P,lbfs_Re800,244,0.020000000000000018,False,True
P,lbfs_Re800,245,0.030000000000000027,False,True
P,lbfs_Re800,245,0.040000000000000036,False,True
P,lbfs_Re800,245,0.020000000000000018,False,True
P,lbfs_Re800,246,0.030000000000000027,False,True
P,lbfs_Re800,246,0.020000000000000018,False,True
P,lbfs_Re800,246,0.039999999999999925,False,True
P,lbfs_Re800,247,0.03999999999999998,False,True
P,lbfs_Re800,247,0.009999999999999953,False,True
P,lbfs_Re800,247,0.030000000000000027,False,True
P,lbfs_Re800,248,0.06,False,True
P,lbfs_Re800,248,0.030000000000000027,False,True
P,lbfs_Re800,248,0.02999999999999997,False,True
P,lbfs_Re800,249,0.030000000000000027,False,True
P,lbfs_Re800,249,0.030000000000000027,False,True
P,lbfs_Re800,249,0.010000000000000009,False,True
P,lbfs_Re800,250,0.050000000000000044,False,True
P,lbfs_Re800,250,0.010000000000000009,False,True
P,lbfs_Re800,250,0.040000000000000036,False,True
P,lbfs_Re800,251,0.0,True,True
P,lbfs_Re800,251,0.030000000000000027,False,True
P,lbfs_Re800,251,0.030000000000000027,False,True
P,lbfs_Re800,252,0.04999999999999999,False,True
P,lbfs_Re800,252,0.0,True,True
P,lbfs_Re800,252,0.04999999999999999,False,True
P,lbfs_Re800,253,0.019999999999999962,False,True
P,lbfs_Re800,253,0.030000000000000027,False,True
P,lbfs_Re800,253,0.04999999999999999,False,True
P,lbfs_Re800,254,0.019999999999999962,False,True
P,lbfs_Re800,254,0.020000000000000018,False,True
P,lbfs_Re800,254,0.03999999999999998,False,True
P,lbfs_Re800,255,0.04999999999999999,False,True
P,lbfs_Re800,255,0.03999999999999998,False,True
P,lbfs_Re800,255,0.010000000000000009,False,True
P,lbfs_Re800,256,0.07,False,True
P,lbfs_Re800,256,0.08000000000000002,False,True
P,lbfs_Re800,256,0.030000000000000027,False,True
P,lbfs_Re800,257,0.0,True,True
P,lbfs_Re800,257,0.07999999999999996,False,True
P,lbfs_Re800,257,0.07999999999999996,False,True
P,lbfs_Re800,258,0.04999999999999999,False,True
P,lbfs_Re800,258,0.030000000000000027,False,True
P,lbfs_Re800,258,0.019999999999999962,False,True
P,lbfs_Re800,259,0.04999999999999999,False,True
P,lbfs_Re800,259,0.04999999999999999,False,True
P,lbfs_Re800,259,0.020000000000000018,False,True
P,lbfs_Re800,260,0.020000000000000018,False,True
P,lbfs_Re800,260,0.03999999999999998,False,True
P,lbfs_Re800,260,0.02999999999999997,False,True
P,lbfs_Re800,261,0.020000000000000018,False,True
P,lbfs_Re800,261,0.03,False,True
P,lbfs_Re800,261,0.019999999999999962,False,True
P,lbfs_Re800,262,0.030000000000000027,False,True
P,lbfs_Re800,262,0.02999999999999997,False,True
P,lbfs_Re800,262,0.06,False,True
P,lbfs_Re800,263,0.019999999999999962,False,True
P,lbfs_Re800,263,0.040000000000000036,False,True
P,lbfs_Re800,263,0.06,False,True
P,lbfs_Re800,264,0.04999999999999999,False,True
P,lbfs_Re800,264,0.04999999999999999,False,True
P,lbfs_Re800,264,0.010000000000000009,False,True
P,lbfs_Re800,265,0.010000000000000009,False,True
P,lbfs_Re800,265,0.020000000000000018,False,True
P,lbfs_Re800,265,0.010000000000000009,False,True
P,lbfs_Re800,266,0.08000000000000002,False,True
P,lbfs_Re800,266,0.09999999999999998,False,True
P,lbfs_Re800,266,0.01999999999999999,False,True
P,lbfs_Re800,267,0.04999999999999999,False,True
P,lbfs_Re800,267,0.06,False,True
P,lbfs_Re800,267,0.010000000000000009,False,True
P,lbfs_Re800,268,0.07999999999999996,False,True
P,lbfs_Re800,268,0.07999999999999996,False,True
P,lbfs_Re800,268,0.010000000000000009,False,True
P,lbfs_Re800,269,0.04000000000000001,False,True
P,lbfs_Re800,269,0.06,False,True
P,lbfs_Re800,269,0.07,False,True
P,lbfs_Re800,270,0.04999999999999999,False,True
P,lbfs_Re800,270,0.08000000000000002,False,True
P,lbfs_Re800,270,0.030000000000000027,False,True
P,lbfs_Re800,271,0.02999999999999997,False,True
P,lbfs_Re800,271,0.02999999999999997,False,True
P,lbfs_Re800,271,0.010000000000000002,False,True
P,lbfs_Re800,272,0.020000000000000018,False,True
P,lbfs_Re800,272,0.06,False,True
P,lbfs_Re800,272,0.03999999999999998,False,True
P,lbfs_Re800,273,0.03999999999999998,False,True
P,lbfs_Re800,273,0.010000000000000009,False,True
P,lbfs_Re800,273,0.03999999999999998,False,True
P,lbfs_Re800,274,0.0,True,True
P,lbfs_Re800,274,0.010000000000000009,False,True
P,lbfs_Re800,274,0.010000000000000009,False,True
P,lbfs_Re800,275,0.07,False,True
P,lbfs_Re800,275,0.020000000000000018,False,True
P,lbfs_Re800,275,0.04999999999999999,False,True
P,lbfs_Re800,276,0.04999999999999999,False,True
P,lbfs_Re800,276,0.020000000000000018,False,True
P,lbfs_Re800,276,0.04999999999999999,False,True
P,lbfs_Re800,277,0.08000000000000002,False,True
P,lbfs_Re800,277,0.040000000000000036,False,True
P,lbfs_Re800,277,0.03999999999999998,False,True
P,lbfs_Re800,278,0.04999999999999999,False,True
P,lbfs_Re800,278,0.010000000000000009,False,True
P,lbfs_Re800,278,0.04999999999999999,False,True
P,lbfs_Re800,279,0.020000000000000018,False,True
P,lbfs_Re800,279,0.06,False,True
P,lbfs_Re800,279,0.03999999999999998,False,True
P,lbfs_Re800,280,0.040000000000000036,False,True
P,lbfs_Re800,280,0.040000000000000036,False,True
P,lbfs_Re800,280,0.019999999999999907,False,True
P,lbfs_Re800,281,0.040000000000000036,False,True
P,lbfs_Re800,281,0.03999999999999998,False,True
P,lbfs_Re800,281,0.08000000000000002,False,True
P,lbfs_Re800,282,0.010000000000000009,False,True
P,lbfs_Re800,282,0.02999999999999997,False,True
P,lbfs_Re800,282,0.03999999999999998,False,True
P,lbfs_Re800,283,0.019999999999999962,False,True
P,lbfs_Re800,283,0.06,False,True
P,lbfs_Re800,283,0.040000000000000036,False,True
P,lbfs_Re800,284,0.019999999999999907,False,True
P,lbfs_Re800,284,0.04999999999999999,False,True
P,lbfs_Re800,284,0.04999999999999999,False,True
P,lbfs_Re800,285,0.020000000000000018,False,True
P,lbfs_Re800,285,0.019999999999999962,False,True
P,lbfs_Re800,285,0.03999999999999998,False,True
P,lbfs_Re800,286,0.020000000000000018,False,True
P,lbfs_Re800,286,0.020000000000000018,False,True
P,lbfs_Re800,286,0.010000000000000002,False,True
P,lbfs_Re800,287,0.019999999999999962,False,True
P,lbfs_Re800,287,0.020000000000000018,False,True
P,lbfs_Re800,287,0.03999999999999998,False,True
P,lbfs_Re800,288,0.03999999999999998,False,True
P,lbfs_Re800,288,0.020000000000000018,False,True
P,lbfs_Re800,288,0.030000000000000027,False,True
P,lbfs_Re800,289,0.020000000000000018,False,True
P,lbfs_Re800,289,0.020000000000000018,False,True
P,lbfs_Re800,289,0.009999999999999953,False,True
P,lbfs_Re800,290,0.020000000000000018,False,True
P,lbfs_Re800,290,0.020000000000000018,False,True
P,lbfs_Re800,290,0.010000000000000009,False,True
P,lbfs_Re800,291,0.019999999999999962,False,True
P,lbfs_Re800,291,0.040000000000000036,False,True
P,lbfs_Re800,291,0.06,False,True
P,lbfs_Re800,292,0.019999999999999962,False,True
P,lbfs_Re800,292,0.010000000000000009,False,True
P,lbfs_Re800,292,0.019999999999999962,False,True
P,lbfs_Re800,293,0.010000000000000009,False,True
P,lbfs_Re800,293,0.020000000000000018,False,True
P,lbfs_Re800,293,0.030000000000000027,False,True
P,lbfs_Re800,294,0.010000000000000009,False,True
P,lbfs_Re800,294,0.020000000000000018,False,True
P,lbfs_Re800,294,0.010000000000000009,False,True
P,lbfs_Re800,295,0.020000000000000018,False,True
P,lbfs_Re800,295,0.04000000000000001,False,True
P,lbfs_Re800,295,0.01999999999999999,False,True
P,lbfs_Re800,296,0.06,False,True
P,lbfs_Re800,296,0.010000000000000009,False,True
P,lbfs_Re800,296,0.07,False,True
P,lbfs_Re800,297,0.03999999999999998,False,True
P,lbfs_Re800,297,0.07999999999999996,False,True
P,lbfs_Re800,297,0.03999999999999998,False,True
P,lbfs_Re800,298,0.05000000000000002,False,True
P,lbfs_Re800,298,0.020000000000000018,False,True
P,lbfs_Re800,298,0.050000000000000044,False,True
P,lbfs_Re800,299,0.04999999999999999,False,True
P,lbfs_Re800,299,0.020000000000000018,False,True
P,lbfs_Re800,299,0.02999999999999997,False,True
P,lbfs_Re800,300,0.040000000000000036,False,True
P,lbfs_Re800,300,0.04999999999999999,False,True
P,lbfs_Re800,300,0.009999999999999981,False,True
P,lbfs_Re800,301,0.010000000000000009,False,True
P,lbfs_Re800,301,0.030000000000000027,False,True
P,lbfs_Re800,301,0.030000000000000027,False,True
P,lbfs_Re800,302,0.06,False,True
P,lbfs_Re800,302,0.040000000000000036,False,True
P,lbfs_Re800,302,0.10000000000000003,False,True
P,lbfs_Re800,303,0.04999999999999999,False,True
P,lbfs_Re800,303,0.02999999999999997,False,True
P,lbfs_Re800,303,0.020000000000000018,False,True
P,lbfs_Re800,304,0.03999999999999998,False,True
P,lbfs_Re800,304,0.06,False,True
P,lbfs_Re800,304,0.020000000000000018,False,True
P,lbfs_Re800,305,0.030000000000000027,False,True
P,lbfs_Re800,305,0.04999999999999999,False,True
P,lbfs_Re800,305,0.019999999999999962,False,True
P,lbfs_Re800,306,0.04999999999999999,False,True
P,lbfs_Re800,306,0.009999999999999953,False,True
P,lbfs_Re800,306,0.04999999999999999,False,True
P,lbfs_Re800,307,0.03999999999999998,False,True
P,lbfs_Re800,307,0.020000000000000018,False,True
P,lbfs_Re800,307,0.019999999999999962,False,True
P,lbfs_Re800,308,0.040000000000000036,False,True
P,lbfs_Re800,308,0.09000000000000002,False,True
P,lbfs_Re800,308,0.04999999999999999,False,True
P,lbfs_Re800,309,0.010000000000000002,False,True
P,lbfs_Re800,309,0.07,False,True
P,lbfs_Re800,309,0.07,False,True
P,lbfs_Re800,310,0.03999999999999998,False,True
P,lbfs_Re800,310,0.04999999999999999,False,True
P,lbfs_Re800,310,0.020000000000000018,False,True
P,lbfs_Re800,311,0.030000000000000027,False,True
P,lbfs_Re800,311,0.010000000000000009,False,True
P,lbfs_Re800,311,0.03999999999999998,False,True
P,lbfs_Re800,312,0.030000000000000027,False,True
P,lbfs_Re800,312,0.03999999999999998,False,True
P,lbfs_Re800,312,0.07,False,True
P,lbfs_Re800,313,0.06,False,True
P,lbfs_Re800,313,0.03999999999999998,False,True
P,lbfs_Re800,313,0.020000000000000018,False,True
P,lbfs_Re800,314,0.03999999999999998,False,True
P,lbfs_Re800,314,0.020000000000000018,False,True
P,lbfs_Re800,314,0.06,False,True
P,lbfs_Re800,315,0.030000000000000027,False,True
P,lbfs_Re800,315,0.040000000000000036,False,True
P,lbfs_Re800,315,0.010000000000000009,False,True
P,lbfs_Re800,316,0.030000000000000027,False,True
P,lbfs_Re800,316,0.010000000000000009,False,True
P,lbfs_Re800,316,0.020000000000000018,False,True
P,lbfs_Re800,317,0.04999999999999999,False,True
P,lbfs_Re800,317,0.03999999999999998,False,True
P,lbfs_Re800,317,0.010000000000000009,False,True
P,lbfs_Re800,318,0.04999999999999999,False,True
P,lbfs_Re800,318,0.040000000000000036,False,True
P,lbfs_Re800,318,0.09000000000000002,False,True
P,lbfs_Re800,319,0.040000000000000036,False,True
P,lbfs_Re800,319,0.010000000000000009,False,True
P,lbfs_Re800,319,0.040000000000000036,False,True
P,lbfs_Re800,320,0.07,False,True
P,lbfs_Re800,320,0.07,False,True
P,lbfs_Re800,320,0.010000000000000009,False,True
P,lbfs_Re800,321,0.020000000000000018,False,True
P,lbfs_Re800,321,0.03999999999999998,False,True
P,lbfs_Re800,321,0.03999999999999998,False,True
P,lbfs_Re800,322,0.050000000000000044,False,True
P,lbfs_Re800,322,0.050000000000000044,False,True
P,lbfs_Re800,322,0.020000000000000018,False,True
P,lbfs_Re800,323,0.020000000000000018,False,True
P,lbfs_Re800,323,0.030000000000000027,False,True
P,lbfs_Re800,323,0.050000000000000044,False,True
P,lbfs_Re800,324,0.030000000000000027,False,True
P,lbfs_Re800,324,0.030000000000000027,False,True
P,lbfs_Re800,324,0.040000000000000036,False,True
P,lbfs_Re800,325,0.03999999999999998,False,True
P,lbfs_Re800,325,0.06999999999999995,False,True
P,lbfs_Re800,325,0.02999999999999997,False,True
P,lbfs_Re800,326,0.030000000000000027,False,True
P,lbfs_Re800,326,0.020000000000000018,False,True
P,lbfs_Re800,326,0.010000000000000009,False,True
P,lbfs_Re800,327,0.020000000000000018,False,True
P,lbfs_Re800,327,0.04999999999999999,False,True
P,lbfs_Re800,327,0.030000000000000027,False,True
P,lbfs_Re800,328,0.019999999999999962,False,True
P,lbfs_Re800,328,0.0,True,True
P,lbfs_Re800,328,0.019999999999999962,False,True
P,lbfs_Re800,329,0.020000000000000018,False,True
P,lbfs_Re800,329,0.02999999999999997,False,True
P,lbfs_Re800,329,0.019999999999999962,False,True
P,lbfs_Re800,330,0.020000000000000018,False,True
P,lbfs_Re800,330,0.020000000000000018,False,True
P,lbfs_Re800,330,0.020000000000000018,False,True
P,lbfs_Re800,331,0.03999999999999998,False,True
P,lbfs_Re800,331,0.010000000000000009,False,True
P,lbfs_Re800,331,0.04999999999999999,False,True
P,lbfs_Re800,332,0.03999999999999998,False,True
P,lbfs_Re800,332,0.010000000000000002,False,True
P,lbfs_Re800,332,0.03999999999999998,False,True
P,lbfs_Re800,333,0.050000000000000044,False,True
P,lbfs_Re800,333,0.06,False,True
P,lbfs_Re800,333,0.030000000000000027,False,True
P,lbfs_Re800,334,0.020000000000000018,False,True
P,lbfs_Re800,334,0.05000000000000002,False,True
P,lbfs_Re800,334,0.03,False,True
P,lbfs_Re800,335,0.020000000000000018,False,True
P,lbfs_Re800,335,0.020000000000000018,False,True
P,lbfs_Re800,335,0.019999999999999962,False,True
P,lbfs_Re800,336,0.010000000000000009,False,True
P,lbfs_Re800,336,0.02999999999999997,False,True
P,lbfs_Re800,336,0.02999999999999997,False,True
P,lbfs_Re800,337,0.09000000000000002,False,True
P,lbfs_Re800,337,0.030000000000000027,False,True
P,lbfs_Re800,337,0.06,False,True
P,lbfs_Re800,338,0.10999999999999999,False,True
P,lbfs_Re800,338,0.13,False,True
P,lbfs_Re800,338,0.020000000000000018,False,True
P,lbfs_Re800,339,0.030000000000000027,False,True
P,lbfs_Re800,339,0.04999999999999999,False,True
P,lbfs_Re800,339,0.06000000000000005,False,True
P,lbfs_Re800,340,0.02999999999999997,False,True
P,lbfs_Re800,340,0.020000000000000018,False,True
P,lbfs_Re800,340,0.04999999999999999,False,True
P,lbfs_Re800,341,0.04999999999999999,False,True
P,lbfs_Re800,341,0.020000000000000018,False,True
P,lbfs_Re800,341,0.07,False,True
P,lbfs_Re800,342,0.040000000000000036,False,True
P,lbfs_Re800,342,0.09000000000000002,False,True
P,lbfs_Re800,342,0.04999999999999999,False,True
P,lbfs_Re800,343,0.03999999999999998,False,True
P,lbfs_Re800,343,0.020000000000000018,False,True
P,lbfs_Re800,343,0.03999999999999998,False,True
P,lbfs_Re800,344,0.04999999999999999,False,True
P,lbfs_Re800,344,0.04999999999999999,False,True
P,lbfs_Re800,344,0.010000000000000009,False,True
P,lbfs_Re800,345,0.04999999999999999,False,True
P,lbfs_Re800,345,0.009999999999999953,False,True
P,lbfs_Re800,345,0.040000000000000036,False,True
P,lbfs_Re800,346,0.03999999999999998,False,True
P,lbfs_Re800,346,0.020000000000000018,False,True
P,lbfs_Re800,346,0.06,False,True
P,lbfs_Re800,347,0.03999999999999998,False,True
P,lbfs_Re800,347,0.010000000000000009,False,True
P,lbfs_Re800,347,0.02999999999999997,False,True
P,lbfs_Re800,348,0.019999999999999907,False,True
P,lbfs_Re800,348,0.039999999999999925,False,True
P,lbfs_Re800,348,0.020000000000000018,False,True
P,lbfs_Re800,349,0.02999999999999997,False,True
P,lbfs_Re800,349,0.019999999999999962,False,True
P,lbfs_Re800,349,0.010000000000000009,False,True
P,lbfs_Re800,350,0.03999999999999998,False,True
P,lbfs_Re800,350,0.010000000000000009,False,True
P,lbfs_Re800,350,0.030000000000000027,False,True
P,lbfs_Re800,351,0.030000000000000027,False,True
P,lbfs_Re800,351,0.050000000000000044,False,True
P,lbfs_Re800,351,0.020000000000000018,False,True
P,lbfs_Re800,352,0.020000000000000018,False,True
P,lbfs_Re800,352,0.03999999999999998,False,True
P,lbfs_Re800,352,0.02999999999999997,False,True
P,lbfs_Re800,353,0.07,False,True
P,lbfs_Re800,353,0.04999999999999999,False,True
P,lbfs_Re800,353,0.020000000000000018,False,True
P,lbfs_Re800,354,0.06,False,True
P,lbfs_Re800,354,0.08000000000000002,False,True
P,lbfs_Re800,354,0.020000000000000018,False,True
P,lbfs_Re800,355,0.019999999999999962,False,True
P,lbfs_Re800,355,0.04999999999999999,False,True
P,lbfs_Re800,355,0.030000000000000027,False,True
P,lbfs_Re800,356,0.030000000000000027,False,True
P,lbfs_Re800,356,0.02999999999999997,False,True
P,lbfs_Re800,356,0.06,False,True
P,lbfs_Re800,357,0.040000000000000036,False,True
P,lbfs_Re800,357,0.09000000000000002,False,True
P,lbfs_Re800,357,0.04999999999999999,False,True
P,lbfs_Re800,358,0.010000000000000009,False,True
P,lbfs_Re800,358,0.030000000000000027,False,True
P,lbfs_Re800,358,0.030000000000000027,False,True
P,lbfs_Re800,359,0.04999999999999999,False,True
P,lbfs_Re800,359,0.06,False,True
P,lbfs_Re800,359,0.010000000000000009,False,True
P,lbfs_Re800,360,0.010000000000000009,False,True
P,lbfs_Re800,360,0.010000000000000009,False,True
P,lbfs_Re800,360,0.010000000000000009,False,True
P,lbfs_Re800,361,0.04999999999999999,False,True
P,lbfs_Re800,361,0.04999999999999999,False,True
P,lbfs_Re800,361,0.010000000000000009,False,True
P,lbfs_Re800,362,0.06,False,True
P,lbfs_Re800,362,0.030000000000000027,False,True
P,lbfs_Re800,362,0.04999999999999999,False,True
P,lbfs_Re800,363,0.030000000000000027,False,True
P,lbfs_Re800,363,0.02999999999999997,False,True
P,lbfs_Re800,363,0.02999999999999997,False,True
P,lbfs_Re800,364,0.03999999999999998,False,True
P,lbfs_Re800,364,0.04999999999999999,False,True
P,lbfs_Re800,364,0.010000000000000009,False,True
P,lbfs_Re800,365,0.020000000000000018,False,True
P,lbfs_Re800,365,0.040000000000000036,False,True
P,lbfs_Re800,365,0.040000000000000036,False,True
P,lbfs_Re800,366,0.040000000000000036,False,True
P,lbfs_Re800,366,0.030000000000000027,False,True
P,lbfs_Re800,366,0.020000000000000018,False,True
P,lbfs_Re800,367,0.040000000000000036,False,True
P,lbfs_Re800,367,0.020000000000000018,False,True
P,lbfs_Re800,367,0.050000000000000044,False,True
P,lbfs_Re800,368,0.03999999999999998,False,True
P,lbfs_Re800,368,0.010000000000000009,False,True
P,lbfs_Re800,368,0.03999999999999998,False,True
P,lbfs_Re800,369,0.050000000000000044,False,True
P,lbfs_Re800,369,0.010000000000000009,False,True
P,lbfs_Re800,369,0.06,False,True
P,lbfs_Re800,370,0.04999999999999999,False,True
P,lbfs_Re800,370,0.02999999999999997,False,True
P,lbfs_Re800,370,0.07999999999999996,False,True
P,lbfs_Re800,371,0.010000000000000009,False,True
P,lbfs_Re800,371,0.010000000000000009,False,True
P,lbfs_Re800,371,0.020000000000000018,False,True
P,lbfs_Re800,372,0.020000000000000018,False,True
P,lbfs_Re800,372,0.04999999999999999,False,True
P,lbfs_Re800,372,0.07,False,True
P,lbfs_Re800,373,0.06000000000000005,False,True
P,lbfs_Re800,373,0.050000000000000044,False,True
P,lbfs_Re800,373,0.010000000000000009,False,True
P,lbfs_Re800,374,0.02999999999999997,False,True
P,lbfs_Re800,374,0.010000000000000009,False,True
P,lbfs_Re800,374,0.019999999999999962,False,True
P,lbfs_Re800,375,0.020000000000000018,False,True
P,lbfs_Re800,375,0.03999999999999998,False,True
P,lbfs_Re800,375,0.030000000000000027,False,True
P,lbfs_Re800,376,0.010000000000000009,False,True
P,lbfs_Re800,376,0.02999999999999997,False,True
P,lbfs_Re800,376,0.019999999999999962,False,True
P,lbfs_Re800,377,0.010000000000000009,False,True
P,lbfs_Re800,377,0.010000000000000009,False,True
P,lbfs_Re800,377,0.010000000000000009,False,True
P,lbfs_Re800,378,0.0,True,True
P,lbfs_Re800,378,0.019999999999999962,False,True
P,lbfs_Re800,378,0.019999999999999962,False,True
P,lbfs_Re800,379,0.020000000000000018,False,True
P,lbfs_Re800,379,0.03999999999999998,False,True
P,lbfs_Re800,379,0.06,False,True
P,lbfs_Re800,380,0.09000000000000002,False,True
P,lbfs_Re800,380,0.12000000000000005,False,True
P,lbfs_Re800,380,0.030000000000000027,False,True
P,lbfs_Re800,381,0.03999999999999998,False,True
P,lbfs_Re800,381,0.030000000000000027,False,True
P,lbfs_Re800,381,0.07,False,True
P,lbfs_Re800,382,0.06,False,True
P,lbfs_Re800,382,0.019999999999999962,False,True
P,lbfs_Re800,382,0.040000000000000036,False,True
P,lbfs_Re800,383,0.010000000000000009,False,True
P,lbfs_Re800,383,0.019999999999999962,False,True
P,lbfs_Re800,383,0.010000000000000009,False,True
P,lbfs_Re800,384,0.010000000000000009,False,True
P,lbfs_Re800,384,0.010000000000000009,False,True
P,lbfs_Re800,384,0.010000000000000009,False,True
P,lbfs_Re800,385,0.019999999999999962,False,True
P,lbfs_Re800,385,0.010000000000000009,False,True
P,lbfs_Re800,385,0.019999999999999962,False,True
P,lbfs_Re800,386,0.020000000000000018,False,True
P,lbfs_Re800,386,0.010000000000000009,False,True
P,lbfs_Re800,386,0.010000000000000009,False,True
P,lbfs_Re800,387,0.030000000000000027,False,True
P,lbfs_Re800,387,0.030000000000000027,False,True
P,lbfs_Re800,387,0.040000000000000036,False,True
P,lbfs_Re800,388,0.11000000000000004,False,True
P,lbfs_Re800,388,0.06,False,True
P,lbfs_Re800,388,0.050000000000000044,False,True
P,lbfs_Re800,389,0.040000000000000036,False,True
P,lbfs_Re800,389,0.030000000000000027,False,True
P,lbfs_Re800,389,0.010000000000000009,False,True
P,lbfs_Re800,390,0.050000000000000044,False,True
P,lbfs_Re800,390,0.020000000000000018,False,True
P,lbfs_Re800,390,0.07000000000000006,False,True
P,lbfs_Re800,391,0.010000000000000009,False,True
P,lbfs_Re800,391,0.04999999999999999,False,True
P,lbfs_Re800,391,0.040000000000000036,False,True
P,lbfs_Re800,392,0.07000000000000006,False,True
P,lbfs_Re800,392,0.07000000000000006,False,True
P,lbfs_Re800,392,0.010000000000000009,False,True
P,lbfs_Re800,393,0.020000000000000018,False,True
P,lbfs_Re800,393,0.08000000000000002,False,True
P,lbfs_Re800,393,0.06,False,True
P,lbfs_Re800,394,0.010000000000000009,False,True
P,lbfs_Re800,394,0.08000000000000002,False,True
P,lbfs_Re800,394,0.08000000000000002,False,True
P,lbfs_Re800,395,0.06999999999999995,False,True
P,lbfs_Re800,395,0.10999999999999999,False,True
P,lbfs_Re800,395,0.040000000000000036,False,True
P,lbfs_Re800,396,0.020000000000000018,False,True
P,lbfs_Re800,396,0.020000000000000018,False,True
P,lbfs_Re800,396,0.010000000000000009,False,True
P,lbfs_Re800,397,0.030000000000000027,False,True
P,lbfs_Re800,397,0.010000000000000009,False,True
P,lbfs_Re800,397,0.020000000000000018,False,True
P,lbfs_Re800,398,0.010000000000000009,False,True
P,lbfs_Re800,398,0.020000000000000018,False,True
P,lbfs_Re800,398,0.02999999999999997,False,True
P,lbfs_Re800,399,0.050000000000000044,False,True
P,lbfs_Re800,399,0.040000000000000036,False,True
P,lbfs_Re800,399,0.010000000000000009,False,True
P,lbfs_Re800,400,0.03999999999999998,False,True
P,lbfs_Re800,400,0.04999999999999999,False,True
P,lbfs_Re800,400,0.020000000000000018,False,True
P,lbfs_Re800,401,0.020000000000000018,False,True
P,lbfs_Re800,401,0.03999999999999998,False,True
P,lbfs_Re800,401,0.020000000000000018,False,True
P,lbfs_Re800,402,0.010000000000000009,False,True
P,lbfs_Re800,402,0.03999999999999998,False,True
P,lbfs_Re800,402,0.04999999999999999,False,True
P,lbfs_Re800,403,0.04999999999999999,False,True
P,lbfs_Re800,403,0.030000000000000027,False,True
P,lbfs_Re800,403,0.03,False,True
P,lbfs_Re800,404,0.010000000000000009,False,True
P,lbfs_Re800,404,0.06,False,True
P,lbfs_Re800,404,0.04999999999999999,False,True
P,lbfs_Re800,405,0.019999999999999962,False,True
P,lbfs_Re800,405,0.07,False,True
P,lbfs_Re800,405,0.06,False,True
P,lbfs_Re800,406,0.010000000000000009,False,True
P,lbfs_Re800,406,0.019999999999999962,False,True
P,lbfs_Re800,406,0.02999999999999997,False,True
P,lbfs_Re800,407,0.040000000000000036,False,True
P,lbfs_Re800,407,0.010000000000000009,False,True
P,lbfs_Re800,407,0.050000000000000044,False,True
P,lbfs_Re800,408,0.03,False,True
P,lbfs_Re800,408,0.02999999999999997,False,True
P,lbfs_Re800,408,0.03,False,True
P,lbfs_Re800,409,0.03,False,True
P,lbfs_Re800,409,0.03999999999999998,False,True
P,lbfs_Re800,409,0.04999999999999999,False,True
P,lbfs_Re800,410,0.04999999999999999,False,True
P,lbfs_Re800,410,0.01999999999999999,False,True
P,lbfs_Re800,410,0.03999999999999998,False,True
P,lbfs_Re800,411,0.020000000000000018,False,True
P,lbfs_Re800,411,0.03,False,True
P,lbfs_Re800,411,0.010000000000000009,False,True
P,lbfs_Re800,412,0.04999999999999999,False,True
P,lbfs_Re800,412,0.03,False,True
P,lbfs_Re800,412,0.040000000000000036,False,True
P,lbfs_Re800,413,0.03,False,True
P,lbfs_Re800,413,0.03999999999999998,False,True
P,lbfs_Re800,413,0.019999999999999962,False,True
P,lbfs_Re800,414,0.019999999999999962,False,True
P,lbfs_Re800,414,0.06,False,True
P,lbfs_Re800,414,0.040000000000000036,False,True
P,lbfs_Re800,415,0.020000000000000018,False,True
P,lbfs_Re800,415,0.010000000000000009,False,True
P,lbfs_Re800,415,0.010000000000000009,False,True
P,lbfs_Re800,416,0.03999999999999998,False,True
P,lbfs_Re800,416,0.04999999999999999,False,True
P,lbfs_Re800,416,0.010000000000000009,False,True
P,lbfs_Re800,417,0.020000000000000004,False,True
P,lbfs_Re800,417,0.03999999999999998,False,True
P,lbfs_Re800,417,0.03999999999999998,False,True
P,lbfs_Re800,418,0.010000000000000009,False,True
P,lbfs_Re800,418,0.04999999999999999,False,True
P,lbfs_Re800,418,0.03999999999999998,False,True
P,lbfs_Re800,419,0.03999999999999998,False,True
P,lbfs_Re800,419,0.02999999999999997,False,True
P,lbfs_Re800,419,0.010000000000000009,False,True
P,lbfs_Re800,420,0.010000000000000009,False,True
P,lbfs_Re800,420,0.020000000000000018,False,True
P,lbfs_Re800,420,0.030000000000000027,False,True
P,lbfs_Re800,421,0.03999999999999998,False,True
P,lbfs_Re800,421,0.020000000000000018,False,True
P,lbfs_Re800,421,0.020000000000000018,False,True
P,lbfs_Re800,422,0.020000000000000018,False,True
P,lbfs_Re800,422,0.02999999999999997,False,True
P,lbfs_Re800,422,0.020000000000000018,False,True
P,lbfs_Re800,423,0.020000000000000018,False,True
P,lbfs_Re800,423,0.050000000000000044,False,True
P,lbfs_Re800,423,0.030000000000000027,False,True
P,lbfs_Re800,424,0.08000000000000002,False,True
P,lbfs_Re800,424,0.030000000000000027,False,True
P,lbfs_Re800,424,0.06,False,True
P,lbfs_Re800,425,0.04999999999999999,False,True
P,lbfs_Re800,425,0.07,False,True
P,lbfs_Re800,425,0.020000000000000018,False,True
P,lbfs_Re800,426,0.04999999999999999,False,True
P,lbfs_Re800,426,0.020000000000000018,False,True
P,lbfs_Re800,426,0.03999999999999998,False,True
P,lbfs_Re800,427,0.019999999999999962,False,True
P,lbfs_Re800,427,0.030000000000000027,False,True
P,lbfs_Re800,427,0.04999999999999999,False,True
P,lbfs_Re800,428,0.06,False,True
P,lbfs_Re800,428,0.03999999999999998,False,True
P,lbfs_Re800,428,0.020000000000000018,False,True
P,lbfs_Re800,429,0.030000000000000027,False,True
P,lbfs_Re800,429,0.06,False,True
P,lbfs_Re800,429,0.08999999999999997,False,True
P,lbfs_Re800,430,0.010000000000000009,False,True
P,lbfs_Re800,430,0.020000000000000018,False,True
P,lbfs_Re800,430,0.010000000000000009,False,True
P,lbfs_Re800,431,0.010000000000000009,False,True
P,lbfs_Re800,431,0.040000000000000036,False,True
P,lbfs_Re800,431,0.050000000000000044,False,True
P,lbfs_Re800,432,0.07,False,True
P,lbfs_Re800,432,0.04999999999999999,False,True
P,lbfs_Re800,432,0.020000000000000018,False,True
P,lbfs_Re800,433,0.019999999999999962,False,True
P,lbfs_Re800,433,0.09999999999999998,False,True
P,lbfs_Re800,433,0.08000000000000002,False,True
P,lbfs_Re800,434,0.019999999999999962,False,True
P,lbfs_Re800,434,0.030000000000000027,False,True
P,lbfs_Re800,434,0.04999999999999999,False,True
P,lbfs_Re800,435,0.030000000000000027,False,True
P,lbfs_Re800,435,0.010000000000000009,False,True
P,lbfs_Re800,435,0.030000000000000027,False,True
P,lbfs_Re800,436,0.03999999999999998,False,True
P,lbfs_Re800,436,0.02999999999999997,False,True
P,lbfs_Re800,436,0.010000000000000009,False,True
P,lbfs_Re800,437,0.020000000000000018,False,True
P,lbfs_Re800,437,0.010000000000000009,False,True
P,lbfs_Re800,437,0.02999999999999997,False,True
P,lbfs_Re800,438,0.03999999999999998,False,True
P,lbfs_Re800,438,0.020000000000000018,False,True
P,lbfs_Re800,438,0.06,False,True
P,lbfs_Re800,439,0.020000000000000018,False,True
P,lbfs_Re800,439,0.030000000000000027,False,True
P,lbfs_Re800,439,0.020000000000000018,False,True
P,lbfs_Re800,440,0.040000000000000036,False,True
P,lbfs_Re800,440,0.020000000000000018,False,True
P,lbfs_Re800,440,0.020000000000000018,False,True
P,lbfs_Re800,441,0.009999999999999995,False,True
P,lbfs_Re800,441,0.02999999999999997,False,True
P,lbfs_Re800,441,0.02999999999999997,False,True
P,lbfs_Re800,442,0.020000000000000018,False,True
P,lbfs_Re800,442,0.02999999999999997,False,True
P,lbfs_Re800,442,0.04999999999999999,False,True
P,lbfs_Re800,443,0.06,False,True
P,lbfs_Re800,443,0.06,False,True
P,lbfs_Re800,443,0.01999999999999999,False,True
P,lbfs_Re800,444,0.020000000000000004,False,True
P,lbfs_Re800,444,0.010000000000000009,False,True
P,lbfs_Re800,444,0.020000000000000004,False,True
P,lbfs_Re800,445,0.020000000000000018,False,True
P,lbfs_Re800,445,0.020000000000000018,False,True
P,lbfs_Re800,445,0.040000000000000036,False,True
P,lbfs_Re800,446,0.01999999999999999,False,True
P,lbfs_Re800,446,0.02999999999999997,False,True
P,lbfs_Re800,446,0.02999999999999997,False,True
P,lbfs_Re800,447,0.050000000000000044,False,True
P,lbfs_Re800,447,0.010000000000000009,False,True
P,lbfs_Re800,447,0.040000000000000036,False,True
P,lbfs_Re800,448,0.010000000000000009,False,True
P,lbfs_Re800,448,0.02999999999999997,False,True
P,lbfs_Re800,448,0.02999999999999997,False,True
P,lbfs_Re800,449,0.03999999999999998,False,True
P,lbfs_Re800,449,0.06,False,True
P,lbfs_Re800,449,0.020000000000000018,False,True
P,lbfs_Re800,450,0.03999999999999998,False,True
P,lbfs_Re800,450,0.02999999999999997,False,True
P,lbfs_Re800,450,0.010000000000000009,False,True
P,lbfs_Re800,451,0.030000000000000027,False,True
P,lbfs_Re800,451,0.020000000000000018,False,True
P,lbfs_Re800,451,0.040000000000000036,False,True
P,lbfs_Re800,452,0.030000000000000027,False,True
P,lbfs_Re800,452,0.019999999999999962,False,True
P,lbfs_Re800,452,0.04999999999999999,False,True
P,lbfs_Re800,453,0.030000000000000027,False,True
P,lbfs_Re800,453,0.09000000000000002,False,True
P,lbfs_Re800,453,0.07000000000000006,False,True
P,lbfs_Re800,454,0.06,False,True
P,lbfs_Re800,454,0.03999999999999998,False,True
P,lbfs_Re800,454,0.030000000000000027,False,True
P,lbfs_Re800,455,0.020000000000000018,False,True
P,lbfs_Re800,455,0.030000000000000027,False,True
P,lbfs_Re800,455,0.030000000000000027,False,True
P,lbfs_Re800,456,0.04999999999999999,False,True
P,lbfs_Re800,456,0.010000000000000009,False,True
P,lbfs_Re800,456,0.06,False,True
P,lbfs_Re800,457,0.030000000000000027,False,True
P,lbfs_Re800,457,0.010000000000000009,False,True
P,lbfs_Re800,457,0.030000000000000027,False,True
P,lbfs_Re800,458,0.04999999999999999,False,True
P,lbfs_Re800,458,0.04999999999999999,False,True
P,lbfs_Re800,458,0.010000000000000009,False,True
P,lbfs_Re800,459,0.009999999999999953,False,True
P,lbfs_Re800,459,0.010000000000000009,False,True
P,lbfs_Re800,459,0.019999999999999962,False,True
P,lbfs_Re800,460,0.010000000000000009,False,True
P,lbfs_Re800,460,0.03999999999999998,False,True
P,lbfs_Re800,460,0.04999999999999999,False,True
P,lbfs_Re800,461,0.02999999999999997,False,True
P,lbfs_Re800,461,0.030000000000000027,False,True
P,lbfs_Re800,461,0.06,False,True
P,lbfs_Re800,462,0.010000000000000009,False,True
P,lbfs_Re800,462,0.010000000000000009,False,True
P,lbfs_Re800,462,0.010000000000000009,False,True
P,lbfs_Re800,463,0.07,False,True
P,lbfs_Re800,463,0.06,False,True
P,lbfs_Re800,463,0.010000000000000009,False,True
P,lbfs_Re800,464,0.04999999999999999,False,True
P,lbfs_Re800,464,0.050000000000000044,False,True
P,lbfs_Re800,464,0.10000000000000003,False,True
P,lbfs_Re800,465,0.09000000000000002,False,True
P,lbfs_Re800,465,0.010000000000000009,False,True
P,lbfs_Re800,465,0.08000000000000007,False,True
P,lbfs_Re800,466,0.020000000000000018,False,True
P,lbfs_Re800,466,0.040000000000000036,False,True
P,lbfs_Re800,466,0.030000000000000027,False,True
P,lbfs_Re800,467,0.020000000000000018,False,True
P,lbfs_Re800,467,0.030000000000000027,False,True
P,lbfs_Re800,467,0.020000000000000018,False,True
P,lbfs_Re800,468,0.010000000000000009,False,True
P,lbfs_Re800,468,0.06999999999999995,False,True
P,lbfs_Re800,468,0.06999999999999995,False,True
P,lbfs_Re800,469,0.020000000000000018,False,True
P,lbfs_Re800,469,0.04999999999999999,False,True
P,lbfs_Re800,469,0.02999999999999997,False,True
P,lbfs_Re800,470,0.030000000000000027,False,True
P,lbfs_Re800,470,0.030000000000000027,False,True
P,lbfs_Re800,470,0.010000000000000009,False,True
P,lbfs_Re800,471,0.010000000000000009,False,True
P,lbfs_Re800,471,0.030000000000000027,False,True
P,lbfs_Re800,471,0.020000000000000018,False,True
P,lbfs_Re800,472,0.020000000000000018,False,True
P,lbfs_Re800,472,0.02999999999999997,False,True
P,lbfs_Re800,472,0.04999999999999999,False,True
P,lbfs_Re800,473,0.030000000000000027,False,True
P,lbfs_Re800,473,0.050000000000000044,False,True
P,lbfs_Re800,473,0.020000000000000018,False,True
P,lbfs_Re800,474,0.020000000000000018,False,True
P,lbfs_Re800,474,0.020000000000000018,False,True
P,lbfs_Re800,474,0.03999999999999998,False,True
P,lbfs_Re800,475,0.030000000000000027,False,True
P,lbfs_Re800,475,0.020000000000000018,False,True
P,lbfs_Re800,475,0.020000000000000018,False,True
P,lbfs_Re800,476,0.010000000000000009,False,True
P,lbfs_Re800,476,0.040000000000000036,False,True
P,lbfs_Re800,476,0.030000000000000027,False,True
P,lbfs_Re800,477,0.03999999999999998,False,True
P,lbfs_Re800,477,0.009999999999999953,False,True
P,lbfs_Re800,477,0.030000000000000027,False,True
P,lbfs_Re800,478,0.020000000000000018,False,True
P,lbfs_Re800,478,0.04999999999999999,False,True
P,lbfs_Re800,478,0.07,False,True
P,lbfs_Re800,479,0.040000000000000036,False,True
P,lbfs_Re800,479,0.04999999999999999,False,True
P,lbfs_Re800,479,0.030000000000000027,False,True
P,lbfs_Re800,480,0.02999999999999997,False,True
P,lbfs_Re800,480,0.08999999999999997,False,True
P,lbfs_Re800,480,0.11999999999999994,False,True
P,lbfs_Re800,481,0.020000000000000018,False,True
P,lbfs_Re800,481,0.010000000000000009,False,True
P,lbfs_Re800,481,0.010000000000000009,False,True
P,lbfs_Re800,482,0.020000000000000018,False,True
P,lbfs_Re800,482,0.020000000000000018,False,True
P,lbfs_Re800,482,0.040000000000000036,False,True
P,lbfs_Re800,483,0.040000000000000036,False,True
P,lbfs_Re800,483,0.06,False,True
P,lbfs_Re800,483,0.06,False,True
P,lbfs_Re800,484,0.010000000000000002,False,True
P,lbfs_Re800,484,0.010000000000000009,False,True
P,lbfs_Re800,484,0.010000000000000009,False,True
P,lbfs_Re800,485,0.0,True,True
P,lbfs_Re800,485,0.050000000000000044,False,True
P,lbfs_Re800,485,0.050000000000000044,False,True
P,lbfs_Re800,486,0.020000000000000018,False,True
P,lbfs_Re800,486,0.020000000000000018,False,True
P,lbfs_Re800,486,0.0,True,True
P,lbfs_Re800,487,0.020000000000000018,False,True
P,lbfs_Re800,487,0.030000000000000027,False,True
P,lbfs_Re800,487,0.030000000000000027,False,True
P,lbfs_Re800,488,0.020000000000000018,False,True
P,lbfs_Re800,488,0.0,True,True
P,lbfs_Re800,488,0.020000000000000018,False,True
P,lbfs_Re800,489,0.020000000000000018,False,True
P,lbfs_Re800,489,0.010000000000000009,False,True
P,lbfs_Re800,489,0.020000000000000018,False,True
P,lbfs_Re800,490,0.019999999999999962,False,True
P,lbfs_Re800,490,0.010000000000000009,False,True
P,lbfs_Re800,490,0.02999999999999997,False,True
P,lbfs_Re800,491,0.030000000000000027,False,True
P,lbfs_Re800,491,0.030000000000000027,False,True
P,lbfs_Re800,491,0.010000000000000009,False,True
P,lbfs_Re800,492,0.010000000000000009,False,True
P,lbfs_Re800,492,0.020000000000000018,False,True
P,lbfs_Re800,492,0.010000000000000009,False,True
P,lbfs_Re800,493,0.020000000000000018,False,True
P,lbfs_Re800,493,0.010000000000000009,False,True
P,lbfs_Re800,493,0.030000000000000027,False,True
P,lbfs_Re800,494,0.06999999999999995,False,True
P,lbfs_Re800,494,0.009999999999999995,False,True
P,lbfs_Re800,494,0.06,False,True
P,lbfs_Re800,495,0.09000000000000002,False,True
P,lbfs_Re800,495,0.040000000000000036,False,True
P,lbfs_Re800,495,0.04999999999999999,False,True
P,lbfs_Re800,496,0.07,False,True
P,lbfs_Re800,496,0.030000000000000027,False,True
P,lbfs_Re800,496,0.03999999999999998,False,True
P,lbfs_Re800,497,0.010000000000000009,False,True
P,lbfs_Re800,497,0.020000000000000018,False,True
P,lbfs_Re800,497,0.030000000000000027,False,True
P,lbfs_Re800,498,0.06,False,True
P,lbfs_Re800,498,0.04000000000000001,False,True
P,lbfs_Re800,498,0.03,False,True
P,lbfs_Re800,499,0.020000000000000018,False,True
P,lbfs_Re800,499,0.050000000000000044,False,True
P,lbfs_Re800,499,0.030000000000000027,False,True
P,lbfs_Re800,500,0.07,False,True
P,lbfs_Re800,500,0.06,False,True
P,lbfs_Re800,500,0.010000000000000009,False,True
P,lbfs_Re800,501,0.020000000000000018,False,True
P,lbfs_Re800,501,0.020000000000000018,False,True
P,lbfs_Re800,501,0.040000000000000036,False,True
P,lbfs_Re800,502,0.030000000000000027,False,True
P,lbfs_Re800,502,0.03999999999999998,False,True
P,lbfs_Re800,502,0.03999999999999998,False,True
P,lbfs_Re800,503,0.030000000000000027,False,True
P,lbfs_Re800,503,0.040000000000000036,False,True
P,lbfs_Re800,503,0.010000000000000009,False,True
P,lbfs_Re800,504,0.03999999999999998,False,True
P,lbfs_Re800,504,0.03999999999999998,False,True
P,lbfs_Re800,504,0.0,True,True
P,lbfs_Re800,505,0.06,False,True
P,lbfs_Re800,505,0.020000000000000018,False,True
P,lbfs_Re800,505,0.050000000000000044,False,True
P,lbfs_Re800,506,0.08000000000000002,False,True
P,lbfs_Re800,506,0.030000000000000027,False,True
P,lbfs_Re800,506,0.04999999999999999,False,True
P,lbfs_Re800,507,0.010000000000000009,False,True
P,lbfs_Re800,507,0.06,False,True
P,lbfs_Re800,507,0.04999999999999999,False,True
P,lbfs_Re800,508,0.010000000000000002,False,True
P,lbfs_Re800,508,0.020000000000000018,False,True
P,lbfs_Re800,508,0.020000000000000018,False,True
P,lbfs_Re800,509,0.020000000000000018,False,True
P,lbfs_Re800,509,0.09000000000000002,False,True
P,lbfs_Re800,509,0.07,False,True
P,lbfs_Re800,510,0.03999999999999998,False,True
P,lbfs_Re800,510,0.020000000000000018,False,True
P,lbfs_Re800,510,0.019999999999999962,False,True
P,lbfs_Re800,511,0.020000000000000018,False,True
P,lbfs_Re800,511,0.030000000000000027,False,True
P,lbfs_Re800,511,0.010000000000000009,False,True
P,lbfs_Re800,512,0.03999999999999998,False,True
P,lbfs_Re800,512,0.030000000000000027,False,True
P,lbfs_Re800,512,0.020000000000000018,False,True
P,lbfs_Re800,513,0.050000000000000044,False,True
P,lbfs_Re800,513,0.020000000000000018,False,True
P,lbfs_Re800,513,0.040000000000000036,False,True
P,lbfs_Re800,514,0.02999999999999997,False,True
P,lbfs_Re800,514,0.07999999999999996,False,True
P,lbfs_Re800,514,0.04999999999999999,False,True
P,lbfs_Re800,515,0.010000000000000009,False,True
P,lbfs_Re800,515,0.010000000000000009,False,True
P,lbfs_Re800,515,0.010000000000000009,False,True
P,lbfs_Re800,516,0.010000000000000009,False,True
P,lbfs_Re800,516,0.04999999999999999,False,True
P,lbfs_Re800,516,0.03999999999999998,False,True
P,lbfs_Re800,517,0.06000000000000005,False,True
P,lbfs_Re800,517,0.06000000000000005,False,True
P,lbfs_Re800,517,0.0,True,True
P,lbfs_Re800,518,0.010000000000000009,False,True
P,lbfs_Re800,518,0.010000000000000009,False,True
P,lbfs_Re800,518,0.0,True,True
P,lbfs_Re800,519,0.02999999999999997,False,True
P,lbfs_Re800,519,0.02999999999999997,False,True
P,lbfs_Re800,519,0.010000000000000009,False,True
P,lbfs_Re800,520,0.030000000000000027,False,True
P,lbfs_Re800,520,0.09000000000000002,False,True
P,lbfs_Re800,520,0.06,False,True
P,lbfs_Re800,521,0.020000000000000018,False,True
P,lbfs_Re800,521,0.040000000000000036,False,True
P,lbfs_Re800,521,0.020000000000000018,False,True
P,lbfs_Re800,522,0.010000000000000009,False,True
P,lbfs_Re800,522,0.04999999999999999,False,True
P,lbfs_Re800,522,0.04999999999999999,False,True
P,lbfs_Re800,523,0.020000000000000018,False,True
P,lbfs_Re800,523,0.020000000000000018,False,True
P,lbfs_Re800,523,0.040000000000000036,False,True
P,lbfs_Re800,524,0.030000000000000027,False,True
P,lbfs_Re800,524,0.020000000000000018,False,True
P,lbfs_Re800,524,0.050000000000000044,False,True
P,lbfs_Re800,525,0.020000000000000018,False,True
P,lbfs_Re800,525,0.08000000000000002,False,True
P,lbfs_Re800,525,0.08000000000000002,False,True
P,lbfs_Re800,526,0.019999999999999962,False,True
P,lbfs_Re800,526,0.040000000000000036,False,True
P,lbfs_Re800,526,0.06,False,True
P,lbfs_Re800,527,0.13000000000000006,False,True
P,lbfs_Re800,527,0.11000000000000004,False,True
P,lbfs_Re800,527,0.020000000000000018,False,True
P,lbfs_Re800,528,0.03999999999999998,False,True
P,lbfs_Re800,528,0.010000000000000009,False,True
P,lbfs_Re800,528,0.030000000000000027,False,True
P,lbfs_Re800,529,0.02999999999999997,False,True
P,lbfs_Re800,529,0.020000000000000018,False,True
P,lbfs_Re800,529,0.03999999999999998,False,True
P,lbfs_Re800,530,0.010000000000000009,False,True
P,lbfs_Re800,530,0.010000000000000009,False,True
P,lbfs_Re800,530,0.010000000000000009,False,True
P,lbfs_Re800,531,0.030000000000000027,False,True
P,lbfs_Re800,531,0.030000000000000027,False,True
P,lbfs_Re800,531,0.009999999999999995,False,True
P,lbfs_Re800,532,0.08000000000000002,False,True
P,lbfs_Re800,532,0.04000000000000001,False,True
P,lbfs_Re800,532,0.07,False,True
P,lbfs_Re800,533,0.010000000000000009,False,True
P,lbfs_Re800,533,0.04999999999999999,False,True
P,lbfs_Re800,533,0.04999999999999999,False,True
P,lbfs_Re800,534,0.04999999999999999,False,True
P,lbfs_Re800,534,0.0,True,True
P,lbfs_Re800,534,0.04999999999999999,False,True
P,lbfs_Re800,535,0.07,False,True
P,lbfs_Re800,535,0.020000000000000004,False,True
P,lbfs_Re800,535,0.08000000000000002,False,True
P,lbfs_Re800,536,0.020000000000000018,False,True
P,lbfs_Re800,536,0.010000000000000009,False,True
P,lbfs_Re800,536,0.030000000000000027,False,True
P,lbfs_Re800,537,0.06,False,True
P,lbfs_Re800,537,0.019999999999999962,False,True
P,lbfs_Re800,537,0.040000000000000036,False,True
P,lbfs_Re800,538,0.07,False,True
P,lbfs_Re800,538,0.07,False,True
P,lbfs_Re800,538,0.010000000000000009,False,True
P,lbfs_Re800,539,0.010000000000000009,False,True
P,lbfs_Re800,539,0.030000000000000027,False,True
P,lbfs_Re800,539,0.020000000000000018,False,True
P,lbfs_Re800,540,0.010000000000000009,False,True
P,lbfs_Re800,540,0.010000000000000009,False,True
P,lbfs_Re800,540,0.020000000000000018,False,True
P,lbfs_Re800,541,0.04999999999999999,False,True
P,lbfs_Re800,541,0.010000000000000009,False,True
P,lbfs_Re800,541,0.04999999999999999,False,True
P,lbfs_Re800,542,0.020000000000000018,False,True
P,lbfs_Re800,542,0.08999999999999997,False,True
P,lbfs_Re800,542,0.07,False,True
P,lbfs_Re800,543,0.020000000000000018,False,True
P,lbfs_Re800,543,0.020000000000000004,False,True
P,lbfs_Re800,543,0.01999999999999999,False,True
P,lbfs_Re800,544,0.10000000000000003,False,True
P,lbfs_Re800,544,0.06000000000000005,False,True
P,lbfs_Re800,544,0.03999999999999998,False,True
P,lbfs_Re800,545,0.020000000000000018,False,True
P,lbfs_Re800,545,0.010000000000000009,False,True
P,lbfs_Re800,545,0.010000000000000009,False,True
P,lbfs_Re800,546,0.040000000000000036,False,True
P,lbfs_Re800,546,0.04999999999999999,False,True
P,lbfs_Re800,546,0.010000000000000009,False,True
P,lbfs_Re800,547,0.05999999999999994,False,True
P,lbfs_Re800,547,0.03999999999999998,False,True
P,lbfs_Re800,547,0.05999999999999994,False,True
P,lbfs_Re800,548,0.030000000000000027,False,True
P,lbfs_Re800,548,0.030000000000000027,False,True
P,lbfs_Re800,548,0.010000000000000009,False,True
P,lbfs_Re800,549,0.07,False,True
P,lbfs_Re800,549,0.030000000000000027,False,True
P,lbfs_Re800,549,0.03999999999999998,False,True
P,lbfs_Re800,550,0.030000000000000027,False,True
P,lbfs_Re800,550,0.06,False,True
P,lbfs_Re800,550,0.04999999999999999,False,True
P,lbfs_Re800,551,0.010000000000000009,False,True
P,lbfs_Re800,551,0.04999999999999999,False,True
P,lbfs_Re800,551,0.04999999999999999,False,True
P,lbfs_Re800,552,0.020000000000000018,False,True
P,lbfs_Re800,552,0.02999999999999997,False,True
P,lbfs_Re800,552,0.02999999999999997,False,True
P,lbfs_Re800,553,0.020000000000000018,False,True
P,lbfs_Re800,553,0.009999999999999953,False,True
P,lbfs_Re800,553,0.02999999999999997,False,True
P,lbfs_Re800,554,0.03999999999999998,False,True
P,lbfs_Re800,554,0.03999999999999998,False,True
P,lbfs_Re800,554,0.030000000000000027,False,True
P,lbfs_Re800,555,0.10000000000000003,False,True
P,lbfs_Re800,555,0.030000000000000027,False,True
P,lbfs_Re800,555,0.07,False,True
P,lbfs_Re800,556,0.009999999999999953,False,True
P,lbfs_Re800,556,0.020000000000000018,False,True
P,lbfs_Re800,556,0.020000000000000018,False,True
P,lbfs_Re800,557,0.020000000000000018,False,True
P,lbfs_Re800,557,0.06,False,True
P,lbfs_Re800,557,0.07,False,True
P,lbfs_Re800,558,0.04999999999999999,False,True
P,lbfs_Re800,558,0.16000000000000003,False,True
P,lbfs_Re800,558,0.11000000000000004,False,True
P,lbfs_Re800,559,0.010000000000000009,False,True
P,lbfs_Re800,559,0.04999999999999999,False,True
P,lbfs_Re800,559,0.06,False,True
P,lbfs_Re800,560,0.09000000000000002,False,True
P,lbfs_Re800,560,0.09000000000000002,False,True
P,lbfs_Re800,560,0.020000000000000018,False,True
P,lbfs_Re800,561,0.09000000000000002,False,True
P,lbfs_Re800,561,0.04999999999999999,False,True
P,lbfs_Re800,561,0.040000000000000036,False,True
P,lbfs_Re800,562,0.010000000000000009,False,True
P,lbfs_Re800,562,0.020000000000000018,False,True
P,lbfs_Re800,562,0.030000000000000027,False,True
P,lbfs_Re800,563,0.02999999999999997,False,True
P,lbfs_Re800,563,0.030000000000000027,False,True
P,lbfs_Re800,563,0.010000000000000009,False,True
P,lbfs_Re800,564,0.07000000000000006,False,True
P,lbfs_Re800,564,0.10000000000000003,False,True
P,lbfs_Re800,564,0.02999999999999997,False,True
P,lbfs_Re800,565,0.030000000000000027,False,True
P,lbfs_Re800,565,0.06,False,True
P,lbfs_Re800,565,0.02999999999999997,False,True
P,lbfs_Re800,566,0.030000000000000027,False,True
P,lbfs_Re800,566,0.010000000000000009,False,True
P,lbfs_Re800,566,0.020000000000000018,False,True
P,lbfs_Re800,567,0.04999999999999999,False,True
P,lbfs_Re800,567,0.030000000000000027,False,True
P,lbfs_Re800,567,0.08000000000000002,False,True
P,lbfs_Re800,568,0.020000000000000018,False,True
P,lbfs_Re800,568,0.010000000000000009,False,True
P,lbfs_Re800,568,0.010000000000000009,False,True
P,lbfs_Re800,569,0.03,False,True
P,lbfs_Re800,569,0.01999999999999999,False,True
P,lbfs_Re800,569,0.010000000000000009,False,True
P,lbfs_Re800,570,0.03,False,True
P,lbfs_Re800,570,0.01999999999999999,False,True
P,lbfs_Re800,570,0.030000000000000027,False,True
P,lbfs_Re800,571,0.019999999999999962,False,True
P,lbfs_Re800,571,0.03999999999999998,False,True
P,lbfs_Re800,571,0.020000000000000018,False,True
P,lbfs_Re800,572,0.030000000000000027,False,True
P,lbfs_Re800,572,0.010000000000000009,False,True
P,lbfs_Re800,572,0.03999999999999998,False,True
P,lbfs_Re800,573,0.040000000000000036,False,True
P,lbfs_Re800,573,0.08000000000000002,False,True
P,lbfs_Re800,573,0.03999999999999998,False,True
P,lbfs_Re800,574,0.020000000000000018,False,True
P,lbfs_Re800,574,0.030000000000000027,False,True
P,lbfs_Re800,574,0.040000000000000036,False,True
P,lbfs_Re800,575,0.03,False,True
P,lbfs_Re800,575,0.05000000000000002,False,True
P,lbfs_Re800,575,0.020000000000000018,False,True
P,lbfs_Re800,576,0.06,False,True
P,lbfs_Re800,576,0.08999999999999997,False,True
P,lbfs_Re800,576,0.02999999999999997,False,True
P,lbfs_Re800,577,0.030000000000000027,False,True
P,lbfs_Re800,577,0.02999999999999997,False,True
P,lbfs_Re800,577,0.06,False,True
P,lbfs_Re800,578,0.030000000000000027,False,True
P,lbfs_Re800,578,0.040000000000000036,False,True
P,lbfs_Re800,578,0.010000000000000009,False,True
P,lbfs_Re800,579,0.040000000000000036,False,True
P,lbfs_Re800,579,0.040000000000000036,False,True
P,lbfs_Re800,579,0.020000000000000018,False,True
P,lbfs_Re800,580,0.030000000000000027,False,True
P,lbfs_Re800,580,0.03999999999999998,False,True
P,lbfs_Re800,580,0.03999999999999998,False,True
P,lbfs_Re800,581,0.010000000000000009,False,True
P,lbfs_Re800,581,0.020000000000000018,False,True
P,lbfs_Re800,581,0.020000000000000018,False,True
P,lbfs_Re800,582,0.020000000000000018,False,True
P,lbfs_Re800,582,0.050000000000000044,False,True
P,lbfs_Re800,582,0.04999999999999999,False,True
P,lbfs_Re800,583,0.030000000000000027,False,True
P,lbfs_Re800,583,0.030000000000000027,False,True
P,lbfs_Re800,583,0.0,True,True
P,lbfs_Re800,584,0.050000000000000044,False,True
P,lbfs_Re800,584,0.020000000000000018,False,True
P,lbfs_Re800,584,0.040000000000000036,False,True
P,lbfs_Re800,585,0.020000000000000018,False,True
P,lbfs_Re800,585,0.020000000000000018,False,True
P,lbfs_Re800,585,0.010000000000000009,False,True
P,lbfs_Re800,586,0.010000000000000009,False,True
P,lbfs_Re800,586,0.010000000000000009,False,True
P,lbfs_Re800,586,0.010000000000000009,False,True
P,lbfs_Re800,587,0.030000000000000027,False,True
P,lbfs_Re800,587,0.07,False,True
P,lbfs_Re800,587,0.03999999999999998,False,True
P,lbfs_Re800,588,0.010000000000000009,False,True
P,lbfs_Re800,588,0.03999999999999998,False,True
P,lbfs_Re800,588,0.02999999999999997,False,True
P,lbfs_Re800,589,0.08000000000000002,False,True
P,lbfs_Re800,589,0.06,False,True
P,lbfs_Re800,589,0.020000000000000018,False,True
P,lbfs_Re800,590,0.029999999999999916,False,True
P,lbfs_Re800,590,0.02999999999999997,False,True
P,lbfs_Re800,590,0.04999999999999999,False,True
P,lbfs_Re800,591,0.04999999999999999,False,True
P,lbfs_Re800,591,0.03999999999999998,False,True
P,lbfs_Re800,591,0.08999999999999997,False,True
P,lbfs_Re800,592,0.010000000000000009,False,True
P,lbfs_Re800,592,0.020000000000000018,False,True
P,lbfs_Re800,592,0.010000000000000009,False,True
P,lbfs_Re800,593,0.02999999999999997,False,True
P,lbfs_Re800,593,0.010000000000000009,False,True
P,lbfs_Re800,593,0.02999999999999997,False,True
P,lbfs_Re800,594,0.020000000000000018,False,True
P,lbfs_Re800,594,0.020000000000000018,False,True
P,lbfs_Re800,594,0.030000000000000027,False,True
P,lbfs_Re800,595,0.020000000000000018,False,True
P,lbfs_Re800,595,0.0,True,True
P,lbfs_Re800,595,0.020000000000000018,False,True
P,lbfs_Re800,596,0.010000000000000009,False,True
P,lbfs_Re800,596,0.030000000000000027,False,True
P,lbfs_Re800,596,0.020000000000000018,False,True
P,lbfs_Re800,597,0.09000000000000002,False,True
P,lbfs_Re800,597,0.040000000000000036,False,True
P,lbfs_Re800,597,0.04999999999999999,False,True
P,lbfs_Re800,598,0.030000000000000027,False,True
P,lbfs_Re800,598,0.030000000000000027,False,True
P,lbfs_Re800,598,0.0,True,True
P,lbfs_Re800,599,0.06,False,True
P,lbfs_Re800,599,0.08000000000000002,False,True
P,lbfs_Re800,599,0.03,False,True
P,lbfs_Re800,600,0.019999999999999962,False,True
P,lbfs_Re800,600,0.02999999999999997,False,True
P,lbfs_Re800,600,0.01999999999999999,False,True
P,lbfs_Re800,601,0.02999999999999997,False,True
P,lbfs_Re800,601,0.020000000000000018,False,True
P,lbfs_Re800,601,0.04999999999999999,False,True
P,lbfs_Re800,602,0.020000000000000018,False,True
P,lbfs_Re800,602,0.04999999999999999,False,True
P,lbfs_Re800,602,0.07,False,True
P,lbfs_Re800,603,0.03999999999999998,False,True
P,lbfs_Re800,603,0.01999999999999999,False,True
P,lbfs_Re800,603,0.02999999999999997,False,True
P,lbfs_Re800,604,0.010000000000000009,False,True
P,lbfs_Re800,604,0.010000000000000009,False,True
P,lbfs_Re800,604,0.020000000000000004,False,True
P,lbfs_Re800,605,0.02999999999999997,False,True
P,lbfs_Re800,605,0.03,False,True
P,lbfs_Re800,605,0.03999999999999998,False,True
P,lbfs_Re800,606,0.020000000000000018,False,True
P,lbfs_Re800,606,0.040000000000000036,False,True
P,lbfs_Re800,606,0.03,False,True
P,lbfs_Re800,607,0.03999999999999998,False,True
P,lbfs_Re800,607,0.03,False,True
P,lbfs_Re800,607,0.01999999999999999,False,True
P,lbfs_Re800,608,0.030000000000000027,False,True
P,lbfs_Re800,608,0.040000000000000036,False,True
P,lbfs_Re800,608,0.010000000000000009,False,True
P,lbfs_Re800,609,0.06,False,True
P,lbfs_Re800,609,0.02999999999999997,False,True
P,lbfs_Re800,609,0.030000000000000027,False,True
P,lbfs_Re800,610,0.04999999999999999,False,True
P,lbfs_Re800,610,0.030000000000000027,False,True
P,lbfs_Re800,610,0.08000000000000002,False,True
P,lbfs_Re800,611,0.09000000000000002,False,True
P,lbfs_Re800,611,0.12000000000000005,False,True
P,lbfs_Re800,611,0.030000000000000027,False,True
P,lbfs_Re800,612,0.03999999999999998,False,True
P,lbfs_Re800,612,0.019999999999999962,False,True
P,lbfs_Re800,612,0.030000000000000027,False,True
P,lbfs_Re800,613,0.04999999999999999,False,True
P,lbfs_Re800,613,0.03999999999999998,False,True
P,lbfs_Re800,613,0.010000000000000009,False,True
P,lbfs_Re800,614,0.02999999999999997,False,True
P,lbfs_Re800,614,0.020000000000000018,False,True
P,lbfs_Re800,614,0.019999999999999962,False,True
P,lbfs_Re800,615,0.08000000000000002,False,True
P,lbfs_Re800,615,0.020000000000000018,False,True
P,lbfs_Re800,615,0.06,False,True
P,lbfs_Re800,616,0.03999999999999998,False,True
P,lbfs_Re800,616,0.020000000000000018,False,True
P,lbfs_Re800,616,0.03999999999999998,False,True
P,lbfs_Re800,617,0.030000000000000027,False,True
P,lbfs_Re800,617,0.019999999999999962,False,True
P,lbfs_Re800,617,0.03999999999999998,False,True
P,lbfs_Re800,618,0.08000000000000002,False,True
P,lbfs_Re800,618,0.06,False,True
P,lbfs_Re800,618,0.020000000000000018,False,True
P,lbfs_Re800,619,0.0,True,True
P,lbfs_Re800,619,0.020000000000000018,False,True
P,lbfs_Re800,619,0.020000000000000018,False,True
P,lbfs_Re800,620,0.02999999999999997,False,True
P,lbfs_Re800,620,0.02999999999999997,False,True
P,lbfs_Re800,620,0.010000000000000009,False,True
P,lbfs_Re800,621,0.050000000000000044,False,True
P,lbfs_Re800,621,0.010000000000000009,False,True
P,lbfs_Re800,621,0.050000000000000044,False,True
P,lbfs_Re800,622,0.020000000000000018,False,True
P,lbfs_Re800,622,0.030000000000000027,False,True
P,lbfs_Re800,622,0.020000000000000018,False,True
P,lbfs_Re800,623,0.06,False,True
P,lbfs_Re800,623,0.07,False,True
P,lbfs_Re800,623,0.010000000000000009,False,True
P,lbfs_Re800,624,0.020000000000000018,False,True
P,lbfs_Re800,624,0.030000000000000027,False,True
P,lbfs_Re800,624,0.020000000000000018,False,True
P,lbfs_Re800,625,0.030000000000000027,False,True
P,lbfs_Re800,625,0.020000000000000018,False,True
P,lbfs_Re800,625,0.010000000000000009,False,True
P,lbfs_Re800,626,0.04999999999999999,False,True
P,lbfs_Re800,626,0.040000000000000036,False,True
P,lbfs_Re800,626,0.09000000000000002,False,True
P,lbfs_Re800,627,0.020000000000000018,False,True
P,lbfs_Re800,627,0.010000000000000009,False,True
P,lbfs_Re800,627,0.030000000000000027,False,True
P,lbfs_Re800,628,0.010000000000000009,False,True
P,lbfs_Re800,628,0.010000000000000009,False,True
P,lbfs_Re800,628,0.010000000000000009,False,True
P,lbfs_Re800,629,0.08000000000000002,False,True
P,lbfs_Re800,629,0.030000000000000027,False,True
P,lbfs_Re800,629,0.11000000000000004,False,True
P,lbfs_Re800,630,0.040000000000000036,False,True
P,lbfs_Re800,630,0.020000000000000018,False,True
P,lbfs_Re800,630,0.06000000000000005,False,True
P,lbfs_Re800,631,0.040000000000000036,False,True
P,lbfs_Re800,631,0.020000000000000018,False,True
P,lbfs_Re800,631,0.020000000000000018,False,True
P,lbfs_Re800,632,0.030000000000000027,False,True
P,lbfs_Re800,632,0.09000000000000002,False,True
P,lbfs_Re800,632,0.12000000000000005,False,True
P,lbfs_Re800,633,0.010000000000000009,False,True
P,lbfs_Re800,633,0.04999999999999999,False,True
P,lbfs_Re800,633,0.040000000000000036,False,True
P,lbfs_Re800,634,0.11000000000000004,False,True
P,lbfs_Re800,634,0.11000000000000004,False,True
P,lbfs_Re800,634,0.040000000000000036,False,True
P,lbfs_Re800,635,0.050000000000000044,False,True
P,lbfs_Re800,635,0.03999999999999998,False,True
P,lbfs_Re800,635,0.09000000000000002,False,True
P,lbfs_Re800,636,0.020000000000000018,False,True
P,lbfs_Re800,636,0.030000000000000027,False,True
P,lbfs_Re800,636,0.019999999999999962,False,True
P,lbfs_Re800,637,0.020000000000000018,False,True
P,lbfs_Re800,637,0.040000000000000036,False,True
P,lbfs_Re800,637,0.030000000000000027,False,True
P,lbfs_Re800,638,0.010000000000000002,False,True
P,lbfs_Re800,638,0.020000000000000018,False,True
P,lbfs_Re800,638,0.020000000000000018,False,True
P,lbfs_Re800,639,0.020000000000000018,False,True
P,lbfs_Re800,639,0.040000000000000036,False,True
P,lbfs_Re800,639,0.040000000000000036,False,True
P,lbfs_Re800,640,0.040000000000000036,False,True
P,lbfs_Re800,640,0.040000000000000036,False,True
P,lbfs_Re800,640,0.010000000000000009,False,True
P,lbfs_Re800,641,0.06,False,True
P,lbfs_Re800,641,0.06,False,True
P,lbfs_Re800,641,0.010000000000000009,False,True
P,lbfs_Re800,642,0.019999999999999962,False,True
P,lbfs_Re800,642,0.07,False,True
P,lbfs_Re800,642,0.050000000000000044,False,True
P,lbfs_Re800,643,0.040000000000000036,False,True
P,lbfs_Re800,643,0.06000000000000005,False,True
P,lbfs_Re800,643,0.06,False,True
P,lbfs_Re800,644,0.030000000000000027,False,True
P,lbfs_Re800,644,0.07,False,True
P,lbfs_Re800,644,0.03999999999999998,False,True
P,lbfs_Re800,645,0.010000000000000009,False,True
P,lbfs_Re800,645,0.020000000000000018,False,True
P,lbfs_Re800,645,0.030000000000000027,False,True
P,lbfs_Re800,646,0.08000000000000002,False,True
P,lbfs_Re800,646,0.06,False,True
P,lbfs_Re800,646,0.03,False,True
P,lbfs_Re800,647,0.03,False,True
P,lbfs_Re800,647,0.03,False,True
P,lbfs_Re800,647,0.020000000000000018,False,True
P,lbfs_Re800,648,0.04999999999999999,False,True
P,lbfs_Re800,648,0.03,False,True
P,lbfs_Re800,648,0.03999999999999998,False,True
P,lbfs_Re800,649,0.01999999999999999,False,True
P,lbfs_Re800,649,0.020000000000000018,False,True
P,lbfs_Re800,649,0.03999999999999998,False,True
P,lbfs_Re800,650,0.030000000000000027,False,True
P,lbfs_Re800,650,0.030000000000000027,False,True
P,lbfs_Re800,650,0.03,False,True
P,lbfs_Re800,651,0.01999999999999999,False,True
P,lbfs_Re800,651,0.020000000000000018,False,True
P,lbfs_Re800,651,0.020000000000000018,False,True
P,lbfs_Re800,652,0.030000000000000027,False,True
P,lbfs_Re800,652,0.07,False,True
P,lbfs_Re800,652,0.03999999999999998,False,True
P,lbfs_Re800,653,0.03999999999999998,False,True
P,lbfs_Re800,653,0.03999999999999998,False,True
P,lbfs_Re800,653,0.03,False,True
P,lbfs_Re800,654,0.020000000000000018,False,True
P,lbfs_Re800,654,0.020000000000000018,False,True
P,lbfs_Re800,654,0.040000000000000036,False,True
P,lbfs_Re800,655,0.06,False,True
P,lbfs_Re800,655,0.020000000000000018,False,True
P,lbfs_Re800,655,0.03999999999999998,False,True
P,lbfs_Re800,656,0.050000000000000044,False,True
P,lbfs_Re800,656,0.020000000000000004,False,True
P,lbfs_Re800,656,0.040000000000000036,False,True
P,lbfs_Re800,657,0.03999999999999998,False,True
P,lbfs_Re800,657,0.03,False,True
P,lbfs_Re800,657,0.06,False,True
P,lbfs_Re800,658,0.02999999999999997,False,True
P,lbfs_Re800,658,0.030000000000000027,False,True
P,lbfs_Re800,658,0.050000000000000044,False,True
P,lbfs_Re800,659,0.020000000000000018,False,True
P,lbfs_Re800,659,0.040000000000000036,False,True
P,lbfs_Re800,659,0.020000000000000018,False,True
P,lbfs_Re800,660,0.020000000000000018,False,True
P,lbfs_Re800,660,0.040000000000000036,False,True
P,lbfs_Re800,660,0.020000000000000018,False,True
P,lbfs_Re800,661,0.020000000000000018,False,True
P,lbfs_Re800,661,0.04999999999999999,False,True
P,lbfs_Re800,661,0.04999999999999999,False,True
P,lbfs_Re800,662,0.019999999999999962,False,True
P,lbfs_Re800,662,0.010000000000000009,False,True
P,lbfs_Re800,662,0.02999999999999997,False,True
P,lbfs_Re800,663,0.010000000000000009,False,True
P,lbfs_Re800,663,0.03999999999999998,False,True
P,lbfs_Re800,663,0.02999999999999997,False,True
P,lbfs_Re800,664,0.08000000000000002,False,True
P,lbfs_Re800,664,0.07,False,True
P,lbfs_Re800,664,0.010000000000000009,False,True
P,lbfs_Re800,665,0.040000000000000036,False,True
P,lbfs_Re800,665,0.010000000000000009,False,True
P,lbfs_Re800,665,0.030000000000000027,False,True
P,lbfs_Re800,666,0.020000000000000018,False,True
P,lbfs_Re800,666,0.020000000000000018,False,True
P,lbfs_Re800,666,0.010000000000000009,False,True
P,lbfs_Re800,667,0.009999999999999953,False,True
P,lbfs_Re800,667,0.04999999999999999,False,True
P,lbfs_Re800,667,0.040000000000000036,False,True
P,lbfs_Re800,668,0.0,True,True
P,lbfs_Re800,668,0.020000000000000018,False,True
P,lbfs_Re800,668,0.020000000000000018,False,True
P,lbfs_Re800,669,0.040000000000000036,False,True
P,lbfs_Re800,669,0.020000000000000018,False,True
P,lbfs_Re800,669,0.06000000000000005,False,True
P,lbfs_Re800,670,0.02999999999999997,False,True
P,lbfs_Re800,670,0.020000000000000018,False,True
P,lbfs_Re800,670,0.04999999999999999,False,True
P,lbfs_Re800,671,0.06,False,True
P,lbfs_Re800,671,0.010000000000000009,False,True
P,lbfs_Re800,671,0.07,False,True
P,lbfs_Re800,672,0.009999999999999898,False,True
P,lbfs_Re800,672,0.030000000000000027,False,True
P,lbfs_Re800,672,0.030000000000000027,False,True
P,lbfs_Re800,673,0.020000000000000018,False,True
P,lbfs_Re800,673,0.020000000000000018,False,True
P,lbfs_Re800,673,0.010000000000000009,False,True
P,lbfs_Re800,674,0.030000000000000027,False,True
P,lbfs_Re800,674,0.040000000000000036,False,True
P,lbfs_Re800,674,0.010000000000000009,False,True
P,lbfs_Re800,675,0.030000000000000027,False,True
P,lbfs_Re800,675,0.02999999999999997,False,True
P,lbfs_Re800,675,0.020000000000000018,False,True
P,lbfs_Re800,676,0.020000000000000018,False,True
P,lbfs_Re800,676,0.010000000000000009,False,True
P,lbfs_Re800,676,0.030000000000000027,False,True
P,lbfs_Re800,677,0.009999999999999953,False,True
P,lbfs_Re800,677,0.020000000000000018,False,True
P,lbfs_Re800,677,0.02999999999999997,False,True
P,lbfs_Re800,678,0.040000000000000036,False,True
P,lbfs_Re800,678,0.050000000000000044,False,True
P,lbfs_Re800,678,0.09000000000000008,False,True
P,lbfs_Re800,679,0.04999999999999999,False,True
P,lbfs_Re800,679,0.03999999999999998,False,True
P,lbfs_Re800,679,0.020000000000000018,False,True
P,lbfs_Re800,680,0.010000000000000009,False,True
P,lbfs_Re800,680,0.050000000000000044,False,True
P,lbfs_Re800,680,0.050000000000000044,False,True
P,lbfs_Re800,681,0.11000000000000004,False,True
P,lbfs_Re800,681,0.06,False,True
P,lbfs_Re800,681,0.050000000000000044,False,True
P,lbfs_Re800,682,0.050000000000000044,False,True
P,lbfs_Re800,682,0.020000000000000018,False,True
P,lbfs_Re800,682,0.07000000000000006,False,True
P,lbfs_Re800,683,0.010000000000000009,False,True
P,lbfs_Re800,683,0.08000000000000002,False,True
P,lbfs_Re800,683,0.07,False,True
P,lbfs_Re800,684,0.06,False,True
P,lbfs_Re800,684,0.030000000000000027,False,True
P,lbfs_Re800,684,0.02999999999999997,False,True
P,lbfs_Re800,685,0.06,False,True
P,lbfs_Re800,685,0.06999999999999995,False,True
P,lbfs_Re800,685,0.03999999999999998,False,True
P,lbfs_Re800,686,0.019999999999999962,False,True
P,lbfs_Re800,686,0.020000000000000004,False,True
P,lbfs_Re800,686,0.02999999999999997,False,True
P,lbfs_Re800,687,0.08000000000000002,False,True
P,lbfs_Re800,687,0.0,True,True
P,lbfs_Re800,687,0.08000000000000002,False,True
P,lbfs_Re800,688,0.020000000000000018,False,True
P,lbfs_Re800,688,0.03999999999999998,False,True
P,lbfs_Re800,688,0.06,False,True
P,lbfs_Re800,689,0.010000000000000009,False,True
P,lbfs_Re800,689,0.020000000000000018,False,True
P,lbfs_Re800,689,0.010000000000000009,False,True
P,lbfs_Re800,690,0.03999999999999998,False,True
P,lbfs_Re800,690,0.030000000000000027,False,True
P,lbfs_Re800,690,0.04999999999999999,False,True
P,lbfs_Re800,691,0.020000000000000018,False,True
P,lbfs_Re800,691,0.07000000000000006,False,True
P,lbfs_Re800,691,0.050000000000000044,False,True
P,lbfs_Re800,692,0.07,False,True
P,lbfs_Re800,692,0.06,False,True
P,lbfs_Re800,692,0.010000000000000009,False,True
P,lbfs_Re800,693,0.07,False,True
P,lbfs_Re800,693,0.010000000000000009,False,True
P,lbfs_Re800,693,0.07,False,True
P,lbfs_Re800,694,0.02999999999999997,False,True
P,lbfs_Re800,694,0.03999999999999998,False,True
P,lbfs_Re800,694,0.010000000000000009,False,True
P,lbfs_Re800,695,0.030000000000000027,False,True
P,lbfs_Re800,695,0.06,False,True
P,lbfs_Re800,695,0.07,False,True
P,lbfs_Re800,696,0.06000000000000005,False,True
P,lbfs_Re800,696,0.010000000000000009,False,True
P,lbfs_Re800,696,0.050000000000000044,False,True
P,lbfs_Re800,697,0.030000000000000027,False,True
P,lbfs_Re800,697,0.030000000000000027,False,True
P,lbfs_Re800,697,0.010000000000000009,False,True
P,lbfs_Re800,698,0.08000000000000002,False,True
P,lbfs_Re800,698,0.050000000000000044,False,True
P,lbfs_Re800,698,0.02999999999999997,False,True
P,lbfs_Re800,699,0.030000000000000027,False,True
P,lbfs_Re800,699,0.030000000000000027,False,True
P,lbfs_Re800,699,0.010000000000000009,False,True
P,lbfs_Re800,700,0.04999999999999999,False,True
P,lbfs_Re800,700,0.010000000000000009,False,True
P,lbfs_Re800,700,0.03999999999999998,False,True
P,lbfs_Re800,701,0.010000000000000009,False,True
P,lbfs_Re800,701,0.030000000000000027,False,True
P,lbfs_Re800,701,0.020000000000000018,False,True
P,lbfs_Re800,702,0.02999999999999997,False,True
P,lbfs_Re800,702,0.03999999999999998,False,True
P,lbfs_Re800,702,0.010000000000000009,False,True
P,lbfs_Re800,703,0.020000000000000018,False,True
P,lbfs_Re800,703,0.030000000000000027,False,True
P,lbfs_Re800,703,0.010000000000000009,False,True
P,lbfs_Re800,704,0.030000000000000027,False,True
P,lbfs_Re800,704,0.06,False,True
P,lbfs_Re800,704,0.09000000000000002,False,True
P,lbfs_Re800,705,0.010000000000000009,False,True
P,lbfs_Re800,705,0.03999999999999998,False,True
P,lbfs_Re800,705,0.04999999999999999,False,True
P,lbfs_Re800,706,0.020000000000000018,False,True
P,lbfs_Re800,706,0.020000000000000018,False,True
P,lbfs_Re800,706,0.019999999999999962,False,True
P,lbfs_Re800,707,0.040000000000000036,False,True
P,lbfs_Re800,707,0.030000000000000027,False,True
P,lbfs_Re800,707,0.010000000000000009,False,True
P,lbfs_Re800,708,0.030000000000000027,False,True
P,lbfs_Re800,708,0.010000000000000002,False,True
P,lbfs_Re800,708,0.030000000000000027,False,True
P,lbfs_Re800,709,0.009999999999999953,False,True
P,lbfs_Re800,709,0.02999999999999997,False,True
P,lbfs_Re800,709,0.020000000000000018,False,True
P,lbfs_Re800,710,0.03999999999999998,False,True
P,lbfs_Re800,710,0.08000000000000002,False,True
P,lbfs_Re800,710,0.040000000000000036,False,True
P,lbfs_Re800,711,0.040000000000000036,False,True
P,lbfs_Re800,711,0.010000000000000009,False,True
P,lbfs_Re800,711,0.030000000000000027,False,True
P,lbfs_Re800,712,0.010000000000000009,False,True
P,lbfs_Re800,712,0.010000000000000009,False,True
P,lbfs_Re800,712,0.0,True,True
P,lbfs_Re800,713,0.02999999999999997,False,True
P,lbfs_Re800,713,0.0,True,True
P,lbfs_Re800,713,0.02999999999999997,False,True
P,lbfs_Re800,714,0.020000000000000018,False,True
P,lbfs_Re800,714,0.030000000000000027,False,True
P,lbfs_Re800,714,0.050000000000000044,False,True
P,lbfs_Re800,715,0.03999999999999998,False,True
P,lbfs_Re800,715,0.04999999999999999,False,True
P,lbfs_Re800,715,0.010000000000000009,False,True
P,lbfs_Re800,716,0.03999999999999998,False,True
P,lbfs_Re800,716,0.03999999999999998,False,True
P,lbfs_Re800,716,0.010000000000000009,False,True
P,lbfs_Re800,717,0.019999999999999962,False,True
P,lbfs_Re800,717,0.010000000000000009,False,True
P,lbfs_Re800,717,0.010000000000000009,False,True
P,lbfs_Re800,718,0.030000000000000027,False,True
P,lbfs_Re800,718,0.06,False,True
P,lbfs_Re800,718,0.02999999999999997,False,True
P,lbfs_Re800,719,0.010000000000000009,False,True
P,lbfs_Re800,719,0.04999999999999999,False,True
P,lbfs_Re800,719,0.03999999999999998,False,True
P,lbfs_Re800,720,0.02999999999999997,False,True
P,lbfs_Re800,720,0.019999999999999962,False,True
P,lbfs_Re800,720,0.010000000000000009,False,True
P,lbfs_Re800,721,0.03999999999999998,False,True
P,lbfs_Re800,721,0.06,False,True
P,lbfs_Re800,721,0.020000000000000018,False,True
P,lbfs_Re800,722,0.07,False,True
P,lbfs_Re800,722,0.020000000000000018,False,True
P,lbfs_Re800,722,0.09000000000000002,False,True
P,lbfs_Re800,723,0.07,False,True
P,lbfs_Re800,723,0.06,False,True
P,lbfs_Re800,723,0.010000000000000009,False,True
P,lbfs_Re800,724,0.030000000000000027,False,True
P,lbfs_Re800,724,0.020000000000000018,False,True
P,lbfs_Re800,724,0.050000000000000044,False,True
P,lbfs_Re800,725,0.020000000000000018,False,True
P,lbfs_Re800,725,0.010000000000000009,False,True
P,lbfs_Re800,725,0.020000000000000018,False,True
P,lbfs_Re800,726,0.030000000000000027,False,True
P,lbfs_Re800,726,0.030000000000000027,False,True
P,lbfs_Re800,726,0.0,True,True
P,lbfs_Re800,727,0.019999999999999962,False,True
P,lbfs_Re800,727,0.010000000000000009,False,True
P,lbfs_Re800,727,0.020000000000000018,False,True
P,lbfs_Re800,728,0.020000000000000018,False,True
P,lbfs_Re800,728,0.050000000000000044,False,True
P,lbfs_Re800,728,0.030000000000000027,False,True
P,lbfs_Re800,729,0.02999999999999997,False,True
P,lbfs_Re800,729,0.030000000000000027,False,True
P,lbfs_Re800,729,0.06,False,True
P,lbfs_Re800,730,0.040000000000000036,False,True
P,lbfs_Re800,730,0.030000000000000027,False,True
P,lbfs_Re800,730,0.040000000000000036,False,True
P,lbfs_Re800,731,0.010000000000000009,False,True
P,lbfs_Re800,731,0.010000000000000002,False,True
P,lbfs_Re800,731,0.010000000000000009,False,True
P,lbfs_Re800,732,0.010000000000000009,False,True
P,lbfs_Re800,732,0.020000000000000018,False,True
P,lbfs_Re800,732,0.030000000000000027,False,True
P,lbfs_Re800,733,0.020000000000000018,False,True
P,lbfs_Re800,733,0.03999999999999998,False,True
P,lbfs_Re800,733,0.02999999999999997,False,True
P,lbfs_Re800,734,0.020000000000000018,False,True
P,lbfs_Re800,734,0.020000000000000018,False,True
P,lbfs_Re800,734,0.02999999999999997,False,True
P,lbfs_Re800,735,0.030000000000000027,False,True
P,lbfs_Re800,735,0.0,True,True
P,lbfs_Re800,735,0.030000000000000027,False,True
P,lbfs_Re800,736,0.020000000000000018,False,True
P,lbfs_Re800,736,0.010000000000000009,False,True
P,lbfs_Re800,736,0.020000000000000018,False,True
P,lbfs_Re800,737,0.010000000000000009,False,True
P,lbfs_Re800,737,0.03999999999999998,False,True
P,lbfs_Re800,737,0.03999999999999998,False,True
P,lbfs_Re800,738,0.030000000000000027,False,True
P,lbfs_Re800,738,0.09000000000000002,False,True
P,lbfs_Re800,738,0.06,False,True
P,lbfs_Re800,739,0.040000000000000036,False,True
P,lbfs_Re800,739,0.040000000000000036,False,True
P,lbfs_Re800,739,0.020000000000000018,False,True
P,lbfs_Re800,740,0.03999999999999998,False,True
P,lbfs_Re800,740,0.03999999999999998,False,True
P,lbfs_Re800,740,0.010000000000000009,False,True
P,lbfs_Re800,741,0.06,False,True
P,lbfs_Re800,741,0.050000000000000044,False,True
P,lbfs_Re800,741,0.009999999999999953,False,True
P,lbfs_Re800,742,0.010000000000000009,False,True
P,lbfs_Re800,742,0.06000000000000005,False,True
P,lbfs_Re800,742,0.050000000000000044,False,True
P,lbfs_Re800,743,0.02999999999999997,False,True
P,lbfs_Re800,743,0.030000000000000027,False,True
P,lbfs_Re800,743,0.06,False,True
P,lbfs_Re800,744,0.020000000000000018,False,True
P,lbfs_Re800,744,0.03999999999999998,False,True
P,lbfs_Re800,744,0.06,False,True
P,lbfs_Re800,745,0.07,False,True
P,lbfs_Re800,745,0.040000000000000036,False,True
P,lbfs_Re800,745,0.02999999999999997,False,True
P,lbfs_Re800,746,0.020000000000000018,False,True
P,lbfs_Re800,746,0.03999999999999998,False,True
P,lbfs_Re800,746,0.02999999999999997,False,True
P,lbfs_Re800,747,0.040000000000000036,False,True
P,lbfs_Re800,747,0.04999999999999999,False,True
P,lbfs_Re800,747,0.08000000000000002,False,True
P,lbfs_Re800,748,0.08000000000000002,False,True
P,lbfs_Re800,748,0.010000000000000009,False,True
P,lbfs_Re800,748,0.07,False,True
P,lbfs_Re800,749,0.04999999999999999,False,True
P,lbfs_Re800,749,0.02999999999999997,False,True
P,lbfs_Re800,749,0.020000000000000018,False,True
P,lbfs_Re800,750,0.019999999999999962,False,True
P,lbfs_Re800,750,0.040000000000000036,False,True
P,lbfs_Re800,750,0.06,False,True
P,lbfs_Re800,751,0.040000000000000036,False,True
P,lbfs_Re800,751,0.030000000000000027,False,True
P,lbfs_Re800,751,0.010000000000000009,False,True
P,lbfs_Re800,752,0.08000000000000002,False,True
P,lbfs_Re800,752,0.07,False,True
P,lbfs_Re800,752,0.039999999999999925,False,True
P,lbfs_Re800,753,0.039999999999999925,False,True
P,lbfs_Re800,753,0.009999999999999898,False,True
P,lbfs_Re800,753,0.030000000000000027,False,True
P,lbfs_Re800,754,0.04999999999999999,False,True
P,lbfs_Re800,754,0.050000000000000044,False,True
P,lbfs_Re800,754,0.10000000000000003,False,True
P,lbfs_Re800,755,0.06,False,True
P,lbfs_Re800,755,0.030000000000000027,False,True
P,lbfs_Re800,755,0.09000000000000002,False,True
P,lbfs_Re800,756,0.030000000000000027,False,True
P,lbfs_Re800,756,0.10000000000000003,False,True
P,lbfs_Re800,756,0.07,False,True
P,lbfs_Re800,757,0.0,True,True
P,lbfs_Re800,757,0.08000000000000002,False,True
P,lbfs_Re800,757,0.08000000000000002,False,True
P,lbfs_Re800,758,0.010000000000000009,False,True
P,lbfs_Re800,758,0.030000000000000027,False,True
P,lbfs_Re800,758,0.030000000000000027,False,True
P,lbfs_Re800,759,0.02999999999999997,False,True
P,lbfs_Re800,759,0.020000000000000018,False,True
P,lbfs_Re800,759,0.04999999999999999,False,True
P,lbfs_Re800,760,0.020000000000000018,False,True
P,lbfs_Re800,760,0.07,False,True
P,lbfs_Re800,760,0.050000000000000044,False,True
P,lbfs_Re800,761,0.020000000000000018,False,True
P,lbfs_Re800,761,0.04999999999999999,False,True
P,lbfs_Re800,761,0.07,False,True
P,lbfs_Re800,762,0.010000000000000009,False,True
P,lbfs_Re800,762,0.03999999999999998,False,True
P,lbfs_Re800,762,0.02999999999999997,False,True
P,lbfs_Re800,763,0.040000000000000036,False,True
P,lbfs_Re800,763,0.02999999999999997,False,True
P,lbfs_Re800,763,0.07,False,True
P,lbfs_Re800,764,0.03999999999999998,False,True
P,lbfs_Re800,764,0.04999999999999999,False,True
P,lbfs_Re800,764,0.019999999999999907,False,True
P,lbfs_Re800,765,0.02999999999999997,False,True
P,lbfs_Re800,765,0.020000000000000018,False,True
P,lbfs_Re800,765,0.04999999999999999,False,True
P,lbfs_Re800,766,0.040000000000000036,False,True
P,lbfs_Re800,766,0.020000000000000018,False,True
P,lbfs_Re800,766,0.020000000000000018,False,True
P,lbfs_Re800,767,0.030000000000000027,False,True
P,lbfs_Re800,767,0.030000000000000027,False,True
P,lbfs_Re800,767,0.010000000000000009,False,True
P,lbfs_Re800,768,0.02999999999999997,False,True
P,lbfs_Re800,768,0.04999999999999999,False,True
P,lbfs_Re800,768,0.020000000000000018,False,True
P,lbfs_Re800,769,0.030000000000000027,False,True
P,lbfs_Re800,769,0.030000000000000027,False,True
P,lbfs_Re800,769,0.020000000000000018,False,True
P,lbfs_Re800,770,0.04999999999999999,False,True
P,lbfs_Re800,770,0.040000000000000036,False,True
P,lbfs_Re800,770,0.009999999999999953,False,True
P,lbfs_Re800,771,0.050000000000000044,False,True
P,lbfs_Re800,771,0.030000000000000027,False,True
P,lbfs_Re800,771,0.08000000000000007,False,True
P,lbfs_Re800,772,0.040000000000000036,False,True
P,lbfs_Re800,772,0.02999999999999997,False,True
P,lbfs_Re800,772,0.07,False,True
P,lbfs_Re800,773,0.019999999999999962,False,True
P,lbfs_Re800,773,0.040000000000000036,False,True
P,lbfs_Re800,773,0.06,False,True
P,lbfs_Re800,774,0.030000000000000027,False,True
P,lbfs_Re800,774,0.010000000000000009,False,True
P,lbfs_Re800,774,0.020000000000000018,False,True
P,lbfs_Re800,775,0.010000000000000009,False,True
P,lbfs_Re800,775,0.010000000000000009,False,True
P,lbfs_Re800,775,0.010000000000000009,False,True
P,lbfs_Re800,776,0.06,False,True
P,lbfs_Re800,776,0.07,False,True
P,lbfs_Re800,776,0.020000000000000018,False,True
P,lbfs_Re800,777,0.06999999999999995,False,True
P,lbfs_Re800,777,0.019999999999999962,False,True
P,lbfs_Re800,777,0.04999999999999999,False,True
P,lbfs_Re800,778,0.04999999999999999,False,True
P,lbfs_Re800,778,0.020000000000000018,False,True
P,lbfs_Re800,778,0.07,False,True
P,lbfs_Re800,779,0.020000000000000018,False,True
P,lbfs_Re800,779,0.02999999999999997,False,True
P,lbfs_Re800,779,0.03999999999999998,False,True
P,lbfs_Re800,780,0.020000000000000018,False,True
P,lbfs_Re800,780,0.02999999999999997,False,True
P,lbfs_Re800,780,0.04999999999999999,False,True
P,lbfs_Re800,781,0.010000000000000009,False,True
P,lbfs_Re800,781,0.030000000000000027,False,True
P,lbfs_Re800,781,0.040000000000000036,False,True
P,lbfs_Re800,782,0.03999999999999998,False,True
P,lbfs_Re800,782,0.03999999999999998,False,True
P,lbfs_Re800,782,0.010000000000000009,False,True
P,lbfs_Re800,783,0.029999999999999916,False,True
P,lbfs_Re800,783,0.03999999999999998,False,True
P,lbfs_Re800,783,0.06,False,True
P,lbfs_Re800,784,0.030000000000000027,False,True
P,lbfs_Re800,784,0.010000000000000009,False,True
P,lbfs_Re800,784,0.020000000000000018,False,True
P,lbfs_Re800,785,0.010000000000000009,False,True
P,lbfs_Re800,785,0.020000000000000018,False,True
P,lbfs_Re800,785,0.010000000000000009,False,True
P,lbfs_Re800,786,0.030000000000000027,False,True
P,lbfs_Re800,786,0.030000000000000027,False,True
P,lbfs_Re800,786,0.0,True,True
P,lbfs_Re800,787,0.04999999999999999,False,True
P,lbfs_Re800,787,0.06,False,True
P,lbfs_Re800,787,0.010000000000000009,False,True
P,lbfs_Re800,788,0.07,False,True
P,lbfs_Re800,788,0.020000000000000018,False,True
P,lbfs_Re800,788,0.04999999999999999,False,True
P,lbfs_Re800,789,0.02999999999999997,False,True
P,lbfs_Re800,789,0.03999999999999998,False,True
P,lbfs_Re800,789,0.06999999999999995,False,True
P,lbfs_Re800,790,0.02999999999999997,False,True
P,lbfs_Re800,790,0.010000000000000009,False,True
P,lbfs_Re800,790,0.019999999999999962,False,True
P,lbfs_Re800,791,0.020000000000000018,False,True
P,lbfs_Re800,791,0.030000000000000027,False,True
P,lbfs_Re800,791,0.020000000000000018,False,True
P,lbfs_Re800,792,0.019999999999999962,False,True
P,lbfs_Re800,792,0.010000000000000009,False,True
P,lbfs_Re800,792,0.019999999999999962,False,True
P,lbfs_Re800,793,0.039999999999999925,False,True
P,lbfs_Re800,793,0.05999999999999994,False,True
P,lbfs_Re800,793,0.020000000000000018,False,True
P,lbfs_Re800,794,0.010000000000000009,False,True
P,lbfs_Re800,794,0.040000000000000036,False,True
P,lbfs_Re800,794,0.030000000000000027,False,True
P,lbfs_Re800,795,0.010000000000000009,False,True
P,lbfs_Re800,795,0.010000000000000009,False,True
P,lbfs_Re800,795,0.009999999999999998,False,True
P,lbfs_Re800,796,0.010000000000000009,False,True
P,lbfs_Re800,796,0.020000000000000018,False,True
P,lbfs_Re800,796,0.030000000000000027,False,True
P,lbfs_Re800,797,0.030000000000000027,False,True
P,lbfs_Re800,797,0.020000000000000018,False,True
P,lbfs_Re800,797,0.010000000000000009,False,True
P,lbfs_Re800,798,0.020000000000000018,False,True
P,lbfs_Re800,798,0.02999999999999997,False,True
P,lbfs_Re800,798,0.04999999999999999,False,True
P,lbfs_Re800,799,0.019999999999999962,False,True
P,lbfs_Re800,799,0.019999999999999962,False,True
P,lbfs_Re800,799,0.010000000000000009,False,True
P,lbfs_Re800,800,0.010000000000000009,False,True
P,lbfs_Re800,800,0.010000000000000009,False,True
P,lbfs_Re800,800,0.020000000000000018,False,True
P,lbfs_Re800,801,0.04999999999999999,False,True
P,lbfs_Re800,801,0.06,False,True
P,lbfs_Re800,801,0.010000000000000009,False,True
P,lbfs_Re800,802,0.02999999999999997,False,True
P,lbfs_Re800,802,0.019999999999999907,False,True
P,lbfs_Re800,802,0.020000000000000018,False,True
P,lbfs_Re800,803,0.030000000000000027,False,True
P,lbfs_Re800,803,0.030000000000000027,False,True
P,lbfs_Re800,803,0.06,False,True
P,lbfs_Re800,804,0.019999999999999907,False,True
P,lbfs_Re800,804,0.030000000000000027,False,True
P,lbfs_Re800,804,0.020000000000000018,False,True
P,lbfs_Re800,805,0.030000000000000027,False,True
P,lbfs_Re800,805,0.030000000000000027,False,True
P,lbfs_Re800,805,0.020000000000000018,False,True
P,lbfs_Re800,806,0.0,True,True
P,lbfs_Re800,806,0.06,False,True
P,lbfs_Re800,806,0.06,False,True
P,lbfs_Re800,807,0.02999999999999997,False,True
P,lbfs_Re800,807,0.10000000000000003,False,True
P,lbfs_Re800,807,0.07000000000000006,False,True
P,lbfs_Re800,808,0.06,False,True
P,lbfs_Re800,808,0.07,False,True
P,lbfs_Re800,808,0.030000000000000027,False,True
P,lbfs_Re800,809,0.08000000000000002,False,True
P,lbfs_Re800,809,0.04999999999999999,False,True
P,lbfs_Re800,809,0.030000000000000027,False,True
P,lbfs_Re800,810,0.010000000000000009,False,True
P,lbfs_Re800,810,0.020000000000000018,False,True
P,lbfs_Re800,810,0.030000000000000027,False,True
P,lbfs_Re800,811,0.09000000000000002,False,True
P,lbfs_Re800,811,0.040000000000000036,False,True
P,lbfs_Re800,811,0.04999999999999999,False,True
P,lbfs_Re800,812,0.020000000000000018,False,True
P,lbfs_Re800,812,0.03999999999999998,False,True
P,lbfs_Re800,812,0.02999999999999997,False,True
P,lbfs_Re800,813,0.030000000000000027,False,True
P,lbfs_Re800,813,0.020000000000000018,False,True
P,lbfs_Re800,813,0.010000000000000009,False,True
P,lbfs_Re800,814,0.04999999999999999,False,True
P,lbfs_Re800,814,0.03,False,True
P,lbfs_Re800,814,0.030000000000000027,False,True
P,lbfs_Re800,815,0.02999999999999997,False,True
P,lbfs_Re800,815,0.03999999999999998,False,True
P,lbfs_Re800,815,0.010000000000000009,False,True
P,lbfs_Re800,816,0.010000000000000009,False,True
P,lbfs_Re800,816,0.020000000000000018,False,True
P,lbfs_Re800,816,0.020000000000000018,False,True
P,lbfs_Re800,817,0.010000000000000009,False,True
P,lbfs_Re800,817,0.04999999999999999,False,True
P,lbfs_Re800,817,0.03999999999999998,False,True
P,lbfs_Re800,818,0.08000000000000002,False,True
P,lbfs_Re800,818,0.07000000000000006,False,True
P,lbfs_Re800,818,0.01999999999999999,False,True
P,lbfs_Re800,819,0.030000000000000027,False,True
P,lbfs_Re800,819,0.030000000000000027,False,True
P,lbfs_Re800,819,0.010000000000000009,False,True
P,lbfs_Re800,820,0.020000000000000018,False,True
P,lbfs_Re800,820,0.06,False,True
P,lbfs_Re800,820,0.03999999999999998,False,True
P,lbfs_Re800,821,0.040000000000000036,False,True
P,lbfs_Re800,821,0.04999999999999999,False,True
P,lbfs_Re800,821,0.09000000000000002,False,True
P,lbfs_Re800,822,0.04999999999999999,False,True
P,lbfs_Re800,822,0.030000000000000027,False,True
P,lbfs_Re800,822,0.06,False,True
P,lbfs_Re800,823,0.030000000000000027,False,True
P,lbfs_Re800,823,0.030000000000000027,False,True
P,lbfs_Re800,823,0.040000000000000036,False,True
P,lbfs_Re800,824,0.020000000000000018,False,True
P,lbfs_Re800,824,0.020000000000000018,False,True
P,lbfs_Re800,824,0.03999999999999998,False,True
P,lbfs_Re800,825,0.040000000000000036,False,True
P,lbfs_Re800,825,0.020000000000000018,False,True
P,lbfs_Re800,825,0.030000000000000027,False,True
P,lbfs_Re800,826,0.040000000000000036,False,True
P,lbfs_Re800,826,0.030000000000000027,False,True
P,lbfs_Re800,826,0.010000000000000009,False,True
P,lbfs_Re800,827,0.020000000000000018,False,True
P,lbfs_Re800,827,0.030000000000000027,False,True
P,lbfs_Re800,827,0.020000000000000018,False,True
P,lbfs_Re800,828,0.040000000000000036,False,True
P,lbfs_Re800,828,0.020000000000000018,False,True
P,lbfs_Re800,828,0.020000000000000018,False,True
P,lbfs_Re800,829,0.010000000000000009,False,True
P,lbfs_Re800,829,0.010000000000000009,False,True
P,lbfs_Re800,829,0.010000000000000009,False,True
P,lbfs_Re800,830,0.040000000000000036,False,True
P,lbfs_Re800,830,0.010000000000000009,False,True
P,lbfs_Re800,830,0.030000000000000027,False,True
P,lbfs_Re800,831,0.020000000000000018,False,True
P,lbfs_Re800,831,0.06000000000000005,False,True
P,lbfs_Re800,831,0.040000000000000036,False,True
P,lbfs_Re800,832,0.020000000000000018,False,True
P,lbfs_Re800,832,0.020000000000000018,False,True
P,lbfs_Re800,832,0.010000000000000009,False,True
P,lbfs_Re800,833,0.020000000000000018,False,True
P,lbfs_Re800,833,0.020000000000000018,False,True
P,lbfs_Re800,833,0.0,True,True
P,lbfs_Re800,834,0.03999999999999998,False,True
P,lbfs_Re800,834,0.020000000000000018,False,True
P,lbfs_Re800,834,0.019999999999999962,False,True
P,lbfs_Re800,835,0.07,False,True
P,lbfs_Re800,835,0.04999999999999999,False,True
P,lbfs_Re800,835,0.020000000000000018,False,True
P,lbfs_Re800,836,0.030000000000000027,False,True
P,lbfs_Re800,836,0.010000000000000009,False,True
P,lbfs_Re800,836,0.020000000000000018,False,True
P,lbfs_Re800,837,0.010000000000000009,False,True
P,lbfs_Re800,837,0.010000000000000009,False,True
P,lbfs_Re800,837,0.020000000000000018,False,True
P,lbfs_Re800,838,0.020000000000000018,False,True
P,lbfs_Re800,838,0.019999999999999962,False,True
P,lbfs_Re800,838,0.010000000000000009,False,True
P,lbfs_Re800,839,0.019999999999999962,False,True
P,lbfs_Re800,839,0.030000000000000027,False,True
P,lbfs_Re800,839,0.04999999999999999,False,True
P,lbfs_Re800,840,0.020000000000000018,False,True
P,lbfs_Re800,840,0.020000000000000018,False,True
P,lbfs_Re800,840,0.010000000000000009,False,True
P,lbfs_Re800,841,0.010000000000000009,False,True
P,lbfs_Re800,841,0.020000000000000018,False,True
P,lbfs_Re800,841,0.020000000000000018,False,True
P,lbfs_Re800,842,0.039999999999999925,False,True
P,lbfs_Re800,842,0.02999999999999997,False,True
P,lbfs_Re800,842,0.06,False,True
P,lbfs_Re800,843,0.030000000000000027,False,True
P,lbfs_Re800,843,0.02999999999999997,False,True
P,lbfs_Re800,843,0.030000000000000027,False,True
P,lbfs_Re800,844,0.010000000000000009,False,True
P,lbfs_Re800,844,0.010000000000000009,False,True
P,lbfs_Re800,844,0.020000000000000018,False,True
P,lbfs_Re800,845,0.010000000000000009,False,True
P,lbfs_Re800,845,0.010000000000000009,False,True
P,lbfs_Re800,845,0.010000000000000009,False,True
P,lbfs_Re800,846,0.07,False,True
P,lbfs_Re800,846,0.030000000000000027,False,True
P,lbfs_Re800,846,0.03999999999999998,False,True
P,lbfs_Re800,847,0.030000000000000027,False,True
P,lbfs_Re800,847,0.030000000000000027,False,True
P,lbfs_Re800,847,0.0,True,True
P,lbfs_Re800,848,0.030000000000000027,False,True
P,lbfs_Re800,848,0.030000000000000027,False,True
P,lbfs_Re800,848,0.0,True,True
P,lbfs_Re800,849,0.03999999999999998,False,True
P,lbfs_Re800,849,0.030000000000000027,False,True
P,lbfs_Re800,849,0.04999999999999999,False,True
P,lbfs_Re800,850,0.010000000000000009,False,True
P,lbfs_Re800,850,0.010000000000000009,False,True
P,lbfs_Re800,850,0.010000000000000009,False,True
P,lbfs_Re800,851,0.010000000000000009,False,True
P,lbfs_Re800,851,0.04999999999999999,False,True
P,lbfs_Re800,851,0.04999999999999999,False,True
P,lbfs_Re800,852,0.019999999999999962,False,True
P,lbfs_Re800,852,0.010000000000000009,False,True
P,lbfs_Re800,852,0.019999999999999962,False,True
P,lbfs_Re800,853,0.010000000000000009,False,True
P,lbfs_Re800,853,0.030000000000000027,False,True
P,lbfs_Re800,853,0.020000000000000018,False,True
P,lbfs_Re800,854,0.02999999999999997,False,True
P,lbfs_Re800,854,0.010000000000000009,False,True
P,lbfs_Re800,854,0.02999999999999997,False,True
P,lbfs_Re800,855,0.0,True,True
P,lbfs_Re800,855,0.020000000000000018,False,True
P,lbfs_Re800,855,0.020000000000000018,False,True
P,lbfs_Re800,856,0.07,False,True
P,lbfs_Re800,856,0.010000000000000009,False,True
P,lbfs_Re800,856,0.07,False,True
P,lbfs_Re800,857,0.010000000000000009,False,True
P,lbfs_Re800,857,0.06,False,True
P,lbfs_Re800,857,0.04999999999999999,False,True
P,lbfs_Re800,858,0.08000000000000002,False,True
P,lbfs_Re800,858,0.040000000000000036,False,True
P,lbfs_Re800,858,0.03999999999999998,False,True
P,lbfs_Re800,859,0.050000000000000044,False,True
P,lbfs_Re800,859,0.009999999999999953,False,True
P,lbfs_Re800,859,0.06,False,True
P,lbfs_Re800,860,0.02999999999999997,False,True
P,lbfs_Re800,860,0.020000000000000018,False,True
P,lbfs_Re800,860,0.019999999999999962,False,True
P,lbfs_Re800,861,0.02999999999999997,False,True
P,lbfs_Re800,861,0.03,False,True
P,lbfs_Re800,861,0.03999999999999998,False,True
P,lbfs_Re800,862,0.030000000000000027,False,True
P,lbfs_Re800,862,0.08000000000000007,False,True
P,lbfs_Re800,862,0.050000000000000044,False,True
P,lbfs_Re800,863,0.040000000000000036,False,True
P,lbfs_Re800,863,0.040000000000000036,False,True
P,lbfs_Re800,863,0.0,True,True
P,lbfs_Re800,864,0.040000000000000036,False,True
P,lbfs_Re800,864,0.020000000000000018,False,True
P,lbfs_Re800,864,0.040000000000000036,False,True
P,lbfs_Re800,865,0.020000000000000018,False,True
P,lbfs_Re800,865,0.030000000000000027,False,True
P,lbfs_Re800,865,0.020000000000000018,False,True
P,lbfs_Re800,866,0.06,False,True
P,lbfs_Re800,866,0.030000000000000027,False,True
P,lbfs_Re800,866,0.02999999999999997,False,True
P,lbfs_Re800,867,0.050000000000000044,False,True
P,lbfs_Re800,867,0.030000000000000027,False,True
P,lbfs_Re800,867,0.020000000000000018,False,True
P,lbfs_Re800,868,0.03999999999999998,False,True
P,lbfs_Re800,868,0.06,False,True
P,lbfs_Re800,868,0.020000000000000018,False,True
P,lbfs_Re800,869,0.040000000000000036,False,True
P,lbfs_Re800,869,0.050000000000000044,False,True
P,lbfs_Re800,869,0.030000000000000027,False,True
P,lbfs_Re800,870,0.030000000000000027,False,True
P,lbfs_Re800,870,0.020000000000000018,False,True
P,lbfs_Re800,870,0.030000000000000027,False,True
P,lbfs_Re800,871,0.09999999999999998,False,True
P,lbfs_Re800,871,0.02999999999999997,False,True
P,lbfs_Re800,871,0.12999999999999995,False,True
P,lbfs_Re800,872,0.020000000000000018,False,True
P,lbfs_Re800,872,0.0,True,True
P,lbfs_Re800,872,0.020000000000000018,False,True
P,lbfs_Re800,873,0.040000000000000036,False,True
P,lbfs_Re800,873,0.020000000000000018,False,True
P,lbfs_Re800,873,0.020000000000000018,False,True
P,lbfs_Re800,874,0.010000000000000009,False,True
P,lbfs_Re800,874,0.02999999999999997,False,True
P,lbfs_Re800,874,0.020000000000000018,False,True
P,lbfs_Re800,875,0.07999999999999996,False,True
P,lbfs_Re800,875,0.06999999999999995,False,True
P,lbfs_Re800,875,0.010000000000000009,False,True
P,lbfs_Re800,876,0.039999999999999925,False,True
P,lbfs_Re800,876,0.039999999999999925,False,True
P,lbfs_Re800,876,0.0,True,True
P,lbfs_Re800,877,0.020000000000000018,False,True
P,lbfs_Re800,877,0.019999999999999962,False,True
P,lbfs_Re800,877,0.010000000000000009,False,True
P,lbfs_Re800,878,0.029999999999999916,False,True
P,lbfs_Re800,878,0.010000000000000009,False,True
P,lbfs_Re800,878,0.019999999999999907,False,True
P,lbfs_Re800,879,0.06,False,True
P,lbfs_Re800,879,0.040000000000000036,False,True
P,lbfs_Re800,879,0.019999999999999962,False,True
P,lbfs_Re800,880,0.04999999999999999,False,True
P,lbfs_Re800,880,0.04999999999999999,False,True
P,lbfs_Re800,880,0.010000000000000009,False,True
P,lbfs_Re800,881,0.010000000000000009,False,True
P,lbfs_Re800,881,0.030000000000000027,False,True
P,lbfs_Re800,881,0.020000000000000018,False,True
P,lbfs_Re800,882,0.040000000000000036,False,True
P,lbfs_Re800,882,0.010000000000000009,False,True
P,lbfs_Re800,882,0.040000000000000036,False,True
P,lbfs_Re800,883,0.020000000000000018,False,True
P,lbfs_Re800,883,0.020000000000000018,False,True
P,lbfs_Re800,883,0.010000000000000009,False,True
P,lbfs_Re800,884,0.010000000000000009,False,True
P,lbfs_Re800,884,0.010000000000000009,False,True
P,lbfs_Re800,884,0.020000000000000018,False,True
P,lbfs_Re800,885,0.010000000000000009,False,True
P,lbfs_Re800,885,0.020000000000000018,False,True
P,lbfs_Re800,885,0.02999999999999997,False,True
P,lbfs_Re800,886,0.0,True,True
P,lbfs_Re800,886,0.02999999999999997,False,True
P,lbfs_Re800,886,0.02999999999999997,False,True
P,lbfs_Re800,887,0.010000000000000009,False,True
P,lbfs_Re800,887,0.06,False,True
P,lbfs_Re800,887,0.07,False,True
P,lbfs_Re800,888,0.020000000000000018,False,True
P,lbfs_Re800,888,0.030000000000000027,False,True
P,lbfs_Re800,888,0.010000000000000009,False,True
P,lbfs_Re800,889,0.050000000000000044,False,True
P,lbfs_Re800,889,0.030000000000000027,False,True
P,lbfs_Re800,889,0.020000000000000018,False,True
P,lbfs_Re800,890,0.010000000000000009,False,True
P,lbfs_Re800,890,0.010000000000000009,False,True
P,lbfs_Re800,890,0.020000000000000018,False,True
P,lbfs_Re800,891,0.030000000000000027,False,True
P,lbfs_Re800,891,0.020000000000000018,False,True
P,lbfs_Re800,891,0.019999999999999962,False,True
P,lbfs_Re800,892,0.030000000000000027,False,True
P,lbfs_Re800,892,0.020000000000000018,False,True
P,lbfs_Re800,892,0.010000000000000009,False,True
P,lbfs_Re800,893,0.030000000000000027,False,True
P,lbfs_Re800,893,0.030000000000000027,False,True
P,lbfs_Re800,893,0.06000000000000005,False,True
P,lbfs_Re800,894,0.03999999999999998,False,True
P,lbfs_Re800,894,0.02999999999999997,False,True
P,lbfs_Re800,894,0.010000000000000009,False,True
P,lbfs_Re800,895,0.02999999999999997,False,True
P,lbfs_Re800,895,0.09000000000000002,False,True
P,lbfs_Re800,895,0.06000000000000005,False,True
P,lbfs_Re800,896,0.04999999999999999,False,True
P,lbfs_Re800,896,0.07,False,True
P,lbfs_Re800,896,0.03,False,True
P,lbfs_Re800,897,0.020000000000000018,False,True
P,lbfs_Re800,897,0.030000000000000027,False,True
P,lbfs_Re800,897,0.010000000000000009,False,True
P,lbfs_Re800,898,0.010000000000000009,False,True
P,lbfs_Re800,898,0.03999999999999998,False,True
P,lbfs_Re800,898,0.03999999999999998,False,True
P,lbfs_Re800,899,0.06,False,True
P,lbfs_Re800,899,0.010000000000000009,False,True
P,lbfs_Re800,899,0.07,False,True
P,lbfs_Re800,900,0.020000000000000018,False,True
P,lbfs_Re800,900,0.020000000000000004,False,True
P,lbfs_Re800,900,0.03999999999999998,False,True
P,lbfs_Re800,901,0.01999999999999999,False,True
P,lbfs_Re800,901,0.03999999999999998,False,True
P,lbfs_Re800,901,0.03999999999999998,False,True
P,lbfs_Re800,902,0.03,False,True
P,lbfs_Re800,902,0.010000000000000009,False,True
P,lbfs_Re800,902,0.04000000000000001,False,True
P,lbfs_Re800,903,0.01999999999999999,False,True
P,lbfs_Re800,903,0.050000000000000044,False,True
P,lbfs_Re800,903,0.050000000000000044,False,True
P,lbfs_Re800,904,0.06,False,True
P,lbfs_Re800,904,0.02999999999999997,False,True
P,lbfs_Re800,904,0.030000000000000027,False,True
P,lbfs_Re800,905,0.07,False,True
P,lbfs_Re800,905,0.14,False,True
P,lbfs_Re800,905,0.07,False,True
P,lbfs_Re800,906,0.010000000000000009,False,True
P,lbfs_Re800,906,0.010000000000000009,False,True
P,lbfs_Re800,906,0.009999999999999995,False,True
P,lbfs_Re800,907,0.010000000000000009,False,True
P,lbfs_Re800,907,0.06000000000000005,False,True
P,lbfs_Re800,907,0.050000000000000044,False,True
P,lbfs_Re800,908,0.019999999999999962,False,True
P,lbfs_Re800,908,0.010000000000000009,False,True
P,lbfs_Re800,908,0.020000000000000018,False,True
P,lbfs_Re800,909,0.030000000000000027,False,True
P,lbfs_Re800,909,0.030000000000000027,False,True
P,lbfs_Re800,909,0.040000000000000036,False,True
P,lbfs_Re800,910,0.08000000000000007,False,True
P,lbfs_Re800,910,0.030000000000000027,False,True
P,lbfs_Re800,910,0.050000000000000044,False,True
P,lbfs_Re800,911,0.010000000000000009,False,True
P,lbfs_Re800,911,0.020000000000000018,False,True
P,lbfs_Re800,911,0.020000000000000018,False,True
P,lbfs_Re800,912,0.040000000000000036,False,True
P,lbfs_Re800,912,0.06,False,True
P,lbfs_Re800,912,0.019999999999999962,False,True
P,lbfs_Re800,913,0.030000000000000027,False,True
P,lbfs_Re800,913,0.010000000000000009,False,True
P,lbfs_Re800,913,0.040000000000000036,False,True
P,lbfs_Re800,914,0.009999999999999898,False,True
P,lbfs_Re800,914,0.010000000000000009,False,True
P,lbfs_Re800,914,0.010000000000000009,False,True
P,lbfs_Re800,915,0.050000000000000044,False,True
P,lbfs_Re800,915,0.020000000000000018,False,True
P,lbfs_Re800,915,0.030000000000000027,False,True
P,lbfs_Re800,916,0.020000000000000018,False,True
P,lbfs_Re800,916,0.010000000000000009,False,True
P,lbfs_Re800,916,0.020000000000000018,False,True
P,lbfs_Re800,917,0.020000000000000018,False,True
P,lbfs_Re800,917,0.020000000000000018,False,True
P,lbfs_Re800,917,0.030000000000000027,False,True
P,lbfs_Re800,918,0.010000000000000009,False,True
P,lbfs_Re800,918,0.010000000000000009,False,True
P,lbfs_Re800,918,0.010000000000000009,False,True
P,lbfs_Re800,919,0.020000000000000018,False,True
P,lbfs_Re800,919,0.030000000000000027,False,True
P,lbfs_Re800,919,0.010000000000000009,False,True
P,lbfs_Re800,920,0.040000000000000036,False,True
P,lbfs_Re800,920,0.04999999999999999,False,True
P,lbfs_Re800,920,0.010000000000000009,False,True
P,lbfs_Re800,921,0.030000000000000027,False,True
P,lbfs_Re800,921,0.020000000000000018,False,True
P,lbfs_Re800,921,0.030000000000000027,False,True
P,lbfs_Re800,922,0.010000000000000009,False,True
P,lbfs_Re800,922,0.020000000000000018,False,True
P,lbfs_Re800,922,0.030000000000000027,False,True
P,lbfs_Re800,923,0.010000000000000009,False,True
P,lbfs_Re800,923,0.020000000000000018,False,True
P,lbfs_Re800,923,0.020000000000000018,False,True
P,lbfs_Re800,924,0.030000000000000027,False,True
P,lbfs_Re800,924,0.020000000000000018,False,True
P,lbfs_Re800,924,0.030000000000000027,False,True
P,lbfs_Re800,925,0.06,False,True
P,lbfs_Re800,925,0.019999999999999962,False,True
P,lbfs_Re800,925,0.040000000000000036,False,True
P,lbfs_Re800,926,0.020000000000000018,False,True
P,lbfs_Re800,926,0.0,True,True
P,lbfs_Re800,926,0.020000000000000018,False,True
P,lbfs_Re800,927,0.010000000000000009,False,True
P,lbfs_Re800,927,0.019999999999999962,False,True
P,lbfs_Re800,927,0.02999999999999997,False,True
P,lbfs_Re800,928,0.040000000000000036,False,True
P,lbfs_Re800,928,0.010000000000000009,False,True
P,lbfs_Re800,928,0.030000000000000027,False,True
P,lbfs_Re800,929,0.020000000000000018,False,True
P,lbfs_Re800,929,0.0,True,True
P,lbfs_Re800,929,0.020000000000000018,False,True
P,lbfs_Re800,930,0.03999999999999998,False,True
P,lbfs_Re800,930,0.02999999999999997,False,True
P,lbfs_Re800,930,0.010000000000000009,False,True
P,lbfs_Re800,931,0.04999999999999999,False,True
P,lbfs_Re800,931,0.020000000000000018,False,True
P,lbfs_Re800,931,0.02999999999999997,False,True
P,lbfs_Re800,932,0.010000000000000009,False,True
P,lbfs_Re800,932,0.010000000000000009,False,True
P,lbfs_Re800,932,0.010000000000000009,False,True
P,lbfs_Re800,933,0.020000000000000018,False,True
P,lbfs_Re800,933,0.03999999999999998,False,True
P,lbfs_Re800,933,0.02999999999999997,False,True
P,lbfs_Re800,934,0.030000000000000027,False,True
P,lbfs_Re800,934,0.040000000000000036,False,True
P,lbfs_Re800,934,0.010000000000000009,False,True
P,lbfs_Re800,935,0.050000000000000044,False,True
P,lbfs_Re800,935,0.030000000000000027,False,True
P,lbfs_Re800,935,0.020000000000000018,False,True
P,lbfs_Re800,936,0.010000000000000009,False,True
P,lbfs_Re800,936,0.010000000000000009,False,True
P,lbfs_Re800,936,0.020000000000000018,False,True
P,lbfs_Re800,937,0.08000000000000002,False,True
P,lbfs_Re800,937,0.030000000000000027,False,True
P,lbfs_Re800,937,0.11000000000000004,False,True
P,lbfs_Re800,938,0.020000000000000018,False,True
P,lbfs_Re800,938,0.010000000000000009,False,True
P,lbfs_Re800,938,0.030000000000000027,False,True
P,lbfs_Re800,939,0.019999999999999907,False,True
P,lbfs_Re800,939,0.029999999999999916,False,True
P,lbfs_Re800,939,0.02999999999999997,False,True
P,lbfs_Re800,940,0.020000000000000018,False,True
P,lbfs_Re800,940,0.03999999999999998,False,True
P,lbfs_Re800,940,0.019999999999999962,False,True
P,lbfs_Re800,941,0.050000000000000044,False,True
P,lbfs_Re800,941,0.010000000000000009,False,True
P,lbfs_Re800,941,0.040000000000000036,False,True
P,lbfs_Re800,942,0.08000000000000002,False,True
P,lbfs_Re800,942,0.03999999999999998,False,True
P,lbfs_Re800,942,0.040000000000000036,False,True
P,lbfs_Re800,943,0.050000000000000044,False,True
P,lbfs_Re800,943,0.07000000000000006,False,True
P,lbfs_Re800,943,0.030000000000000027,False,True
P,lbfs_Re800,944,0.03999999999999998,False,True
P,lbfs_Re800,944,0.030000000000000027,False,True
P,lbfs_Re800,944,0.02999999999999997,False,True
P,lbfs_Re800,945,0.06000000000000005,False,True
P,lbfs_Re800,945,0.020000000000000018,False,True
P,lbfs_Re800,945,0.040000000000000036,False,True
P,lbfs_Re800,946,0.04999999999999999,False,True
P,lbfs_Re800,946,0.07,False,True
P,lbfs_Re800,946,0.020000000000000018,False,True
P,lbfs_Re800,947,0.020000000000000018,False,True
P,lbfs_Re800,947,0.010000000000000009,False,True
P,lbfs_Re800,947,0.019999999999999962,False,True
P,lbfs_Re800,948,0.020000000000000018,False,True
P,lbfs_Re800,948,0.03999999999999998,False,True
P,lbfs_Re800,948,0.03999999999999998,False,True
P,lbfs_Re800,949,0.040000000000000036,False,True
P,lbfs_Re800,949,0.020000000000000018,False,True
P,lbfs_Re800,949,0.020000000000000018,False,True
P,lbfs_Re800,950,0.040000000000000036,False,True
P,lbfs_Re800,950,0.010000000000000009,False,True
P,lbfs_Re800,950,0.050000000000000044,False,True
P,lbfs_Re800,951,0.06,False,True
P,lbfs_Re800,951,0.06,False,True
P,lbfs_Re800,951,0.010000000000000009,False,True
P,lbfs_Re800,952,0.07,False,True
P,lbfs_Re800,952,0.08000000000000002,False,True
P,lbfs_Re800,952,0.010000000000000009,False,True
P,lbfs_Re800,953,0.020000000000000018,False,True
P,lbfs_Re800,953,0.040000000000000036,False,True
P,lbfs_Re800,953,0.020000000000000018,False,True
P,lbfs_Re800,954,0.020000000000000018,False,True
P,lbfs_Re800,954,0.010000000000000009,False,True
P,lbfs_Re800,954,0.020000000000000018,False,True
P,lbfs_Re800,955,0.019999999999999962,False,True
P,lbfs_Re800,955,0.03999999999999998,False,True
P,lbfs_Re800,955,0.020000000000000018,False,True
P,lbfs_Re800,956,0.050000000000000044,False,True
P,lbfs_Re800,956,0.010000000000000009,False,True
P,lbfs_Re800,956,0.050000000000000044,False,True
P,lbfs_Re800,957,0.030000000000000027,False,True
P,lbfs_Re800,957,0.08000000000000002,False,True
P,lbfs_Re800,957,0.04999999999999999,False,True
P,lbfs_Re800,958,0.010000000000000009,False,True
P,lbfs_Re800,958,0.010000000000000009,False,True
P,lbfs_Re800,958,0.019999999999999962,False,True
P,lbfs_Re800,959,0.010000000000000009,False,True
P,lbfs_Re800,959,0.050000000000000044,False,True
P,lbfs_Re800,959,0.06000000000000005,False,True
P,lbfs_Re800,960,0.010000000000000009,False,True
P,lbfs_Re800,960,0.010000000000000009,False,True
P,lbfs_Re800,960,0.010000000000000009,False,True
P,lbfs_Re800,961,0.040000000000000036,False,True
P,lbfs_Re800,961,0.020000000000000018,False,True
P,lbfs_Re800,961,0.020000000000000018,False,True
P,lbfs_Re800,962,0.020000000000000018,False,True
P,lbfs_Re800,962,0.03999999999999998,False,True
P,lbfs_Re800,962,0.03999999999999998,False,True
P,lbfs_Re800,963,0.020000000000000018,False,True
P,lbfs_Re800,963,0.030000000000000027,False,True
P,lbfs_Re800,963,0.03999999999999998,False,True
P,lbfs_Re800,964,0.010000000000000009,False,True
P,lbfs_Re800,964,0.030000000000000027,False,True
P,lbfs_Re800,964,0.030000000000000027,False,True
P,lbfs_Re800,965,0.11000000000000004,False,True
P,lbfs_Re800,965,0.030000000000000027,False,True
P,lbfs_Re800,965,0.08000000000000002,False,True
P,lbfs_Re800,966,0.03999999999999998,False,True
P,lbfs_Re800,966,0.04999999999999999,False,True
P,lbfs_Re800,966,0.010000000000000009,False,True
P,lbfs_Re800,967,0.050000000000000044,False,True
P,lbfs_Re800,967,0.020000000000000018,False,True
P,lbfs_Re800,967,0.07000000000000006,False,True
P,lbfs_Re800,968,0.030000000000000027,False,True
P,lbfs_Re800,968,0.010000000000000009,False,True
P,lbfs_Re800,968,0.030000000000000027,False,True
P,lbfs_Re800,969,0.010000000000000009,False,True
P,lbfs_Re800,969,0.050000000000000044,False,True
P,lbfs_Re800,969,0.040000000000000036,False,True
P,lbfs_Re800,970,0.040000000000000036,False,True
P,lbfs_Re800,970,0.020000000000000018,False,True
P,lbfs_Re800,970,0.020000000000000018,False,True
P,lbfs_Re800,971,0.03,False,True
P,lbfs_Re800,971,0.020000000000000018,False,True
P,lbfs_Re800,971,0.020000000000000018,False,True
P,lbfs_Re800,972,0.010000000000000009,False,True
P,lbfs_Re800,972,0.030000000000000027,False,True
P,lbfs_Re800,972,0.030000000000000027,False,True
P,lbfs_Re800,973,0.02999999999999997,False,True
P,lbfs_Re800,973,0.01999999999999999,False,True
P,lbfs_Re800,973,0.019999999999999962,False,True
P,lbfs_Re800,974,0.02999999999999997,False,True
P,lbfs_Re800,974,0.03999999999999998,False,True
P,lbfs_Re800,974,0.03,False,True
P,lbfs_Re800,975,0.010000000000000009,False,True
P,lbfs_Re800,975,0.04999999999999999,False,True
P,lbfs_Re800,975,0.06,False,True
P,lbfs_Re800,976,0.030000000000000027,False,True
P,lbfs_Re800,976,0.010000000000000009,False,True
P,lbfs_Re800,976,0.020000000000000018,False,True
P,lbfs_Re800,977,0.030000000000000027,False,True
P,lbfs_Re800,977,0.030000000000000027,False,True
P,lbfs_Re800,977,0.009999999999999995,False,True
P,lbfs_Re800,978,0.020000000000000018,False,True
P,lbfs_Re800,978,0.040000000000000036,False,True
P,lbfs_Re800,978,0.020000000000000018,False,True
P,lbfs_Re800,979,0.03999999999999998,False,True
P,lbfs_Re800,979,0.04999999999999999,False,True
P,lbfs_Re800,979,0.01999999999999999,False,True
P,lbfs_Re800,980,0.050000000000000044,False,True
P,lbfs_Re800,980,0.030000000000000027,False,True
P,lbfs_Re800,980,0.020000000000000018,False,True
P,lbfs_Re800,981,0.03,False,True
P,lbfs_Re800,981,0.04000000000000001,False,True
P,lbfs_Re800,981,0.010000000000000009,False,True
P,lbfs_Re800,982,0.009999999999999995,False,True
P,lbfs_Re800,982,0.019999999999999962,False,True
P,lbfs_Re800,982,0.019999999999999962,False,True
P,lbfs_Re800,983,0.010000000000000009,False,True
P,lbfs_Re800,983,0.04999999999999999,False,True
P,lbfs_Re800,983,0.06,False,True
P,lbfs_Re800,984,0.04999999999999999,False,True
P,lbfs_Re800,984,0.040000000000000036,False,True
P,lbfs_Re800,984,0.09000000000000002,False,True
P,lbfs_Re800,985,0.040000000000000036,False,True
P,lbfs_Re800,985,0.06000000000000005,False,True
P,lbfs_Re800,985,0.050000000000000044,False,True
P,lbfs_Re800,986,0.030000000000000027,False,True
P,lbfs_Re800,986,0.010000000000000009,False,True
P,lbfs_Re800,986,0.030000000000000027,False,True
P,lbfs_Re800,987,0.050000000000000044,False,True
P,lbfs_Re800,987,0.010000000000000009,False,True
P,lbfs_Re800,987,0.040000000000000036,False,True
P,lbfs_Re800,988,0.030000000000000027,False,True
P,lbfs_Re800,988,0.030000000000000027,False,True
P,lbfs_Re800,988,0.06000000000000005,False,True
P,lbfs_Re800,989,0.020000000000000018,False,True
P,lbfs_Re800,989,0.030000000000000027,False,True
P,lbfs_Re800,989,0.010000000000000009,False,True
P,lbfs_Re800,990,0.030000000000000027,False,True
P,lbfs_Re800,990,0.050000000000000044,False,True
P,lbfs_Re800,990,0.020000000000000018,False,True
P,lbfs_Re800,991,0.02999999999999997,False,True
P,lbfs_Re800,991,0.030000000000000027,False,True
P,lbfs_Re800,991,0.06,False,True
P,lbfs_Re800,992,0.010000000000000009,False,True
P,lbfs_Re800,992,0.019999999999999962,False,True
P,lbfs_Re800,992,0.02999999999999997,False,True
P,lbfs_Re800,993,0.0,True,True
P,lbfs_Re800,993,0.02999999999999997,False,True
P,lbfs_Re800,993,0.02999999999999997,False,True
P,lbfs_Re800,994,0.050000000000000044,False,True
P,lbfs_Re800,994,0.030000000000000027,False,True
P,lbfs_Re800,994,0.020000000000000018,False,True
P,lbfs_Re800,995,0.030000000000000027,False,True
P,lbfs_Re800,995,0.010000000000000009,False,True
P,lbfs_Re800,995,0.020000000000000018,False,True
P,lbfs_Re800,996,0.030000000000000027,False,True
P,lbfs_Re800,996,0.06000000000000005,False,True
P,lbfs_Re800,996,0.030000000000000027,False,True
P,lbfs_Re800,997,0.020000000000000018,False,True
P,lbfs_Re800,997,0.030000000000000027,False,True
P,lbfs_Re800,997,0.010000000000000009,False,True
P,lbfs_Re800,998,0.0,True,True
P,lbfs_Re800,998,0.030000000000000027,False,True
P,lbfs_Re800,998,0.030000000000000027,False,True
P,lbfs_Re800,999,0.010000000000000009,False,True
P,lbfs_Re800,999,0.010000000000000009,False,True
P,lbfs_Re800,999,0.010000000000000009,False,True
P,lbfs_Re800,1000,0.050000000000000044,False,True
P,lbfs_Re800,1000,0.010000000000000009,False,True
P,lbfs_Re800,1000,0.040000000000000036,False,True
P,lbfs_Re800,1001,0.010000000000000009,False,True
P,lbfs_Re800,1001,0.03999999999999998,False,True
P,lbfs_Re800,1001,0.030000000000000027,False,True
P,lbfs_Re800,1002,0.0,True,True
P,lbfs_Re800,1002,0.010000000000000009,False,True
P,lbfs_Re800,1002,0.010000000000000009,False,True
P,lbfs_Re800,1003,0.010000000000000002,False,True
P,lbfs_Re800,1003,0.030000000000000027,False,True
P,lbfs_Re800,1003,0.039999999999999925,False,True
P,lbfs_Re800,1004,0.030000000000000027,False,True
P,lbfs_Re800,1004,0.07,False,True
P,lbfs_Re800,1004,0.03999999999999998,False,True
P,lbfs_Re800,1005,0.010000000000000009,False,True
P,lbfs_Re800,1005,0.010000000000000009,False,True
P,lbfs_Re800,1005,0.010000000000000009,False,True
P,lbfs_Re800,1006,0.020000000000000018,False,True
P,lbfs_Re800,1006,0.010000000000000009,False,True
P,lbfs_Re800,1006,0.010000000000000009,False,True
P,lbfs_Re800,1007,0.09999999999999998,False,True
P,lbfs_Re800,1007,0.05999999999999994,False,True
P,lbfs_Re800,1007,0.040000000000000036,False,True
P,lbfs_Re800,1008,0.030000000000000027,False,True
P,lbfs_Re800,1008,0.030000000000000027,False,True
P,lbfs_Re800,1008,0.040000000000000036,False,True
P,lbfs_Re800,1009,0.030000000000000027,False,True
P,lbfs_Re800,1009,0.040000000000000036,False,True
P,lbfs_Re800,1009,0.05999999999999994,False,True
P,lbfs_Re800,1010,0.04999999999999993,False,True
P,lbfs_Re800,1010,0.020000000000000018,False,True
P,lbfs_Re800,1010,0.04999999999999993,False,True
P,lbfs_Re800,1011,0.010000000000000009,False,True
P,lbfs_Re800,1011,0.030000000000000027,False,True
P,lbfs_Re800,1011,0.030000000000000027,False,True
P,lbfs_Re800,1012,0.05000000000000002,False,True
P,lbfs_Re800,1012,0.030000000000000027,False,True
P,lbfs_Re800,1012,0.039999999999999925,False,True
P,lbfs_Re800,1013,0.040000000000000036,False,True
P,lbfs_Re800,1013,0.050000000000000044,False,True
P,lbfs_Re800,1013,0.010000000000000009,False,True
P,lbfs_Re800,1014,0.03,False,True
P,lbfs_Re800,1014,0.01999999999999999,False,True
P,lbfs_Re800,1014,0.020000000000000018,False,True
P,lbfs_Re800,1015,0.020000000000000018,False,True
P,lbfs_Re800,1015,0.01999999999999999,False,True
P,lbfs_Re800,1015,0.03,False,True
P,lbfs_Re800,1016,0.01999999999999999,False,True
P,lbfs_Re800,1016,0.03,False,True
P,lbfs_Re800,1016,0.010000000000000009,False,True
P,lbfs_Re800,1017,0.050000000000000044,False,True
P,lbfs_Re800,1017,0.06000000000000005,False,True
P,lbfs_Re800,1017,0.01999999999999999,False,True
P,lbfs_Re800,1018,0.010000000000000009,False,True
P,lbfs_Re800,1018,0.020000000000000018,False,True
P,lbfs_Re800,1018,0.010000000000000009,False,True
P,lbfs_Re800,1019,0.009999999999999953,False,True
P,lbfs_Re800,1019,0.01999999999999999,False,True
P,lbfs_Re800,1019,0.01999999999999999,False,True
P,lbfs_Re800,1020,0.02999999999999997,False,True
P,lbfs_Re800,1020,0.020000000000000018,False,True
P,lbfs_Re800,1020,0.03,False,True
P,lbfs_Re800,1021,0.06,False,True
P,lbfs_Re800,1021,0.03,False,True
P,lbfs_Re800,1021,0.06,False,True
P,lbfs_Re800,1022,0.010000000000000009,False,True
P,lbfs_Re800,1022,0.06,False,True
P,lbfs_Re800,1022,0.04999999999999999,False,True
P,lbfs_Re800,1023,0.020000000000000004,False,True
P,lbfs_Re800,1023,0.03999999999999998,False,True
P,lbfs_Re800,1023,0.02999999999999997,False,True
P,lbfs_Re800,1024,0.02999999999999997,False,True
P,lbfs_Re800,1024,0.06,False,True
P,lbfs_Re800,1024,0.030000000000000027,False,True
P,lbfs_Re800,1025,0.02999999999999997,False,True
P,lbfs_Re800,1025,0.010000000000000009,False,True
P,lbfs_Re800,1025,0.019999999999999962,False,True
P,lbfs_Re800,1026,0.07,False,True
P,lbfs_Re800,1026,0.050000000000000044,False,True
P,lbfs_Re800,1026,0.06000000000000005,False,True
P,lbfs_Re800,1027,0.10000000000000003,False,True
P,lbfs_Re800,1027,0.08000000000000007,False,True
P,lbfs_Re800,1027,0.050000000000000044,False,True
P,lbfs_Re800,1028,0.020000000000000018,False,True
P,lbfs_Re800,1028,0.020000000000000018,False,True
P,lbfs_Re800,1028,0.010000000000000009,False,True
P,lbfs_Re800,1029,0.03999999999999998,False,True
P,lbfs_Re800,1029,0.020000000000000018,False,True
P,lbfs_Re800,1029,0.03999999999999998,False,True
P,lbfs_Re800,1030,0.010000000000000009,False,True
P,lbfs_Re800,1030,0.020000000000000018,False,True
P,lbfs_Re800,1030,0.030000000000000027,False,True
P,lbfs_Re800,1031,0.030000000000000027,False,True
P,lbfs_Re800,1031,0.040000000000000036,False,True
P,lbfs_Re800,1031,0.020000000000000018,False,True
P,lbfs_Re800,1032,0.020000000000000018,False,True
P,lbfs_Re800,1032,0.010000000000000002,False,True
P,lbfs_Re800,1032,0.020000000000000018,False,True
P,lbfs_Re800,1033,0.08999999999999997,False,True
P,lbfs_Re800,1033,0.0,True,True
P,lbfs_Re800,1033,0.08999999999999997,False,True
P,lbfs_Re800,1034,0.050000000000000044,False,True
P,lbfs_Re800,1034,0.050000000000000044,False,True
P,lbfs_Re800,1034,0.010000000000000009,False,True
P,lbfs_Re800,1035,0.06,False,True
P,lbfs_Re800,1035,0.02999999999999997,False,True
P,lbfs_Re800,1035,0.030000000000000027,False,True
P,lbfs_Re800,1036,0.02999999999999997,False,True
P,lbfs_Re800,1036,0.04999999999999999,False,True
P,lbfs_Re800,1036,0.020000000000000018,False,True
P,lbfs_Re800,1037,0.050000000000000044,False,True
P,lbfs_Re800,1037,0.040000000000000036,False,True
P,lbfs_Re800,1037,0.040000000000000036,False,True
P,lbfs_Re800,1038,0.010000000000000009,False,True
P,lbfs_Re800,1038,0.019999999999999907,False,True
P,lbfs_Re800,1038,0.020000000000000018,False,True
P,lbfs_Re800,1039,0.050000000000000044,False,True
P,lbfs_Re800,1039,0.010000000000000009,False,True
P,lbfs_Re800,1039,0.050000000000000044,False,True
P,lbfs_Re800,1040,0.020000000000000018,False,True
P,lbfs_Re800,1040,0.06,False,True
P,lbfs_Re800,1040,0.03999999999999998,False,True
P,lbfs_Re800,1041,0.08000000000000002,False,True
P,lbfs_Re800,1041,0.06,False,True
P,lbfs_Re800,1041,0.020000000000000018,False,True
P,lbfs_Re800,1042,0.040000000000000036,False,True
P,lbfs_Re800,1042,0.010000000000000009,False,True
P,lbfs_Re800,1042,0.030000000000000027,False,True
P,lbfs_Re800,1043,0.050000000000000044,False,True
P,lbfs_Re800,1043,0.040000000000000036,False,True
P,lbfs_Re800,1043,0.010000000000000009,False,True
P,lbfs_Re800,1044,0.020000000000000018,False,True
P,lbfs_Re800,1044,0.020000000000000018,False,True
P,lbfs_Re800,1044,0.009999999999999953,False,True
P,lbfs_Re800,1045,0.06,False,True
P,lbfs_Re800,1045,0.12000000000000005,False,True
P,lbfs_Re800,1045,0.06000000000000005,False,True
P,lbfs_Re800,1046,0.030000000000000027,False,True
P,lbfs_Re800,1046,0.030000000000000027,False,True
P,lbfs_Re800,1046,0.010000000000000009,False,True
P,lbfs_Re800,1047,0.020000000000000018,False,True
P,lbfs_Re800,1047,0.020000000000000018,False,True
P,lbfs_Re800,1047,0.010000000000000009,False,True
P,lbfs_Re800,1048,0.050000000000000044,False,True
P,lbfs_Re800,1048,0.019999999999999907,False,True
P,lbfs_Re800,1048,0.06999999999999995,False,True
P,lbfs_Re800,1049,0.020000000000000018,False,True
P,lbfs_Re800,1049,0.010000000000000009,False,True
P,lbfs_Re800,1049,0.030000000000000027,False,True
P,lbfs_Re800,1050,0.020000000000000018,False,True
P,lbfs_Re800,1050,0.040000000000000036,False,True
P,lbfs_Re800,1050,0.020000000000000018,False,True
P,lbfs_Re800,1051,0.07000000000000006,False,True
P,lbfs_Re800,1051,0.040000000000000036,False,True
P,lbfs_Re800,1051,0.030000000000000027,False,True
P,lbfs_Re800,1052,0.020000000000000018,False,True
P,lbfs_Re800,1052,0.030000000000000027,False,True
P,lbfs_Re800,1052,0.01999999999999999,False,True
P,lbfs_Re800,1053,0.040000000000000036,False,True
P,lbfs_Re800,1053,0.0,True,True
P,lbfs_Re800,1053,0.040000000000000036,False,True
P,lbfs_Re800,1054,0.020000000000000018,False,True
P,lbfs_Re800,1054,0.03999999999999998,False,True
P,lbfs_Re800,1054,0.019999999999999962,False,True
P,lbfs_Re800,1055,0.08000000000000002,False,True
P,lbfs_Re800,1055,0.04999999999999999,False,True
P,lbfs_Re800,1055,0.030000000000000027,False,True
P,lbfs_Re800,1056,0.010000000000000009,False,True
P,lbfs_Re800,1056,0.03,False,True
P,lbfs_Re800,1056,0.03,False,True
P,lbfs_Re800,1057,0.06,False,True
P,lbfs_Re800,1057,0.010000000000000009,False,True
P,lbfs_Re800,1057,0.07,False,True
P,lbfs_Re800,1058,0.06999999999999995,False,True
P,lbfs_Re800,1058,0.06,False,True
P,lbfs_Re800,1058,0.009999999999999995,False,True
P,lbfs_Re800,1059,0.04000000000000001,False,True
P,lbfs_Re800,1059,0.010000000000000009,False,True
P,lbfs_Re800,1059,0.03,False,True
P,lbfs_Re800,1060,0.010000000000000009,False,True
P,lbfs_Re800,1060,0.01999999999999999,False,True
P,lbfs_Re800,1060,0.009999999999999981,False,True
P,lbfs_Re800,1061,0.01999999999999999,False,True
P,lbfs_Re800,1061,0.04000000000000001,False,True
P,lbfs_Re800,1061,0.020000000000000018,False,True
P,lbfs_Re800,1062,0.02999999999999997,False,True
P,lbfs_Re800,1062,0.030000000000000027,False,True
P,lbfs_Re800,1062,0.06,False,True
P,lbfs_Re800,1063,0.06,False,True
P,lbfs_Re800,1063,0.030000000000000027,False,True
P,lbfs_Re800,1063,0.02999999999999997,False,True
P,lbfs_Re800,1064,0.02999999999999997,False,True
P,lbfs_Re800,1064,0.04999999999999999,False,True
P,lbfs_Re800,1064,0.03,False,True
P,lbfs_Re800,1065,0.04999999999999999,False,True
P,lbfs_Re800,1065,0.010000000000000009,False,True
P,lbfs_Re800,1065,0.06,False,True
P,lbfs_Re800,1066,0.050000000000000044,False,True
P,lbfs_Re800,1066,0.06000000000000005,False,True
P,lbfs_Re800,1066,0.020000000000000018,False,True
P,lbfs_Re800,1067,0.08000000000000007,False,True
P,lbfs_Re800,1067,0.050000000000000044,False,True
P,lbfs_Re800,1067,0.030000000000000027,False,True
P,lbfs_Re800,1068,0.020000000000000018,False,True
P,lbfs_Re800,1068,0.010000000000000009,False,True
P,lbfs_Re800,1068,0.030000000000000027,False,True
P,lbfs_Re800,1069,0.030000000000000027,False,True
P,lbfs_Re800,1069,0.020000000000000018,False,True
P,lbfs_Re800,1069,0.010000000000000009,False,True
P,lbfs_Re800,1070,0.040000000000000036,False,True
P,lbfs_Re800,1070,0.020000000000000018,False,True
P,lbfs_Re800,1070,0.020000000000000018,False,True
P,lbfs_Re800,1071,0.030000000000000027,False,True
P,lbfs_Re800,1071,0.07000000000000006,False,True
P,lbfs_Re800,1071,0.040000000000000036,False,True
P,lbfs_Re800,1072,0.030000000000000027,False,True
P,lbfs_Re800,1072,0.010000000000000009,False,True
P,lbfs_Re800,1072,0.030000000000000027,False,True
P,lbfs_Re800,1073,0.03999999999999998,False,True
P,lbfs_Re800,1073,0.09000000000000002,False,True
P,lbfs_Re800,1073,0.050000000000000044,False,True
P,lbfs_Re800,1074,0.020000000000000018,False,True
P,lbfs_Re800,1074,0.02999999999999997,False,True
P,lbfs_Re800,1074,0.030000000000000027,False,True
P,lbfs_Re800,1075,0.030000000000000027,False,True
P,lbfs_Re800,1075,0.030000000000000027,False,True
P,lbfs_Re800,1075,0.019999999999999962,False,True
P,lbfs_Re800,1076,0.030000000000000027,False,True
P,lbfs_Re800,1076,0.010000000000000009,False,True
P,lbfs_Re800,1076,0.030000000000000027,False,True
P,lbfs_Re800,1077,0.02999999999999997,False,True
P,lbfs_Re800,1077,0.010000000000000009,False,True
P,lbfs_Re800,1077,0.02999999999999997,False,True
P,lbfs_Re800,1078,0.019999999999999962,False,True
P,lbfs_Re800,1078,0.04999999999999999,False,True
P,lbfs_Re800,1078,0.030000000000000027,False,True
P,lbfs_Re800,1079,0.040000000000000036,False,True
P,lbfs_Re800,1079,0.08000000000000007,False,True
P,lbfs_Re800,1079,0.040000000000000036,False,True
P,lbfs_Re800,1080,0.040000000000000036,False,True
P,lbfs_Re800,1080,0.040000000000000036,False,True
P,lbfs_Re800,1080,0.009999999999999898,False,True
P,lbfs_Re800,1081,0.020000000000000018,False,True
P,lbfs_Re800,1081,0.030000000000000027,False,True
P,lbfs_Re800,1081,0.04999999999999999,False,True
P,lbfs_Re800,1082,0.040000000000000036,False,True
P,lbfs_Re800,1082,0.030000000000000027,False,True
P,lbfs_Re800,1082,0.010000000000000009,False,True
P,lbfs_Re800,1083,0.010000000000000009,False,True
P,lbfs_Re800,1083,0.06,False,True
P,lbfs_Re800,1083,0.050000000000000044,False,True
P,lbfs_Re800,1084,0.010000000000000009,False,True
P,lbfs_Re800,1084,0.010000000000000009,False,True
P,lbfs_Re800,1084,0.020000000000000018,False,True
P,lbfs_Re800,1085,0.0,True,True
P,lbfs_Re800,1085,0.030000000000000027,False,True
P,lbfs_Re800,1085,0.030000000000000027,False,True
P,lbfs_Re800,1086,0.010000000000000009,False,True
P,lbfs_Re800,1086,0.07,False,True
P,lbfs_Re800,1086,0.06,False,True
P,lbfs_Re800,1087,0.020000000000000018,False,True
P,lbfs_Re800,1087,0.06000000000000005,False,True
P,lbfs_Re800,1087,0.040000000000000036,False,True
P,lbfs_Re800,1088,0.03999999999999998,False,True
P,lbfs_Re800,1088,0.06,False,True
P,lbfs_Re800,1088,0.030000000000000027,False,True
P,lbfs_Re800,1089,0.020000000000000018,False,True
P,lbfs_Re800,1089,0.030000000000000027,False,True
P,lbfs_Re800,1089,0.020000000000000018,False,True
P,lbfs_Re800,1090,0.020000000000000018,False,True
P,lbfs_Re800,1090,0.020000000000000018,False,True
P,lbfs_Re800,1090,0.030000000000000027,False,True
P,lbfs_Re800,1091,0.030000000000000027,False,True
P,lbfs_Re800,1091,0.06000000000000005,False,True
P,lbfs_Re800,1091,0.030000000000000027,False,True
P,lbfs_Re800,1092,0.020000000000000018,False,True
P,lbfs_Re800,1092,0.030000000000000027,False,True
P,lbfs_Re800,1092,0.01999999999999999,False,True
P,lbfs_Re800,1093,0.020000000000000018,False,True
P,lbfs_Re800,1093,0.020000000000000018,False,True
P,lbfs_Re800,1093,0.01999999999999999,False,True
P,lbfs_Re800,1094,0.030000000000000027,False,True
P,lbfs_Re800,1094,0.04000000000000001,False,True
P,lbfs_Re800,1094,0.04000000000000001,False,True
P,lbfs_Re800,1095,0.03999999999999998,False,True
P,lbfs_Re800,1095,0.04999999999999999,False,True
P,lbfs_Re800,1095,0.010000000000000009,False,True
P,lbfs_Re800,1096,0.020000000000000018,False,True
P,lbfs_Re800,1096,0.010000000000000009,False,True
P,lbfs_Re800,1096,0.020000000000000018,False,True
P,lbfs_Re800,1097,0.010000000000000009,False,True
P,lbfs_Re800,1097,0.020000000000000018,False,True
P,lbfs_Re800,1097,0.010000000000000009,False,True
P,lbfs_Re800,1098,0.03999999999999998,False,True
P,lbfs_Re800,1098,0.06,False,True
P,lbfs_Re800,1098,0.020000000000000018,False,True
P,lbfs_Re800,1099,0.02999999999999997,False,True
P,lbfs_Re800,1099,0.010000000000000009,False,True
P,lbfs_Re800,1099,0.03999999999999998,False,True
P,lbfs_Re800,1100,0.020000000000000018,False,True
P,lbfs_Re800,1100,0.019999999999999962,False,True
P,lbfs_Re800,1100,0.03999999999999998,False,True
P,lbfs_Re800,1101,0.01999999999999999,False,True
P,lbfs_Re800,1101,0.03,False,True
P,lbfs_Re800,1101,0.019999999999999962,False,True
P,lbfs_Re800,1102,0.010000000000000009,False,True
P,lbfs_Re800,1102,0.030000000000000027,False,True
P,lbfs_Re800,1102,0.020000000000000018,False,True
P,lbfs_Re800,1103,0.030000000000000027,False,True
P,lbfs_Re800,1103,0.050000000000000044,False,True
P,lbfs_Re800,1103,0.020000000000000018,False,True
P,lbfs_Re800,1104,0.06,False,True
P,lbfs_Re800,1104,0.019999999999999962,False,True
P,lbfs_Re800,1104,0.040000000000000036,False,True
P,lbfs_Re800,1105,0.040000000000000036,False,True
P,lbfs_Re800,1105,0.050000000000000044,False,True
P,lbfs_Re800,1105,0.06000000000000005,False,True
P,lbfs_Re800,1106,0.02999999999999997,False,True
P,lbfs_Re800,1106,0.030000000000000027,False,True
P,lbfs_Re800,1106,0.02999999999999997,False,True
P,lbfs_Re800,1107,0.020000000000000018,False,True
P,lbfs_Re800,1107,0.08000000000000002,False,True
P,lbfs_Re800,1107,0.06,False,True
P,lbfs_Re800,1108,0.02999999999999997,False,True
P,lbfs_Re800,1108,0.020000000000000018,False,True
P,lbfs_Re800,1108,0.019999999999999907,False,True
P,lbfs_Re800,1109,0.02999999999999997,False,True
P,lbfs_Re800,1109,0.04999999999999999,False,True
P,lbfs_Re800,1109,0.020000000000000018,False,True
P,lbfs_Re800,1110,0.020000000000000018,False,True
P,lbfs_Re800,1110,0.009999999999999898,False,True
P,lbfs_Re800,1110,0.020000000000000018,False,True
P,lbfs_Re800,1111,0.010000000000000009,False,True
P,lbfs_Re800,1111,0.020000000000000018,False,True
P,lbfs_Re800,1111,0.010000000000000009,False,True
P,lbfs_Re800,1112,0.04999999999999999,False,True
P,lbfs_Re800,1112,0.03999999999999998,False,True
P,lbfs_Re800,1112,0.020000000000000018,False,True
P,lbfs_Re800,1113,0.020000000000000018,False,True
P,lbfs_Re800,1113,0.030000000000000027,False,True
P,lbfs_Re800,1113,0.020000000000000018,False,True
P,lbfs_Re800,1114,0.020000000000000018,False,True
P,lbfs_Re800,1114,0.050000000000000044,False,True
P,lbfs_Re800,1114,0.030000000000000027,False,True
P,lbfs_Re800,1115,0.020000000000000018,False,True
P,lbfs_Re800,1115,0.020000000000000018,False,True
P,lbfs_Re800,1115,0.020000000000000018,False,True
P,lbfs_Re800,1116,0.030000000000000027,False,True
P,lbfs_Re800,1116,0.050000000000000044,False,True
P,lbfs_Re800,1116,0.020000000000000018,False,True
P,lbfs_Re800,1117,0.010000000000000009,False,True
P,lbfs_Re800,1117,0.010000000000000009,False,True
P,lbfs_Re800,1117,0.010000000000000009,False,True
P,lbfs_Re800,1118,0.020000000000000018,False,True
P,lbfs_Re800,1118,0.030000000000000027,False,True
P,lbfs_Re800,1118,0.010000000000000009,False,True
P,lbfs_Re800,1119,0.029999999999999916,False,True
P,lbfs_Re800,1119,0.010000000000000009,False,True
P,lbfs_Re800,1119,0.019999999999999907,False,True
P,lbfs_Re800,1120,0.030000000000000027,False,True
P,lbfs_Re800,1120,0.020000000000000018,False,True
P,lbfs_Re800,1120,0.010000000000000009,False,True
P,lbfs_Re800,1121,0.030000000000000027,False,True
P,lbfs_Re800,1121,0.0,True,True
P,lbfs_Re800,1121,0.030000000000000027,False,True
P,lbfs_Re800,1122,0.010000000000000009,False,True
P,lbfs_Re800,1122,0.030000000000000027,False,True
P,lbfs_Re800,1122,0.030000000000000027,False,True
P,lbfs_Re800,1123,0.04999999999999993,False,True
P,lbfs_Re800,1123,0.040000000000000036,False,True
P,lbfs_Re800,1123,0.010000000000000009,False,True
P,lbfs_Re800,1124,0.029999999999999916,False,True
P,lbfs_Re800,1124,0.07,False,True
P,lbfs_Re800,1124,0.08000000000000002,False,True
P,lbfs_Re800,1125,0.030000000000000027,False,True
P,lbfs_Re800,1125,0.07,False,True
P,lbfs_Re800,1125,0.09000000000000002,False,True
P,lbfs_Re800,1126,0.050000000000000044,False,True
P,lbfs_Re800,1126,0.06000000000000005,False,True
P,lbfs_Re800,1126,0.020000000000000004,False,True
P,lbfs_Re800,1127,0.03999999999999998,False,True
P,lbfs_Re800,1127,0.03999999999999998,False,True
P,lbfs_Re800,1127,0.010000000000000009,False,True
P,lbfs_Re800,1128,0.03,False,True
P,lbfs_Re800,1128,0.030000000000000027,False,True
P,lbfs_Re800,1128,0.010000000000000009,False,True
P,lbfs_Re800,1129,0.020000000000000018,False,True
P,lbfs_Re800,1129,0.010000000000000009,False,True
P,lbfs_Re800,1129,0.020000000000000018,False,True
P,lbfs_Re800,1130,0.020000000000000018,False,True
P,lbfs_Re800,1130,0.07,False,True
P,lbfs_Re800,1130,0.04999999999999999,False,True
P,lbfs_Re800,1131,0.03999999999999998,False,True
P,lbfs_Re800,1131,0.010000000000000009,False,True
P,lbfs_Re800,1131,0.03999999999999998,False,True
P,lbfs_Re800,1132,0.010000000000000009,False,True
P,lbfs_Re800,1132,0.010000000000000009,False,True
P,lbfs_Re800,1132,0.010000000000000009,False,True
P,lbfs_Re800,1133,0.009999999999999995,False,True
P,lbfs_Re800,1133,0.030000000000000027,False,True
P,lbfs_Re800,1133,0.03999999999999998,False,True
P,lbfs_Re800,1134,0.020000000000000018,False,True
P,lbfs_Re800,1134,0.02999999999999997,False,True
P,lbfs_Re800,1134,0.04999999999999999,False,True
P,lbfs_Re800,1135,0.03,False,True
P,lbfs_Re800,1135,0.07,False,True
P,lbfs_Re800,1135,0.06,False,True
P,lbfs_Re800,1136,0.009999999999999981,False,True
P,lbfs_Re800,1136,0.01999999999999999,False,True
P,lbfs_Re800,1136,0.019999999999999962,False,True
P,lbfs_Re800,1137,0.04000000000000001,False,True
P,lbfs_Re800,1137,0.04000000000000001,False,True
P,lbfs_Re800,1137,0.010000000000000009,False,True
P,lbfs_Re800,1138,0.03,False,True
P,lbfs_Re800,1138,0.030000000000000027,False,True
P,lbfs_Re800,1138,0.06,False,True
P,lbfs_Re800,1139,0.07,False,True
P,lbfs_Re800,1139,0.04999999999999999,False,True
P,lbfs_Re800,1139,0.020000000000000018,False,True
P,lbfs_Re800,1140,0.03,False,True
P,lbfs_Re800,1140,0.0,True,True
P,lbfs_Re800,1140,0.03,False,True
P,lbfs_Re800,1141,0.020000000000000018,False,True
P,lbfs_Re800,1141,0.010000000000000009,False,True
P,lbfs_Re800,1141,0.020000000000000018,False,True
P,lbfs_Re800,1142,0.010000000000000009,False,True
P,lbfs_Re800,1142,0.030000000000000027,False,True
P,lbfs_Re800,1142,0.020000000000000018,False,True
P,lbfs_Re800,1143,0.030000000000000027,False,True
P,lbfs_Re800,1143,0.06,False,True
P,lbfs_Re800,1143,0.03999999999999998,False,True
P,lbfs_Re800,1144,0.050000000000000044,False,True
P,lbfs_Re800,1144,0.020000000000000018,False,True
P,lbfs_Re800,1144,0.030000000000000027,False,True
P,lbfs_Re800,1145,0.010000000000000009,False,True
P,lbfs_Re800,1145,0.03999999999999998,False,True
P,lbfs_Re800,1145,0.04999999999999999,False,True
P,lbfs_Re800,1146,0.030000000000000027,False,True
P,lbfs_Re800,1146,0.030000000000000027,False,True
P,lbfs_Re800,1146,0.020000000000000018,False,True
P,lbfs_Re800,1147,0.03999999999999998,False,True
P,lbfs_Re800,1147,0.02999999999999997,False,True
P,lbfs_Re800,1147,0.010000000000000009,False,True
P,lbfs_Re800,1148,0.020000000000000018,False,True
P,lbfs_Re800,1148,0.010000000000000009,False,True
P,lbfs_Re800,1148,0.020000000000000018,False,True
P,lbfs_Re800,1149,0.019999999999999962,False,True
P,lbfs_Re800,1149,0.019999999999999962,False,True
P,lbfs_Re800,1149,0.0,True,True
P,lbfs_Re800,1150,0.010000000000000009,False,True
P,lbfs_Re800,1150,0.02999999999999997,False,True
P,lbfs_Re800,1150,0.02999999999999997,False,True
P,lbfs_Re800,1151,0.020000000000000018,False,True
P,lbfs_Re800,1151,0.030000000000000027,False,True
P,lbfs_Re800,1151,0.030000000000000027,False,True
P,lbfs_Re800,1152,0.019999999999999962,False,True
P,lbfs_Re800,1152,0.019999999999999962,False,True
P,lbfs_Re800,1152,0.0,True,True
P,lbfs_Re800,1153,0.010000000000000009,False,True
P,lbfs_Re800,1153,0.020000000000000018,False,True
P,lbfs_Re800,1153,0.010000000000000009,False,True
P,lbfs_Re800,1154,0.020000000000000018,False,True
P,lbfs_Re800,1154,0.030000000000000027,False,True
P,lbfs_Re800,1154,0.010000000000000009,False,True
P,lbfs_Re800,1155,0.040000000000000036,False,True
P,lbfs_Re800,1155,0.019999999999999962,False,True
P,lbfs_Re800,1155,0.06,False,True
P,lbfs_Re800,1156,0.010000000000000009,False,True
P,lbfs_Re800,1156,0.020000000000000018,False,True
P,lbfs_Re800,1156,0.020000000000000018,False,True
P,lbfs_Re800,1157,0.030000000000000027,False,True
P,lbfs_Re800,1157,0.020000000000000018,False,True
P,lbfs_Re800,1157,0.050000000000000044,False,True
P,lbfs_Re800,1158,0.020000000000000018,False,True
P,lbfs_Re800,1158,0.009999999999999898,False,True
P,lbfs_Re800,1158,0.020000000000000018,False,True
P,lbfs_Re800,1159,0.010000000000000009,False,True
P,lbfs_Re800,1159,0.010000000000000009,False,True
P,lbfs_Re800,1159,0.0,True,True
P,lbfs_Re800,1160,0.010000000000000009,False,True
P,lbfs_Re800,1160,0.040000000000000036,False,True
P,lbfs_Re800,1160,0.040000000000000036,False,True
P,lbfs_Re800,1161,0.029999999999999916,False,True
P,lbfs_Re800,1161,0.030000000000000027,False,True
P,lbfs_Re800,1161,0.039999999999999925,False,True
P,lbfs_Re800,1162,0.039999999999999925,False,True
P,lbfs_Re800,1162,0.06000000000000005,False,True
P,lbfs_Re800,1162,0.07,False,True
P,lbfs_Re800,1163,0.030000000000000027,False,True
P,lbfs_Re800,1163,0.030000000000000027,False,True
P,lbfs_Re800,1163,0.009999999999999898,False,True
P,lbfs_Re800,1164,0.040000000000000036,False,True
P,lbfs_Re800,1164,0.020000000000000018,False,True
P,lbfs_Re800,1164,0.06000000000000005,False,True
P,lbfs_Re800,1165,0.040000000000000036,False,True
P,lbfs_Re800,1165,0.020000000000000018,False,True
P,lbfs_Re800,1165,0.020000000000000018,False,True
P,lbfs_Re800,1166,0.010000000000000009,False,True
P,lbfs_Re800,1166,0.020000000000000018,False,True
P,lbfs_Re800,1166,0.029999999999999916,False,True
P,lbfs_Re800,1167,0.020000000000000018,False,True
P,lbfs_Re800,1167,0.020000000000000018,False,True
P,lbfs_Re800,1167,0.009999999999999898,False,True
P,lbfs_Re800,1168,0.029999999999999916,False,True
P,lbfs_Re800,1168,0.039999999999999925,False,True
P,lbfs_Re800,1168,0.04999999999999999,False,True
P,lbfs_Re800,1169,0.020000000000000018,False,True
P,lbfs_Re800,1169,0.020000000000000018,False,True
P,lbfs_Re800,1169,0.040000000000000036,False,True
P,lbfs_Re800,1170,0.010000000000000009,False,True
P,lbfs_Re800,1170,0.030000000000000027,False,True
P,lbfs_Re800,1170,0.020000000000000018,False,True
P,lbfs_Re800,1171,0.030000000000000027,False,True
P,lbfs_Re800,1171,0.010000000000000009,False,True
P,lbfs_Re800,1171,0.020000000000000018,False,True
P,lbfs_Re800,1172,0.030000000000000027,False,True
P,lbfs_Re800,1172,0.04999999999999993,False,True
P,lbfs_Re800,1172,0.06999999999999995,False,True
P,lbfs_Re800,1173,0.09999999999999998,False,True
P,lbfs_Re800,1173,0.06999999999999995,False,True
P,lbfs_Re800,1173,0.030000000000000027,False,True
P,lbfs_Re800,1174,0.020000000000000018,False,True
P,lbfs_Re800,1174,0.040000000000000036,False,True
P,lbfs_Re800,1174,0.020000000000000018,False,True
P,lbfs_Re800,1175,0.010000000000000009,False,True
P,lbfs_Re800,1175,0.039999999999999925,False,True
P,lbfs_Re800,1175,0.039999999999999925,False,True
P,lbfs_Re800,1176,0.020000000000000018,False,True
P,lbfs_Re800,1176,0.020000000000000018,False,True
P,lbfs_Re800,1176,0.040000000000000036,False,True
P,lbfs_Re800,1177,0.03,False,True
P,lbfs_Re800,1177,0.009999999999999981,False,True
P,lbfs_Re800,1177,0.020000000000000018,False,True
P,lbfs_Re800,1178,0.07,False,True
P,lbfs_Re800,1178,0.11000000000000004,False,True
P,lbfs_Re800,1178,0.040000000000000036,False,True
P,lbfs_Re800,1179,0.03999999999999998,False,True
P,lbfs_Re800,1179,0.03999999999999998,False,True
P,lbfs_Re800,1179,0.07999999999999996,False,True
P,lbfs_Re800,1180,0.04999999999999999,False,True
P,lbfs_Re800,1180,0.06,False,True
P,lbfs_Re800,1180,0.010000000000000009,False,True
P,lbfs_Re800,1181,0.030000000000000027,False,True
P,lbfs_Re800,1181,0.030000000000000027,False,True
P,lbfs_Re800,1181,0.020000000000000004,False,True
P,lbfs_Re800,1182,0.0,True,True
P,lbfs_Re800,1182,0.010000000000000009,False,True
P,lbfs_Re800,1182,0.010000000000000009,False,True
P,lbfs_Re800,1183,0.020000000000000018,False,True
P,lbfs_Re800,1183,0.010000000000000009,False,True
P,lbfs_Re800,1183,0.030000000000000027,False,True
P,lbfs_Re800,1184,0.010000000000000009,False,True
P,lbfs_Re800,1184,0.040000000000000036,False,True
P,lbfs_Re800,1184,0.030000000000000027,False,True
P,lbfs_Re800,1185,0.03999999999999998,False,True
P,lbfs_Re800,1185,0.030000000000000027,False,True
P,lbfs_Re800,1185,0.020000000000000018,False,True
P,lbfs_Re800,1186,0.010000000000000009,False,True
P,lbfs_Re800,1186,0.030000000000000027,False,True
P,lbfs_Re800,1186,0.040000000000000036,False,True
P,lbfs_Re800,1187,0.06000000000000005,False,True
P,lbfs_Re800,1187,0.07000000000000006,False,True
P,lbfs_Re800,1187,0.010000000000000009,False,True
P,lbfs_Re800,1188,0.009999999999999953,False,True
P,lbfs_Re800,1188,0.010000000000000009,False,True
P,lbfs_Re800,1188,0.010000000000000009,False,True
P,lbfs_Re800,1189,0.020000000000000018,False,True
P,lbfs_Re800,1189,0.03999999999999998,False,True
P,lbfs_Re800,1189,0.03999999999999998,False,True
P,lbfs_Re800,1190,0.040000000000000036,False,True
P,lbfs_Re800,1190,0.030000000000000027,False,True
P,lbfs_Re800,1190,0.07000000000000006,False,True
P,lbfs_Re800,1191,0.030000000000000027,False,True
P,lbfs_Re800,1191,0.020000000000000018,False,True
P,lbfs_Re800,1191,0.040000000000000036,False,True
P,lbfs_Re800,1192,0.050000000000000044,False,True
P,lbfs_Re800,1192,0.030000000000000027,False,True
P,lbfs_Re800,1192,0.08000000000000007,False,True
P,lbfs_Re800,1193,0.019999999999999962,False,True
P,lbfs_Re800,1193,0.020000000000000018,False,True
P,lbfs_Re800,1193,0.010000000000000009,False,True
P,lbfs_Re800,1194,0.030000000000000027,False,True
P,lbfs_Re800,1194,0.030000000000000027,False,True
P,lbfs_Re800,1194,0.010000000000000009,False,True
P,lbfs_Re800,1195,0.04999999999999999,False,True
P,lbfs_Re800,1195,0.04999999999999999,False,True
P,lbfs_Re800,1195,0.010000000000000009,False,True
P,lbfs_Re800,1196,0.030000000000000027,False,True
P,lbfs_Re800,1196,0.010000000000000009,False,True
P,lbfs_Re800,1196,0.030000000000000027,False,True
P,lbfs_Re800,1197,0.020000000000000018,False,True
P,lbfs_Re800,1197,0.030000000000000027,False,True
P,lbfs_Re800,1197,0.030000000000000027,False,True
P,lbfs_Re800,1198,0.040000000000000036,False,True
P,lbfs_Re800,1198,0.040000000000000036,False,True
P,lbfs_Re800,1198,0.010000000000000009,False,True
P,lbfs_Re800,1199,0.030000000000000027,False,True
P,lbfs_Re800,1199,0.010000000000000009,False,True
P,lbfs_Re800,1199,0.040000000000000036,False,True
P,lbfs_Re800,1200,0.020000000000000018,False,True
P,lbfs_Re800,1200,0.07000000000000006,False,True
P,lbfs_Re800,1200,0.050000000000000044,False,True
P,lbfs_Re800,1201,0.030000000000000027,False,True
P,lbfs_Re800,1201,0.010000000000000009,False,True
P,lbfs_Re800,1201,0.020000000000000018,False,True
P,lbfs_Re800,1202,0.040000000000000036,False,True
P,lbfs_Re800,1202,0.010000000000000009,False,True
P,lbfs_Re800,1202,0.030000000000000027,False,True
P,lbfs_Re800,1203,0.039999999999999925,False,True
P,lbfs_Re800,1203,0.020000000000000018,False,True
P,lbfs_Re800,1203,0.029999999999999916,False,True
P,lbfs_Re800,1204,0.020000000000000004,False,True
P,lbfs_Re800,1204,0.040000000000000036,False,True
P,lbfs_Re800,1204,0.030000000000000027,False,True
P,lbfs_Re800,1205,0.03,False,True
P,lbfs_Re800,1205,0.010000000000000009,False,True
P,lbfs_Re800,1205,0.03999999999999998,False,True
P,lbfs_Re800,1206,0.010000000000000009,False,True
P,lbfs_Re800,1206,0.010000000000000009,False,True
P,lbfs_Re800,1206,0.020000000000000004,False,True
P,lbfs_Re800,1207,0.030000000000000027,False,True
P,lbfs_Re800,1207,0.06000000000000005,False,True
P,lbfs_Re800,1207,0.030000000000000027,False,True
P,lbfs_Re800,1208,0.10000000000000003,False,True
P,lbfs_Re800,1208,0.040000000000000036,False,True
P,lbfs_Re800,1208,0.06,False,True
P,lbfs_Re800,1209,0.07000000000000006,False,True
P,lbfs_Re800,1209,0.01999999999999999,False,True
P,lbfs_Re800,1209,0.06000000000000005,False,True
P,lbfs_Re800,1210,0.02999999999999997,False,True
P,lbfs_Re800,1210,0.010000000000000009,False,True
P,lbfs_Re800,1210,0.03999999999999998,False,True
P,lbfs_Re800,1211,0.06000000000000005,False,True
P,lbfs_Re800,1211,0.030000000000000027,False,True
P,lbfs_Re800,1211,0.030000000000000027,False,True
P,lbfs_Re800,1212,0.020000000000000018,False,True
P,lbfs_Re800,1212,0.030000000000000027,False,True
P,lbfs_Re800,1212,0.010000000000000009,False,True
P,lbfs_Re800,1213,0.02999999999999997,False,True
P,lbfs_Re800,1213,0.02999999999999997,False,True
P,lbfs_Re800,1213,0.010000000000000009,False,True
P,lbfs_Re800,1214,0.019999999999999962,False,True
P,lbfs_Re800,1214,0.019999999999999962,False,True
P,lbfs_Re800,1214,0.009999999999999898,False,True
P,lbfs_Re800,1215,0.020000000000000018,False,True
P,lbfs_Re800,1215,0.040000000000000036,False,True
P,lbfs_Re800,1215,0.020000000000000018,False,True
P,lbfs_Re800,1216,0.040000000000000036,False,True
P,lbfs_Re800,1216,0.019999999999999962,False,True
P,lbfs_Re800,1216,0.06,False,True
P,lbfs_Re800,1217,0.06,False,True
P,lbfs_Re800,1217,0.030000000000000027,False,True
P,lbfs_Re800,1217,0.02999999999999997,False,True
P,lbfs_Re800,1218,0.06,False,True
P,lbfs_Re800,1218,0.020000000000000018,False,True
P,lbfs_Re800,1218,0.06,False,True
P,lbfs_Re800,1219,0.020000000000000018,False,True
P,lbfs_Re800,1219,0.06,False,True
P,lbfs_Re800,1219,0.03999999999999998,False,True
P,lbfs_Re800,1220,0.02999999999999997,False,True
P,lbfs_Re800,1220,0.030000000000000027,False,True
P,lbfs_Re800,1220,0.030000000000000027,False,True
P,lbfs_Re800,1221,0.10000000000000003,False,True
P,lbfs_Re800,1221,0.040000000000000036,False,True
P,lbfs_Re800,1221,0.06,False,True
P,lbfs_Re800,1222,0.010000000000000009,False,True
P,lbfs_Re800,1222,0.02999999999999997,False,True
P,lbfs_Re800,1222,0.019999999999999962,False,True
P,lbfs_Re800,1223,0.040000000000000036,False,True
P,lbfs_Re800,1223,0.020000000000000018,False,True
P,lbfs_Re800,1223,0.06,False,True
P,lbfs_Re800,1224,0.020000000000000018,False,True
P,lbfs_Re800,1224,0.020000000000000018,False,True
P,lbfs_Re800,1224,0.020000000000000018,False,True
P,lbfs_Re800,1225,0.02999999999999997,False,True
P,lbfs_Re800,1225,0.07000000000000006,False,True
P,lbfs_Re800,1225,0.10000000000000003,False,True
P,lbfs_Re800,1226,0.06,False,True
P,lbfs_Re800,1226,0.04999999999999999,False,True
P,lbfs_Re800,1226,0.020000000000000018,False,True
P,lbfs_Re800,1227,0.03999999999999998,False,True
P,lbfs_Re800,1227,0.020000000000000018,False,True
P,lbfs_Re800,1227,0.06,False,True
P,lbfs_Re800,1228,0.040000000000000036,False,True
P,lbfs_Re800,1228,0.0,True,True
P,lbfs_Re800,1228,0.040000000000000036,False,True
P,lbfs_Re800,1229,0.03999999999999998,False,True
P,lbfs_Re800,1229,0.06,False,True
P,lbfs_Re800,1229,0.020000000000000018,False,True
P,lbfs_Re800,1230,0.06,False,True
P,lbfs_Re800,1230,0.07,False,True
P,lbfs_Re800,1230,0.020000000000000018,False,True
P,lbfs_Re800,1231,0.019999999999999962,False,True
P,lbfs_Re800,1231,0.04999999999999999,False,True
P,lbfs_Re800,1231,0.030000000000000027,False,True
P,lbfs_Re800,1232,0.030000000000000027,False,True
P,lbfs_Re800,1232,0.010000000000000009,False,True
P,lbfs_Re800,1232,0.020000000000000018,False,True
P,lbfs_Re800,1233,0.040000000000000036,False,True
P,lbfs_Re800,1233,0.0,True,True
P,lbfs_Re800,1233,0.040000000000000036,False,True
P,lbfs_Re800,1234,0.08000000000000002,False,True
P,lbfs_Re800,1234,0.08000000000000002,False,True
P,lbfs_Re800,1234,0.010000000000000009,False,True
P,lbfs_Re800,1235,0.040000000000000036,False,True
P,lbfs_Re800,1235,0.030000000000000027,False,True
P,lbfs_Re800,1235,0.020000000000000018,False,True
P,lbfs_Re800,1236,0.020000000000000018,False,True
P,lbfs_Re800,1236,0.009999999999999995,False,True
P,lbfs_Re800,1236,0.020000000000000018,False,True
P,lbfs_Re800,1237,0.020000000000000018,False,True
P,lbfs_Re800,1237,0.04999999999999999,False,True
P,lbfs_Re800,1237,0.040000000000000036,False,True
P,lbfs_Re800,1238,0.03,False,True
P,lbfs_Re800,1238,0.019999999999999962,False,True
P,lbfs_Re800,1238,0.01999999999999999,False,True
P,lbfs_Re800,1239,0.020000000000000018,False,True
P,lbfs_Re800,1239,0.039999999999999925,False,True
P,lbfs_Re800,1239,0.019999999999999907,False,True
P,lbfs_Re800,1240,0.010000000000000009,False,True
P,lbfs_Re800,1240,0.020000000000000018,False,True
P,lbfs_Re800,1240,0.010000000000000009,False,True
P,lbfs_Re800,1241,0.010000000000000009,False,True
P,lbfs_Re800,1241,0.020000000000000018,False,True
P,lbfs_Re800,1241,0.010000000000000009,False,True
P,lbfs_Re800,1242,0.08999999999999997,False,True
P,lbfs_Re800,1242,0.019999999999999907,False,True
P,lbfs_Re800,1242,0.08999999999999997,False,True
P,lbfs_Re800,1243,0.06000000000000005,False,True
P,lbfs_Re800,1243,0.010000000000000009,False,True
P,lbfs_Re800,1243,0.050000000000000044,False,True
P,lbfs_Re800,1244,0.06,False,True
P,lbfs_Re800,1244,0.08000000000000002,False,True
P,lbfs_Re800,1244,0.020000000000000018,False,True
P,lbfs_Re800,1245,0.07000000000000006,False,True
P,lbfs_Re800,1245,0.010000000000000009,False,True
P,lbfs_Re800,1245,0.08000000000000007,False,True
P,lbfs_Re800,1246,0.020000000000000018,False,True
P,lbfs_Re800,1246,0.020000000000000018,False,True
P,lbfs_Re800,1246,0.0,True,True
P,lbfs_Re800,1247,0.03999999999999998,False,True
P,lbfs_Re800,1247,0.040000000000000036,False,True
P,lbfs_Re800,1247,0.08000000000000002,False,True
P,lbfs_Re800,1248,0.009999999999999898,False,True
P,lbfs_Re800,1248,0.06999999999999995,False,True
P,lbfs_Re800,1248,0.06999999999999995,False,True
P,lbfs_Re800,1249,0.030000000000000027,False,True
P,lbfs_Re800,1249,0.010000000000000009,False,True
P,lbfs_Re800,1249,0.030000000000000027,False,True
P,lbfs_Re800,1250,0.04999999999999999,False,True
P,lbfs_Re800,1250,0.03999999999999998,False,True
P,lbfs_Re800,1250,0.019999999999999907,False,True
P,lbfs_Re800,1251,0.010000000000000009,False,True
P,lbfs_Re800,1251,0.040000000000000036,False,True
P,lbfs_Re800,1251,0.040000000000000036,False,True
P,lbfs_Re800,1252,0.030000000000000027,False,True
P,lbfs_Re800,1252,0.010000000000000009,False,True
P,lbfs_Re800,1252,0.030000000000000027,False,True
P,lbfs_Re800,1253,0.010000000000000009,False,True
P,lbfs_Re800,1253,0.010000000000000009,False,True
P,lbfs_Re800,1253,0.010000000000000009,False,True
P,lbfs_Re800,1254,0.040000000000000036,False,True
P,lbfs_Re800,1254,0.020000000000000018,False,True
P,lbfs_Re800,1254,0.020000000000000018,False,True
P,lbfs_Re800,1255,0.010000000000000009,False,True
P,lbfs_Re800,1255,0.010000000000000009,False,True
P,lbfs_Re800,1255,0.010000000000000009,False,True
P,lbfs_Re800,1256,0.020000000000000018,False,True
P,lbfs_Re800,1256,0.06000000000000005,False,False
P,lbfs_Re800,1256,0.040000000000000036,False,False
P,lbfs_Re800,1257,0.010000000000000009,False,True
P,lbfs_Re800,1258,0.030000000000000027,False,True
P,lbfs_Re800,1259,0.010000000000000009,False,True
P,lbfs_Re800,1260,0.010000000000000009,False,True
P,lbfs_Re800,1261,0.02999999999999997,False,True
P,lbfs_Re800,1262,0.020000000000000018,False,True
P,lbfs_Re800,1263,0.010000000000000009,False,True
P,lbfs_Re800,1264,0.14,False,True
P,lbfs_Re800,1265,0.010000000000000009,False,True
P,lbfs_Re800,1266,0.02999999999999997,False,True
P,lbfs_Re800,1267,0.030000000000000027,False,True
P,lbfs_Re800,1268,0.040000000000000036,False,True
P,lbfs_Re800,1269,0.030000000000000027,False,True
P,lbfs_Re800,1270,0.020000000000000018,False,True
P,lbfs_Re800,1271,0.010000000000000009,False,True
P,lbfs_Re800,1272,0.030000000000000027,False,True
P,lbfs_Re800,1273,0.03999999999999998,False,True
P,lbfs_Re800,1274,0.050000000000000044,False,True
P,lbfs_Re800,1275,0.03999999999999998,False,True
P,lbfs_Re800,1276,0.09000000000000002,False,True
P,lbfs_Re800,1277,0.07,False,True
P,lbfs_Re800,1278,0.020000000000000018,False,True
P,lbfs_Re800,1279,0.02999999999999997,False,True
P,lbfs_Re800,1280,0.030000000000000027,False,True
P,lbfs_Re800,1281,0.02999999999999997,False,True
P,lbfs_Re800,1282,0.030000000000000027,False,True
P,lbfs_Re800,1283,0.04000000000000001,False,True
P,lbfs_Re800,1284,0.02999999999999997,False,True
P,lbfs_Re800,1285,0.06,False,True
P,lbfs_Re800,1286,0.06,False,True
P,lbfs_Re800,1287,0.08000000000000002,False,True
P,lbfs_Re800,1288,0.010000000000000009,False,True
P,lbfs_Re800,1289,0.04000000000000001,False,True
P,lbfs_Re800,1290,0.020000000000000018,False,True
P,lbfs_Re800,1291,0.040000000000000036,False,True
P,lbfs_Re800,1292,0.010000000000000009,False,True
P,lbfs_Re800,1293,0.04999999999999999,False,True
P,lbfs_Re800,1294,0.010000000000000009,False,True
P,lbfs_Re800,1295,0.03999999999999998,False,True
P,lbfs_Re800,1296,0.020000000000000018,False,True
P,lbfs_Re800,1297,0.020000000000000018,False,True
P,lbfs_Re800,1298,0.04999999999999999,False,True
P,lbfs_Re800,1299,0.010000000000000009,False,True
P,lbfs_Re800,1300,0.050000000000000044,False,True
P,lbfs_Re800,1301,0.010000000000000009,False,True
P,lbfs_Re800,1302,0.010000000000000009,False,True
P,lbfs_Re800,1303,0.050000000000000044,False,True
P,lbfs_Re800,1304,0.010000000000000009,False,True
P,lbfs_Re800,1305,0.030000000000000027,False,True
P,lbfs_Re800,1306,0.09000000000000002,False,True
P,lbfs_Re800,1307,0.020000000000000018,False,True
P,lbfs_Re800,1308,0.0,True,True
P,lbfs_Re800,1309,0.030000000000000027,False,True
P,lbfs_Re800,1310,0.07,False,True
P,lbfs_Re800,1311,0.04999999999999999,False,True
P,lbfs_Re800,1312,0.020000000000000018,False,True
P,lbfs_Re800,1313,0.010000000000000009,False,True
P,lbfs_Re800,1314,0.03999999999999998,False,True
P,lbfs_Re800,1315,0.040000000000000036,False,True
P,lbfs_Re800,1316,0.010000000000000009,False,True
P,lbfs_Re800,1317,0.040000000000000036,False,True
P,lbfs_Re800,1318,0.07,False,True
P,lbfs_Re800,1319,0.020000000000000018,False,True
P,lbfs_Re800,1320,0.04999999999999999,False,True
P,lbfs_Re800,1321,0.030000000000000027,False,True
P,lbfs_Re800,1322,0.010000000000000009,False,True
P,lbfs_Re800,1323,0.07999999999999996,False,True
P,lbfs_Re800,1324,0.02999999999999997,False,True
P,lbfs_Re800,1325,0.040000000000000036,False,True
P,lbfs_Re800,1326,0.020000000000000018,False,True
P,lbfs_Re800,1327,0.019999999999999962,False,True
P,lbfs_Re800,1328,0.10000000000000003,False,True
P,lbfs_Re800,1329,0.03999999999999998,False,True
P,lbfs_Re800,1330,0.02999999999999997,False,True
P,lbfs_Re800,1331,0.03999999999999998,False,True
P,lbfs_Re800,1332,0.010000000000000009,False,True
P,lbfs_Re800,1333,0.010000000000000009,False,True
P,lbfs_Re800,1334,0.03,False,True
P,lbfs_Re800,1335,0.03999999999999998,False,True
P,lbfs_Re800,1336,0.01999999999999999,False,True
P,lbfs_Re800,1337,0.03999999999999998,False,True
P,lbfs_Re800,1338,0.020000000000000018,False,True
P,lbfs_Re800,1339,0.04999999999999999,False,True
P,lbfs_Re800,1340,0.020000000000000018,False,True
P,lbfs_Re800,1341,0.03999999999999998,False,True
P,lbfs_Re800,1342,0.020000000000000018,False,True
P,lbfs_Re800,1343,0.010000000000000009,False,True
P,lbfs_Re800,1344,0.06,False,True
P,lbfs_Re800,1345,0.010000000000000009,False,True
P,lbfs_Re800,1346,0.02999999999999997,False,True
P,lbfs_Re800,1347,0.030000000000000027,False,True
P,lbfs_Re800,1348,0.019999999999999962,False,True
P,lbfs_Re800,1349,0.04999999999999999,False,True
P,lbfs_Re800,1350,0.019999999999999962,False,True
P,lbfs_Re800,1351,0.010000000000000009,False,True
P,lbfs_Re800,1352,0.020000000000000018,False,True
P,lbfs_Re800,1353,0.020000000000000018,False,True
P,lbfs_Re800,1354,0.07,False,True
P,lbfs_Re800,1355,0.030000000000000027,False,True
P,lbfs_Re800,1356,0.02999999999999997,False,True
P,lbfs_Re800,1357,0.07000000000000006,False,True
P,lbfs_Re800,1358,0.020000000000000018,False,True
P,lbfs_Re800,1359,0.08000000000000002,False,True
P,lbfs_Re800,1360,0.030000000000000027,False,True
P,lbfs_Re800,1361,0.030000000000000027,False,True
P,lbfs_Re800,1362,0.010000000000000009,False,True
P,lbfs_Re800,1363,0.010000000000000009,False,True
P,lbfs_Re800,1364,0.06,False,True
P,lbfs_Re800,1365,0.02999999999999997,False,True
P,lbfs_Re800,1366,0.009999999999999953,False,True
P,lbfs_Re800,1367,0.020000000000000018,False,True
P,lbfs_Re800,1368,0.010000000000000009,False,True
P,lbfs_Re800,1369,0.04999999999999999,False,True
P,lbfs_Re800,1370,0.02999999999999997,False,True
P,lbfs_Re800,1371,0.030000000000000027,False,True
P,lbfs_Re800,1372,0.020000000000000004,False,True
P,lbfs_Re800,1373,0.02999999999999997,False,True
P,lbfs_Re800,1374,0.04999999999999999,False,True
P,lbfs_Re800,1375,0.03999999999999998,False,True
P,lbfs_Re800,1376,0.04999999999999999,False,True
P,lbfs_Re800,1377,0.010000000000000009,False,True
P,lbfs_Re800,1378,0.09000000000000002,False,True
P,lbfs_Re800,1379,0.030000000000000027,False,True
P,lbfs_Re800,1380,0.010000000000000009,False,True
P,lbfs_Re800,1381,0.06000000000000005,False,True
P,lbfs_Re800,1382,0.040000000000000036,False,True
P,lbfs_Re800,1383,0.050000000000000044,False,True
P,lbfs_Re800,1384,0.020000000000000018,False,True
P,lbfs_Re800,1385,0.04999999999999999,False,True
P,lbfs_Re800,1386,0.020000000000000018,False,True
P,lbfs_Re800,1387,0.040000000000000036,False,True
P,lbfs_Re800,1388,0.07,False,True
P,lbfs_Re800,1389,0.02999999999999997,False,True
P,lbfs_Re800,1390,0.030000000000000027,False,True
P,lbfs_Re800,1391,0.07999999999999996,False,True
P,lbfs_Re800,1392,0.020000000000000018,False,True
P,lbfs_Re800,1393,0.02999999999999997,False,True
P,lbfs_Re800,1394,0.06,False,True
P,lbfs_Re800,1395,0.010000000000000009,False,True
P,lbfs_Re800,1396,0.020000000000000018,False,True
P,lbfs_Re800,1397,0.03999999999999998,False,True
P,lbfs_Re800,1398,0.009999999999999995,False,True
P,lbfs_Re800,1399,0.04999999999999999,False,True
P,lbfs_Re800,1400,0.030000000000000027,False,True
P,lbfs_Re800,1401,0.050000000000000044,False,True
P,lbfs_Re800,1402,0.02999999999999997,False,True
P,lbfs_Re800,1403,0.040000000000000036,False,True
P,lbfs_Re800,1404,0.03999999999999998,False,True
P,lbfs_Re800,1405,0.010000000000000009,False,True
P,lbfs_Re800,1406,0.04999999999999999,False,True
P,lbfs_Re800,1407,0.06,False,True
P,lbfs_Re800,1408,0.020000000000000018,False,True
P,lbfs_Re800,1409,0.0,True,True
P,lbfs_Re800,1410,0.020000000000000018,False,True
P,lbfs_Re800,1411,0.020000000000000018,False,True
P,lbfs_Re800,1412,0.030000000000000027,False,True
P,lbfs_Re800,1413,0.020000000000000018,False,True
P,lbfs_Re800,1414,0.050000000000000044,False,True
P,lbfs_Re800,1415,0.020000000000000018,False,True
P,lbfs_Re800,1416,0.010000000000000009,False,True
P,lbfs_Re800,1417,0.03999999999999998,False,True
P,lbfs_Re800,1418,0.010000000000000009,False,True
P,lbfs_Re800,1419,0.020000000000000018,False,True
P,lbfs_Re800,1420,0.010000000000000009,False,True
P,lbfs_Re800,1421,0.020000000000000018,False,True
P,lbfs_Re800,1422,0.020000000000000018,False,True
P,lbfs_Re800,1423,0.020000000000000018,False,True
P,lbfs_Re800,1424,0.07,False,True
P,lbfs_Re800,1425,0.019999999999999962,False,True
P,lbfs_Re800,1426,0.08000000000000002,False,True
P,lbfs_Re800,1427,0.020000000000000018,False,True
P,lbfs_Re800,1428,0.06000000000000005,False,True
P,lbfs_Re800,1429,0.06,False,True
P,lbfs_Re800,1430,0.010000000000000009,False,True
P,lbfs_Re800,1431,0.04999999999999999,False,True
P,lbfs_Re800,1432,0.030000000000000027,False,True
P,lbfs_Re800,1433,0.08000000000000002,False,True
P,lbfs_Re800,1434,0.020000000000000018,False,True
P,lbfs_Re800,1435,0.010000000000000002,False,True
P,lbfs_Re800,1436,0.010000000000000009,False,True
P,lbfs_Re800,1437,0.04999999999999999,False,True
P,lbfs_Re800,1438,0.04000000000000001,False,True
P,lbfs_Re800,1439,0.010000000000000009,False,True
P,lbfs_Re800,1440,0.01999999999999999,False,True
P,lbfs_Re800,1441,0.020000000000000018,False,True
P,lbfs_Re800,1442,0.010000000000000009,False,True
P,lbfs_Re800,1443,0.01999999999999999,False,True
P,lbfs_Re800,1444,0.030000000000000027,False,True
P,lbfs_Re800,1445,0.010000000000000009,False,True
P,lbfs_Re800,1446,0.020000000000000018,False,True
P,lbfs_Re800,1447,0.020000000000000018,False,True
P,lbfs_Re800,1448,0.030000000000000027,False,True
P,lbfs_Re800,1449,0.020000000000000018,False,True
P,lbfs_Re800,1450,0.040000000000000036,False,True
P,lbfs_Re800,1451,0.010000000000000009,False,True
P,lbfs_Re800,1452,0.07,False,True
P,lbfs_Re800,1453,0.02999999999999997,False,True
P,lbfs_Re800,1454,0.02999999999999997,False,True
P,lbfs_Re800,1455,0.030000000000000027,False,True
P,lbfs_Re800,1456,0.030000000000000027,False,True
P,lbfs_Re800,1457,0.010000000000000009,False,True
P,lbfs_Re800,1458,0.050000000000000044,False,True
P,lbfs_Re800,1459,0.020000000000000018,False,True
P,lbfs_Re800,1460,0.050000000000000044,False,True
P,lbfs_Re800,1461,0.040000000000000036,False,True
P,lbfs_Re800,1462,0.020000000000000018,False,True
P,lbfs_Re800,1463,0.02999999999999997,False,True
P,lbfs_Re800,1464,0.04999999999999999,False,True
P,lbfs_Re800,1465,0.010000000000000009,False,True
P,lbfs_Re800,1466,0.020000000000000018,False,True
P,lbfs_Re800,1467,0.040000000000000036,False,True
P,lbfs_Re800,1468,0.020000000000000018,False,True
P,lbfs_Re800,1469,0.06,False,True
P,lbfs_Re800,1470,0.020000000000000018,False,True
P,lbfs_Re800,1471,0.01999999999999999,False,True
P,lbfs_Re800,1472,0.01999999999999999,False,True
P,lbfs_Re800,1473,0.040000000000000036,False,True
P,lbfs_Re800,1474,0.020000000000000018,False,True
P,lbfs_Re800,1475,0.010000000000000009,False,True
P,lbfs_Re800,1476,0.040000000000000036,False,True
P,lbfs_Re800,1477,0.03,False,True
P,lbfs_Re800,1478,0.050000000000000044,False,True
P,lbfs_Re800,1479,0.020000000000000018,False,True
P,lbfs_Re800,1480,0.030000000000000027,False,True
P,lbfs_Re800,1481,0.03999999999999998,False,True
P,lbfs_Re800,1482,0.020000000000000018,False,True
P,lbfs_Re800,1483,0.06,False,True
P,lbfs_Re800,1484,0.020000000000000018,False,True
P,lbfs_Re800,1485,0.02999999999999997,False,True
P,lbfs_Re800,1486,0.050000000000000044,False,True
P,lbfs_Re800,1487,0.019999999999999907,False,True
P,lbfs_Re800,1488,0.030000000000000027,False,True
P,lbfs_Re800,1489,0.020000000000000018,False,True
P,lbfs_Re800,1490,0.020000000000000018,False,True
P,lbfs_Re800,1491,0.039999999999999925,False,True
P,lbfs_Re800,1492,0.06,False,True
P,lbfs_Re800,1493,0.03999999999999998,False,True
P,lbfs_Re800,1494,0.09000000000000002,False,True
P,lbfs_Re800,1495,0.010000000000000009,False,True
P,lbfs_Re800,1496,0.040000000000000036,False,True
P,lbfs_Re800,1497,0.020000000000000018,False,True
P,lbfs_Re800,1498,0.020000000000000018,False,True
P,lbfs_Re800,1499,0.02999999999999997,False,True
P,lbfs_Re800,1500,0.020000000000000018,False,True
P,lbfs_Re800,1501,0.020000000000000018,False,True
P,lbfs_Re800,1502,0.08000000000000002,False,True
P,lbfs_Re800,1503,0.0,True,True
P,lbfs_Re800,1504,0.020000000000000018,False,True
P,lbfs_Re800,1505,0.020000000000000018,False,True
P,lbfs_Re800,1506,0.010000000000000009,False,True
P,lbfs_Re800,1507,0.06000000000000005,False,True
P,lbfs_Re800,1508,0.07,False,True
P,lbfs_Re800,1509,0.030000000000000027,False,True
P,lbfs_Re800,1510,0.020000000000000018,False,True
P,lbfs_Re800,1511,0.010000000000000009,False,True
P,lbfs_Re800,1512,0.08999999999999997,False,True
P,lbfs_Re800,1513,0.07,False,True
P,lbfs_Re800,1514,0.030000000000000027,False,True
P,lbfs_Re800,1515,0.07,False,True
P,lbfs_Re800,1516,0.06,False,True
P,lbfs_Re800,1517,0.08999999999999997,False,True
P,lbfs_Re800,1518,0.030000000000000027,False,True
P,lbfs_Re800,1519,0.050000000000000044,False,True
P,lbfs_Re800,1520,0.07,False,True
P,lbfs_Re800,1521,0.020000000000000018,False,True
P,lbfs_Re800,1522,0.030000000000000027,False,True
P,lbfs_Re800,1523,0.020000000000000018,False,True
P,lbfs_Re800,1524,0.020000000000000018,False,True
P,lbfs_Re800,1525,0.12000000000000005,False,True
P,lbfs_Re800,1526,0.010000000000000009,False,True
P,lbfs_Re800,1527,0.050000000000000044,False,True
P,lbfs_Re800,1528,0.030000000000000027,False,True
P,lbfs_Re800,1529,0.06,False,True
P,lbfs_Re800,1530,0.030000000000000027,False,True
P,lbfs_Re800,1531,0.030000000000000027,False,True
P,lbfs_Re800,1532,0.010000000000000009,False,True
P,lbfs_Re800,1533,0.02999999999999997,False,True
P,lbfs_Re800,1534,0.02999999999999997,False,True
P,lbfs_Re800,1535,0.04999999999999993,False,True
P,lbfs_Re800,1536,0.019999999999999962,False,True
P,lbfs_Re800,1537,0.010000000000000009,False,True
P,lbfs_Re800,1538,0.02999999999999997,False,True
P,lbfs_Re800,1539,0.010000000000000009,False,True
P,lbfs_Re800,1540,0.04999999999999999,False,True
P,lbfs_Re800,1541,0.040000000000000036,False,True
P,lbfs_Re800,1542,0.050000000000000044,False,True
P,lbfs_Re800,1543,0.04999999999999999,False,True
P,lbfs_Re800,1544,0.12,False,True
P,lbfs_Re800,1545,0.06,False,True
P,lbfs_Re800,1546,0.04999999999999999,False,True
P,lbfs_Re800,1547,0.03,False,True
P,lbfs_Re800,1548,0.02999999999999997,False,True
P,lbfs_Re800,1549,0.04999999999999999,False,True
P,lbfs_Re800,1550,0.04999999999999999,False,True
P,lbfs_Re800,1551,0.04000000000000001,False,True
P,lbfs_Re800,1552,0.030000000000000027,False,True
P,lbfs_Re800,1553,0.03,False,True
P,lbfs_Re800,1554,0.03,False,True
P,lbfs_Re800,1555,0.03999999999999998,False,True
P,lbfs_Re800,1556,0.010000000000000009,False,True
P,lbfs_Re800,1557,0.02999999999999997,False,True
P,lbfs_Re800,1558,0.06,False,True
P,lbfs_Re800,1559,0.08000000000000002,False,True
P,lbfs_Re800,1560,0.030000000000000027,False,True
P,lbfs_Re800,1561,0.010000000000000009,False,True
P,lbfs_Re800,1562,0.06,False,True
P,lbfs_Re800,1563,0.06,False,True
P,lbfs_Re800,1564,0.01999999999999999,False,True
P,lbfs_Re800,1565,0.020000000000000018,False,True
P,lbfs_Re800,1566,0.040000000000000036,False,True
P,lbfs_Re800,1567,0.040000000000000036,False,True
P,lbfs_Re800,1568,0.020000000000000018,False,True
P,lbfs_Re800,1569,0.030000000000000027,False,True
P,lbfs_Re800,1570,0.030000000000000027,False,True
P,lbfs_Re800,1571,0.030000000000000027,False,True
P,lbfs_Re800,1572,0.030000000000000027,False,True
P,lbfs_Re800,1573,0.010000000000000009,False,True
P,lbfs_Re800,1574,0.030000000000000027,False,True
P,lbfs_Re800,1575,0.010000000000000009,False,True
P,lbfs_Re800,1576,0.040000000000000036,False,True
P,lbfs_Re800,1577,0.020000000000000018,False,True
P,lbfs_Re800,1578,0.010000000000000009,False,True
P,lbfs_Re800,1579,0.020000000000000018,False,True
P,lbfs_Re800,1580,0.010000000000000009,False,True
P,lbfs_Re800,1581,0.020000000000000018,False,True
P,lbfs_Re800,1582,0.040000000000000036,False,True
P,lbfs_Re800,1583,0.010000000000000009,False,True
P,lbfs_Re800,1584,0.030000000000000027,False,True
P,lbfs_Re800,1585,0.02999999999999997,False,True
P,lbfs_Re800,1586,0.11000000000000004,False,True
P,lbfs_Re800,1587,0.020000000000000018,False,True
P,lbfs_Re800,1588,0.050000000000000044,False,True
P,lbfs_Re800,1589,0.10999999999999999,False,True
P,lbfs_Re800,1590,0.020000000000000018,False,True
P,lbfs_Re800,1591,0.040000000000000036,False,True
P,lbfs_Re800,1592,0.08000000000000002,False,True
P,lbfs_Re800,1593,0.019999999999999962,False,True
P,lbfs_Re800,1594,0.010000000000000009,False,True
P,lbfs_Re800,1595,0.06,False,True
P,lbfs_Re800,1596,0.040000000000000036,False,True
P,lbfs_Re800,1597,0.020000000000000018,False,True
P,lbfs_Re800,1598,0.050000000000000044,False,True
P,lbfs_Re800,1599,0.08000000000000002,False,True
P,lbfs_Re800,1600,0.030000000000000027,False,True
P,lbfs_Re800,1601,0.020000000000000018,False,True
P,lbfs_Re800,1602,0.04999999999999999,False,True
P,lbfs_Re800,1603,0.040000000000000036,False,True
P,lbfs_Re800,1604,0.020000000000000018,False,True
P,lbfs_Re800,1605,0.010000000000000009,False,True
P,lbfs_Re800,1606,0.09000000000000002,False,True
P,lbfs_Re800,1607,0.020000000000000018,False,True
P,lbfs_Re800,1608,0.07,False,True
P,lbfs_Re800,1609,0.030000000000000027,False,True
P,lbfs_Re800,1610,0.030000000000000027,False,True
P,lbfs_Re800,1611,0.010000000000000009,False,True
P,lbfs_Re800,1612,0.019999999999999962,False,True
P,lbfs_Re800,1613,0.019999999999999962,False,True
P,lbfs_Re800,1614,0.039999999999999925,False,True
P,lbfs_Re800,1615,0.030000000000000027,False,True
P,lbfs_Re800,1616,0.02999999999999997,False,True
P,lbfs_Re800,1617,0.030000000000000027,False,True
P,lbfs_Re800,1618,0.040000000000000036,False,True
P,lbfs_Re800,1619,0.020000000000000018,False,True
P,lbfs_Re800,1620,0.06,False,True
P,lbfs_Re800,1621,0.07,False,True
P,lbfs_Re800,1622,0.01999999999999999,False,True
P,lbfs_Re800,1623,0.06,False,True
P,lbfs_Re800,1624,0.06,False,True
P,lbfs_Re800,1625,0.030000000000000027,False,True
P,lbfs_Re800,1626,0.06,False,True
P,lbfs_Re800,1627,0.07,False,True
P,lbfs_Re800,1628,0.06,False,True
P,lbfs_Re800,1629,0.020000000000000018,False,True
P,lbfs_Re800,1630,0.010000000000000009,False,True
P,lbfs_Re800,1631,0.03999999999999998,False,True
P,lbfs_Re800,1632,0.020000000000000018,False,True
P,lbfs_Re800,1633,0.019999999999999962,False,True
P,lbfs_Re800,1634,0.010000000000000009,False,True
P,lbfs_Re800,1635,0.020000000000000018,False,True
P,lbfs_Re800,1636,0.010000000000000009,False,True
P,lbfs_Re800,1637,0.040000000000000036,False,True
P,lbfs_Re800,1638,0.04000000000000001,False,True
P,lbfs_Re800,1639,0.019999999999999962,False,True
P,lbfs_Re800,1640,0.040000000000000036,False,True
P,lbfs_Re800,1641,0.07,False,True
P,lbfs_Re800,1642,0.08000000000000002,False,True
P,lbfs_Re800,1643,0.020000000000000018,False,True
P,lbfs_Re800,1644,0.07000000000000006,False,True
P,lbfs_Re800,1645,0.03999999999999998,False,True
P,lbfs_Re800,1646,0.040000000000000036,False,True
P,lbfs_Re800,1647,0.030000000000000027,False,True
P,lbfs_Re800,1648,0.020000000000000018,False,True
P,lbfs_Re800,1649,0.07000000000000006,False,True
P,lbfs_Re800,1650,0.030000000000000027,False,True
P,lbfs_Re800,1651,0.020000000000000018,False,True
P,lbfs_Re800,1652,0.030000000000000027,False,True
P,lbfs_Re800,1653,0.020000000000000018,False,True
P,lbfs_Re800,1654,0.010000000000000009,False,True
P,lbfs_Re800,1655,0.06000000000000005,False,True
P,lbfs_Re800,1656,0.010000000000000009,False,True
P,lbfs_Re800,1657,0.01999999999999999,False,True
P,lbfs_Re800,1658,0.04999999999999999,False,True
P,lbfs_Re800,1659,0.010000000000000009,False,True
P,lbfs_Re800,1660,0.03,False,True
P,lbfs_Re800,1661,0.04999999999999999,False,True
P,lbfs_Re800,1662,0.020000000000000018,False,True
P,lbfs_Re800,1663,0.03,False,True
P,lbfs_Re800,1664,0.020000000000000018,False,True
P,lbfs_Re800,1665,0.04000000000000001,False,True
P,lbfs_Re800,1666,0.04999999999999999,False,True
P,lbfs_Re800,1667,0.020000000000000018,False,True
P,lbfs_Re800,1668,0.019999999999999962,False,True
P,lbfs_Re800,1669,0.010000000000000009,False,True
P,lbfs_Re800,1670,0.03999999999999998,False,True
P,lbfs_Re800,1671,0.040000000000000036,False,True
P,lbfs_Re800,1672,0.07,False,True
P,lbfs_Re800,1673,0.030000000000000027,False,True
P,lbfs_Re800,1674,0.030000000000000027,False,True
P,lbfs_Re800,1675,0.030000000000000027,False,True
P,lbfs_Re800,1676,0.020000000000000018,False,True
P,lbfs_Re800,1677,0.040000000000000036,False,True
P,lbfs_Re800,1678,0.020000000000000018,False,True
P,lbfs_Re800,1679,0.030000000000000027,False,True
P,lbfs_Re800,1680,0.03999999999999998,False,True
P,lbfs_Re800,1681,0.040000000000000036,False,True
P,lbfs_Re800,1682,0.04999999999999999,False,True
P,lbfs_Re800,1683,0.02999999999999997,False,True
P,lbfs_Re800,1684,0.019999999999999962,False,True
P,lbfs_Re800,1685,0.04999999999999999,False,True
P,lbfs_Re800,1686,0.02999999999999997,False,True
P,lbfs_Re800,1687,0.040000000000000036,False,True
P,lbfs_Re800,1688,0.03999999999999998,False,True
P,lbfs_Re800,1689,0.019999999999999962,False,True
P,lbfs_Re800,1690,0.019999999999999962,False,True
P,lbfs_Re800,1691,0.010000000000000009,False,True
P,lbfs_Re800,1692,0.030000000000000027,False,True
P,lbfs_Re800,1693,0.07,False,True
P,lbfs_Re800,1694,0.030000000000000027,False,True
P,lbfs_Re800,1695,0.010000000000000009,False,True
P,lbfs_Re800,1696,0.030000000000000027,False,True
P,lbfs_Re800,1697,0.050000000000000044,False,True
P,lbfs_Re800,1698,0.04999999999999999,False,True
P,lbfs_Re800,1699,0.010000000000000009,False,True
P,lbfs_Re800,1700,0.04999999999999999,False,True
P,lbfs_Re800,1701,0.020000000000000018,False,True
P,lbfs_Re800,1702,0.030000000000000027,False,True
P,lbfs_Re800,1703,0.02999999999999997,False,True
P,lbfs_Re800,1704,0.009999999999999981,False,True
P,lbfs_Re800,1705,0.03999999999999998,False,True
P,lbfs_Re800,1706,0.03,False,True
P,lbfs_Re800,1707,0.009999999999999995,False,True
P,lbfs_Re800,1708,0.020000000000000018,False,True
P,lbfs_Re800,1709,0.020000000000000018,False,True
P,lbfs_Re800,1710,0.04999999999999999,False,True
P,lbfs_Re800,1711,0.020000000000000018,False,True
P,lbfs_Re800,1712,0.04999999999999999,False,True
P,lbfs_Re800,1713,0.09000000000000002,False,True
P,lbfs_Re800,1714,0.02999999999999997,False,True
P,lbfs_Re800,1715,0.020000000000000018,False,True
P,lbfs_Re800,1716,0.040000000000000036,False,True
P,lbfs_Re800,1717,0.020000000000000018,False,True
P,lbfs_Re800,1718,0.06000000000000005,False,True
P,lbfs_Re800,1719,0.09000000000000008,False,True
P,lbfs_Re800,1720,0.010000000000000009,False,True
P,lbfs_Re800,1721,0.020000000000000018,False,True
P,lbfs_Re800,1722,0.04999999999999999,False,True
P,lbfs_Re800,1723,0.050000000000000044,False,True
P,lbfs_Re800,1724,0.010000000000000009,False,True
P,lbfs_Re800,1725,0.020000000000000018,False,True
P,lbfs_Re800,1726,0.010000000000000009,False,True
P,lbfs_Re800,1727,0.020000000000000018,False,True
P,lbfs_Re800,1728,0.030000000000000027,False,True
P,lbfs_Re800,1729,0.040000000000000036,False,True
P,lbfs_Re800,1730,0.030000000000000027,False,True
P,lbfs_Re800,1731,0.020000000000000018,False,True
P,lbfs_Re800,1732,0.010000000000000009,False,True
P,lbfs_Re800,1733,0.08999999999999997,False,True
P,lbfs_Re800,1734,0.010000000000000009,False,True
P,lbfs_Re800,1735,0.04999999999999999,False,True
P,lbfs_Re800,1736,0.03999999999999998,False,True
P,lbfs_Re800,1737,0.01999999999999999,False,True
P,lbfs_Re800,1738,0.03,False,True
P,lbfs_Re800,1739,0.010000000000000009,False,True
P,lbfs_Re800,1740,0.019999999999999962,False,True
P,lbfs_Re800,1741,0.03999999999999998,False,True
P,lbfs_Re800,1742,0.030000000000000027,False,True
P,lbfs_Re800,1743,0.010000000000000009,False,True
P,lbfs_Re800,1744,0.06,False,True
P,lbfs_Re800,1745,0.009999999999999995,False,True
P,lbfs_Re800,1746,0.0,True,True
P,lbfs_Re800,1747,0.010000000000000009,False,True
P,lbfs_Re800,1748,0.020000000000000018,False,True
P,lbfs_Re800,1749,0.06000000000000005,False,True
P,lbfs_Re800,1750,0.010000000000000009,False,True
P,lbfs_Re800,1751,0.020000000000000018,False,True
P,lbfs_Re800,1752,0.020000000000000018,False,True
P,lbfs_Re800,1753,0.08000000000000007,False,True
P,lbfs_Re800,1754,0.04999999999999999,False,True
P,lbfs_Re800,1755,0.050000000000000044,False,True
P,lbfs_Re800,1756,0.020000000000000018,False,True
P,lbfs_Re800,1757,0.050000000000000044,False,True
P,lbfs_Re800,1758,0.04999999999999999,False,True
P,lbfs_Re800,1759,0.010000000000000009,False,True
P,lbfs_Re800,1760,0.02999999999999997,False,True
P,lbfs_Re800,1761,0.07999999999999996,False,True
P,lbfs_Re800,1762,0.010000000000000009,False,True
P,lbfs_Re800,1763,0.040000000000000036,False,True
P,lbfs_Re800,1764,0.030000000000000027,False,True
P,lbfs_Re800,1765,0.010000000000000009,False,True
P,lbfs_Re800,1766,0.030000000000000027,False,True
P,lbfs_Re800,1767,0.030000000000000027,False,True
P,lbfs_Re800,1768,0.030000000000000027,False,True
P,lbfs_Re800,1769,0.040000000000000036,False,True
P,lbfs_Re800,1770,0.030000000000000027,False,True
P,lbfs_Re800,1771,0.020000000000000018,False,True
P,lbfs_Re800,1772,0.010000000000000009,False,True
P,lbfs_Re800,1773,0.020000000000000018,False,True
P,lbfs_Re800,1774,0.07,False,True
P,lbfs_Re800,1775,0.020000000000000018,False,True
P,lbfs_Re800,1776,0.010000000000000009,False,True
P,lbfs_Re800,1777,0.030000000000000027,False,True
P,lbfs_Re800,1778,0.01999999999999999,False,True
P,lbfs_Re800,1779,0.02999999999999997,False,True
P,lbfs_Re800,1780,0.03,False,True
P,lbfs_Re800,1781,0.03,False,True
P,lbfs_Re800,1782,0.020000000000000018,False,True
P,lbfs_Re800,1783,0.030000000000000027,False,True
P,lbfs_Re800,1784,0.010000000000000009,False,True
P,lbfs_Re800,1785,0.03,False,True
P,lbfs_Re800,1786,0.01999999999999999,False,True
P,lbfs_Re800,1787,0.010000000000000009,False,True
P,lbfs_Re800,1788,0.02999999999999997,False,True
P,lbfs_Re800,1789,0.010000000000000009,False,True
P,lbfs_Re800,1790,0.01999999999999999,False,True
P,lbfs_Re800,1791,0.020000000000000018,False,True
P,lbfs_Re800,1792,0.010000000000000009,False,True
P,lbfs_Re800,1793,0.050000000000000044,False,True
P,lbfs_Re800,1794,0.030000000000000027,False,True
P,lbfs_Re800,1795,0.030000000000000027,False,True
P,lbfs_Re800,1796,0.020000000000000018,False,True
P,lbfs_Re800,1797,0.030000000000000027,False,True
P,lbfs_Re800,1798,0.03999999999999998,False,True
P,lbfs_Re800,1799,0.03999999999999998,False,True
P,lbfs_Re800,1800,0.06,False,True
P,lbfs_Re800,1801,0.010000000000000009,False,True
P,lbfs_Re800,1802,0.010000000000000009,False,True
P,lbfs_Re800,1803,0.020000000000000018,False,True
P,lbfs_Re800,1804,0.030000000000000027,False,True
P,lbfs_Re800,1805,0.030000000000000027,False,True
P,lbfs_Re800,1806,0.010000000000000009,False,True
P,lbfs_Re800,1807,0.020000000000000018,False,True
P,lbfs_Re800,1808,0.010000000000000009,False,True
P,lbfs_Re800,1809,0.039999999999999925,False,True
P,lbfs_Re800,1810,0.010000000000000009,False,True
P,lbfs_Re800,1811,0.010000000000000009,False,True
P,lbfs_Re800,1812,0.050000000000000044,False,True
P,lbfs_Re800,1813,0.030000000000000027,False,True
P,lbfs_Re800,1814,0.04999999999999999,False,True
P,lbfs_Re800,1815,0.010000000000000009,False,True
P,lbfs_Re800,1816,0.020000000000000018,False,True
P,lbfs_Re800,1817,0.04999999999999999,False,True
P,lbfs_Re800,1818,0.04000000000000001,False,True
P,lbfs_Re800,1819,0.03,False,True
P,lbfs_Re800,1820,0.04999999999999999,False,True
P,lbfs_Re800,1821,0.02999999999999997,False,True
P,lbfs_Re800,1822,0.03,False,True
P,lbfs_Re800,1823,0.019999999999999962,False,True
P,lbfs_Re800,1824,0.040000000000000036,False,True
P,lbfs_Re800,1825,0.010000000000000009,False,True
P,lbfs_Re800,1826,0.030000000000000027,False,True
P,lbfs_Re800,1827,0.06,False,True
P,lbfs_Re800,1828,0.030000000000000027,False,True
P,lbfs_Re800,1829,0.010000000000000009,False,True
P,lbfs_Re800,1830,0.010000000000000009,False,True
P,lbfs_Re800,1831,0.010000000000000009,False,True
P,lbfs_Re800,1832,0.010000000000000009,False,True
P,lbfs_Re800,1833,0.040000000000000036,False,True
P,lbfs_Re800,1834,0.020000000000000018,False,True
P,lbfs_Re800,1835,0.030000000000000027,False,True
P,lbfs_Re800,1836,0.07000000000000006,False,True
P,lbfs_Re800,1837,0.010000000000000009,False,True
P,lbfs_Re800,1838,0.050000000000000044,False,True
P,lbfs_Re800,1839,0.020000000000000018,False,True
P,lbfs_Re800,1840,0.07,False,True
P,lbfs_Re800,1841,0.050000000000000044,False,True
P,lbfs_Re800,1842,0.039999999999999925,False,True
P,lbfs_Re800,1843,0.010000000000000009,False,True
P,lbfs_Re800,1844,0.020000000000000018,False,True
P,lbfs_Re800,1845,0.020000000000000018,False,True
P,lbfs_Re800,1846,0.06,False,True
P,lbfs_Re800,1847,0.040000000000000036,False,True
P,lbfs_Re800,1848,0.01999999999999999,False,True
P,lbfs_Re800,1849,0.02999999999999997,False,True
P,lbfs_Re800,1850,0.020000000000000018,False,True
P,lbfs_Re800,1851,0.010000000000000009,False,True
P,lbfs_Re800,1852,0.010000000000000009,False,True
P,lbfs_Re800,1853,0.010000000000000009,False,True
P,lbfs_Re800,1854,0.02999999999999997,False,True
P,lbfs_Re800,1855,0.01999999999999999,False,True
P,lbfs_Re800,1856,0.03,False,True
P,lbfs_Re800,1857,0.010000000000000009,False,True
P,lbfs_Re800,1858,0.03,False,True
P,lbfs_Re800,1859,0.020000000000000018,False,True
P,lbfs_Re800,1860,0.07,False,True
P,lbfs_Re800,1861,0.010000000000000009,False,True
P,lbfs_Re800,1862,0.010000000000000009,False,True
P,lbfs_Re800,1863,0.030000000000000027,False,True
P,lbfs_Re800,1864,0.07,False,True
P,lbfs_Re800,1865,0.07,False,True
P,lbfs_Re800,1866,0.030000000000000027,False,True
P,lbfs_Re800,1867,0.010000000000000009,False,True
P,lbfs_Re800,1868,0.010000000000000009,False,True
P,lbfs_Re800,1869,0.030000000000000027,False,True
P,lbfs_Re800,1870,0.010000000000000009,False,True
P,lbfs_Re800,1871,0.040000000000000036,False,True
P,lbfs_Re800,1872,0.030000000000000027,False,True
P,lbfs_Re800,1873,0.020000000000000018,False,True
P,lbfs_Re800,1874,0.030000000000000027,False,True
P,lbfs_Re800,1875,0.020000000000000018,False,True
P,lbfs_Re800,1876,0.050000000000000044,False,True
P,lbfs_Re800,1877,0.030000000000000027,False,True
P,lbfs_Re800,1878,0.050000000000000044,False,True
P,lbfs_Re800,1879,0.010000000000000009,False,True
P,lbfs_Re800,1880,0.010000000000000009,False,True
P,lbfs_Re800,1881,0.030000000000000027,False,True
P,lbfs_Re800,1882,0.040000000000000036,False,True
P,lbfs_Re800,1883,0.030000000000000027,False,True
P,lbfs_Re800,1884,0.030000000000000027,False,True
P,lbfs_Re800,1885,0.010000000000000009,False,True
P,lbfs_Re800,1886,0.09999999999999998,False,True
P,lbfs_Re800,1887,0.020000000000000018,False,True
P,lbfs_Re800,1888,0.11999999999999994,False,True
P,lbfs_Re800,1889,0.04999999999999999,False,True
P,lbfs_Re800,1890,0.03999999999999998,False,True
P,lbfs_Re800,1891,0.040000000000000036,False,True
P,lbfs_Re800,1892,0.03999999999999998,False,True
P,lbfs_Re800,1893,0.020000000000000018,False,True
P,lbfs_Re800,1894,0.010000000000000009,False,True
P,lbfs_Re800,1895,0.02999999999999997,False,True
P,lbfs_Re800,1896,0.04999999999999999,False,True
P,lbfs_Re800,1897,0.04999999999999999,False,True
P,lbfs_Re800,1898,0.09000000000000002,False,True
P,lbfs_Re800,1899,0.010000000000000009,False,True
P,lbfs_Re800,1900,0.02999999999999997,False,True
P,lbfs_Re800,1901,0.030000000000000027,False,True
P,lbfs_Re800,1902,0.07,False,True
P,lbfs_Re800,1903,0.02999999999999997,False,True
P,lbfs_Re800,1904,0.02999999999999997,False,True
P,lbfs_Re800,1905,0.09000000000000002,False,True
P,lbfs_Re800,1906,0.02999999999999997,False,True
P,lbfs_Re800,1907,0.07,False,True
P,lbfs_Re800,1908,0.050000000000000044,False,True
P,lbfs_Re800,1909,0.050000000000000044,False,True
P,lbfs_Re800,1910,0.020000000000000018,False,True
P,lbfs_Re800,1911,0.03999999999999998,False,True
P,lbfs_Re800,1912,0.11000000000000004,False,True
P,lbfs_Re800,1913,0.010000000000000009,False,True
P,lbfs_Re800,1914,0.020000000000000018,False,True
P,lbfs_Re800,1915,0.050000000000000044,False,True
P,lbfs_Re800,1916,0.020000000000000018,False,True
P,lbfs_Re800,1917,0.040000000000000036,False,True
P,lbfs_Re800,1918,0.040000000000000036,False,True
P,lbfs_Re800,1919,0.08000000000000002,False,True
P,lbfs_Re800,1920,0.030000000000000027,False,True
P,lbfs_Re800,1921,0.050000000000000044,False,True
P,lbfs_Re800,1922,0.020000000000000018,False,True
P,lbfs_Re800,1923,0.010000000000000009,False,True
P,lbfs_Re800,1924,0.010000000000000009,False,True
P,lbfs_Re800,1925,0.06000000000000005,False,True
P,lbfs_Re800,1926,0.020000000000000018,False,True
P,lbfs_Re800,1927,0.020000000000000018,False,True
P,lbfs_Re800,1928,0.020000000000000018,False,True
P,lbfs_Re800,1929,0.029999999999999916,False,True
P,lbfs_Re800,1930,0.02999999999999997,False,True
P,lbfs_Re800,1931,0.010000000000000009,False,True
P,lbfs_Re800,1932,0.04999999999999999,False,True
P,lbfs_Re800,1933,0.020000000000000018,False,True
P,lbfs_Re800,1934,0.09000000000000002,False,True
P,lbfs_Re800,1935,0.030000000000000027,False,True
P,lbfs_Re800,1936,0.02999999999999997,False,True
P,lbfs_Re800,1937,0.03,False,True
P,lbfs_Re800,1938,0.03999999999999998,False,True
P,lbfs_Re800,1939,0.03,False,True
P,lbfs_Re800,1940,0.04999999999999999,False,True
P,lbfs_Re800,1941,0.010000000000000009,False,True
P,lbfs_Re800,1942,0.03999999999999998,False,True
P,lbfs_Re800,1943,0.03,False,True
P,lbfs_Re800,1944,0.040000000000000036,False,True
P,lbfs_Re800,1945,0.04999999999999999,False,True
P,lbfs_Re800,1946,0.010000000000000009,False,True
P,lbfs_Re800,1947,0.04000000000000001,False,True
P,lbfs_Re800,1948,0.04000000000000001,False,True
P,lbfs_Re800,1949,0.020000000000000018,False,True
P,lbfs_Re800,1950,0.06,False,True
P,lbfs_Re800,1951,0.020000000000000018,False,True
P,lbfs_Re800,1952,0.03999999999999998,False,True
P,lbfs_Re800,1953,0.020000000000000018,False,True
P,lbfs_Re800,1954,0.020000000000000018,False,True
P,lbfs_Re800,1955,0.04999999999999999,False,True
P,lbfs_Re800,1956,0.040000000000000036,False,True
P,lbfs_Re800,1957,0.010000000000000009,False,True
P,lbfs_Re800,1958,0.04999999999999993,False,True
P,lbfs_Re800,1959,0.08000000000000002,False,True
P,lbfs_Re800,1960,0.020000000000000018,False,True
P,lbfs_Re800,1961,0.03999999999999998,False,True
P,lbfs_Re800,1962,0.010000000000000009,False,True
P,lbfs_Re800,1963,0.040000000000000036,False,True
P,lbfs_Re800,1964,0.020000000000000018,False,True
P,lbfs_Re800,1965,0.030000000000000027,False,True
P,lbfs_Re800,1966,0.020000000000000018,False,True
P,lbfs_Re800,1967,0.050000000000000044,False,True
P,lbfs_Re800,1968,0.03999999999999998,False,True
P,lbfs_Re800,1969,0.010000000000000009,False,True
P,lbfs_Re800,1970,0.03999999999999998,False,True
P,lbfs_Re800,1971,0.04999999999999999,False,True
P,lbfs_Re800,1972,0.06,False,True
P,lbfs_Re800,1973,0.019999999999999962,False,True
P,lbfs_Re800,1974,0.02999999999999997,False,True
P,lbfs_Re800,1975,0.07,False,True
P,lbfs_Re800,1976,0.06,False,True
P,lbfs_Re800,1977,0.01999999999999999,False,True
P,lbfs_Re800,1978,0.040000000000000036,False,True
P,lbfs_Re800,1979,0.030000000000000027,False,True
P,lbfs_Re800,1980,0.04999999999999999,False,True
P,lbfs_Re800,1981,0.030000000000000027,False,True
P,lbfs_Re800,1982,0.040000000000000036,False,True
P,lbfs_Re800,1983,0.07,False,True
P,lbfs_Re800,1984,0.07000000000000006,False,True
P,lbfs_Re800,1985,0.030000000000000027,False,True
P,lbfs_Re800,1986,0.030000000000000027,False,True
P,lbfs_Re800,1987,0.010000000000000009,False,True
P,lbfs_Re800,1988,0.020000000000000018,False,True
P,lbfs_Re800,1989,0.06,False,True
P,lbfs_Re800,1990,0.02999999999999997,False,True
P,lbfs_Re800,1991,0.040000000000000036,False,True
P,lbfs_Re800,1992,0.0,True,True
P,lbfs_Re800,1993,0.020000000000000018,False,True
P,lbfs_Re800,1994,0.04999999999999999,False,True
P,lbfs_Re800,1995,0.040000000000000036,False,True
P,lbfs_Re800,1996,0.0,True,True
P,lbfs_Re800,1997,0.030000000000000027,False,True
P,lbfs_Re800,1998,0.06000000000000005,False,True
P,lbfs_Re800,1999,0.010000000000000009,False,True
P,pitzDaily,0,0.009999999999999995,False,True
P,pitzDaily,0,0.010000000000000009,False,True
P,pitzDaily,0,0.010000000000000009,False,True
P,pitzDaily,1,0.010000000000000009,False,True
P,pitzDaily,1,0.030000000000000027,False,True
P,pitzDaily,1,0.020000000000000018,False,True
P,pitzDaily,2,0.020000000000000018,False,False
P,pitzDaily,2,0.010000000000000009,False,True
P,pitzDaily,2,0.010000000000000009,False,False
P,pitzDaily,3,0.010000000000000009,False,True
P,pitzDaily,4,0.010000000000000009,False,True
P,pitzDaily,5,0.009999999999999995,False,True
P,pitzDaily,6,0.039999999999999925,False,True
P,pitzDaily,7,0.010000000000000009,False,True
P,pitzDaily,8,0.010000000000000009,False,True
P,pitzDaily,9,0.040000000000000036,False,True
P,pitzDaily,10,0.010000000000000009,False,True
P,pitzDaily,11,0.019999999999999907,False,True
P,pitzDaily,12,0.040000000000000036,False,True
P,pitzDaily,13,0.0,True,True
P,pitzDaily,14,0.01999999999999999,False,True
P,pitzDaily,15,0.010000000000000009,False,True
P,pitzDaily,16,0.01999999999999999,False,True
P,pitzDaily,17,0.030000000000000027,False,True
P,pitzDaily,19,0.010000000000000009,False,True
P,pitzDaily,20,0.09999999999999998,False,True
P,pitzDaily,21,0.030000000000000027,False,True
P,pitzDaily,22,0.040000000000000036,False,True
P,pitzDaily,23,0.06000000000000005,False,True
P,pitzDaily,24,0.04000000000000001,False,True
P,pitzDaily,25,0.030000000000000027,False,True
P,pitzDaily,26,0.010000000000000009,False,True
P,pitzDaily,27,0.010000000000000009,False,True
P,pitzDaily,28,0.01999999999999999,False,True
P,pitzDaily_U20,0,0.009999999999999995,False,True
P,pitzDaily_U20,0,0.020000000000000018,False,True
P,pitzDaily_U20,0,0.020000000000000018,False,True
P,pitzDaily_U20,1,0.020000000000000018,False,True
P,pitzDaily_U20,1,0.020000000000000018,False,True
P,pitzDaily_U20,1,0.0,True,True
P,pitzDaily_U20,2,0.020000000000000018,False,True
P,pitzDaily_U20,2,0.030000000000000027,False,True
P,pitzDaily_U20,2,0.030000000000000027,False,True
P,pitzDaily_U20,3,0.020000000000000018,False,True
P,pitzDaily_U20,3,0.039999999999999925,False,True
P,pitzDaily_U20,3,0.019999999999999907,False,True
P,pitzDaily_U20,4,0.010000000000000009,False,True
P,pitzDaily_U20,4,0.030000000000000027,False,True
P,pitzDaily_U20,4,0.020000000000000018,False,True
P,pitzDaily_U20,5,0.020000000000000018,False,True
P,pitzDaily_U20,5,0.010000000000000009,False,True
P,pitzDaily_U20,5,0.010000000000000009,False,True
P,pitzDaily_U20,6,0.020000000000000018,False,True
P,pitzDaily_U20,6,0.020000000000000018,False,True
P,pitzDaily_U20,6,0.030000000000000027,False,True
P,pitzDaily_U20,7,0.020000000000000018,False,True
P,pitzDaily_U20,7,0.010000000000000009,False,True
P,pitzDaily_U20,7,0.020000000000000018,False,True
P,pitzDaily_U20,8,0.020000000000000018,False,True
P,pitzDaily_U20,8,0.020000000000000018,False,True
P,pitzDaily_U20,8,0.010000000000000009,False,True
P,pitzDaily_U20,9,0.020000000000000018,False,True
P,pitzDaily_U20,9,0.040000000000000036,False,True
P,pitzDaily_U20,9,0.020000000000000018,False,True
P,pitzDaily_U20,10,0.030000000000000027,False,True
P,pitzDaily_U20,10,0.020000000000000018,False,True
P,pitzDaily_U20,10,0.050000000000000044,False,True
P,pitzDaily_U20,11,0.030000000000000027,False,True
P,pitzDaily_U20,11,0.020000000000000018,False,True
P,pitzDaily_U20,11,0.030000000000000027,False,True
P,pitzDaily_U20,12,0.010000000000000009,False,True
P,pitzDaily_U20,12,0.020000000000000018,False,True
P,pitzDaily_U20,12,0.010000000000000009,False,True
P,pitzDaily_U20,13,0.02999999999999997,False,True
P,pitzDaily_U20,13,0.010000000000000009,False,True
P,pitzDaily_U20,13,0.03999999999999998,False,True
P,pitzDaily_U20,14,0.010000000000000009,False,True
P,pitzDaily_U20,14,0.010000000000000009,False,True
P,pitzDaily_U20,14,0.01999999999999999,False,True
P,pitzDaily_U20,15,0.020000000000000004,False,True
P,pitzDaily_U20,15,0.020000000000000004,False,True
P,pitzDaily_U20,15,0.009999999999999995,False,True
P,pitzDaily_U20,16,0.010000000000000009,False,True
P,pitzDaily_U20,16,0.0,True,True
P,pitzDaily_U20,16,0.010000000000000009,False,True
P,pitzDaily_U20,17,0.010000000000000009,False,True
P,pitzDaily_U20,17,0.010000000000000009,False,True
P,pitzDaily_U20,17,0.020000000000000018,False,True
P,pitzDaily_U20,18,0.0,True,True
P,pitzDaily_U20,18,0.010000000000000009,False,True
P,pitzDaily_U20,18,0.010000000000000009,False,True
P,pitzDaily_U20,19,0.010000000000000009,False,True
P,pitzDaily_U20,19,0.020000000000000018,False,True
P,pitzDaily_U20,19,0.010000000000000009,False,True
P,pitzDaily_U20,20,0.040000000000000036,False,True
P,pitzDaily_U20,20,0.050000000000000044,False,True
P,pitzDaily_U20,20,0.020000000000000018,False,True
P,pitzDaily_U20,21,0.019999999999999962,False,True
P,pitzDaily_U20,21,0.010000000000000009,False,True
P,pitzDaily_U20,21,0.019999999999999962,False,True
P,pitzDaily_U20,22,0.010000000000000009,False,True
P,pitzDaily_U20,22,0.030000000000000027,False,True
P,pitzDaily_U20,22,0.030000000000000027,False,True
P,pitzDaily_U20,23,0.02999999999999997,False,True
P,pitzDaily_U20,23,0.010000000000000009,False,True
P,pitzDaily_U20,23,0.03999999999999998,False,True
P,pitzDaily_U20,24,0.03999999999999998,False,True
P,pitzDaily_U20,24,0.03999999999999998,False,True
P,pitzDaily_U20,24,0.010000000000000009,False,True
P,pitzDaily_U20,25,0.01999999999999999,False,True
P,pitzDaily_U20,25,0.010000000000000009,False,True
P,pitzDaily_U20,25,0.020000000000000004,False,True
P,pitzDaily_U20,26,0.03,False,True
P,pitzDaily_U20,26,0.020000000000000004,False,True
P,pitzDaily_U20,26,0.03999999999999998,False,True
P,pitzDaily_U20,27,0.009999999999999995,False,True
P,pitzDaily_U20,27,0.010000000000000009,False,True
P,pitzDaily_U20,27,0.010000000000000009,False,True
P,pitzDaily_U20,28,0.010000000000000009,False,True
P,pitzDaily_U20,28,0.010000000000000009,False,True
P,pitzDaily_U20,28,0.020000000000000004,False,True
P,pitzDaily_U20,29,0.01999999999999999,False,True
P,pitzDaily_U20,29,0.020000000000000018,False,True
P,pitzDaily_U20,29,0.020000000000000018,False,True
P,pm_bfs_U25,0,0.05000000000000002,False,True
P,pm_bfs_U25,0,0.020000000000000018,False,True
P,pm_bfs_U25,0,0.030000000000000027,False,True
P,pm_bfs_U25,1,0.020000000000000018,False,True
P,pm_bfs_U25,1,0.010000000000000009,False,True
P,pm_bfs_U25,1,0.020000000000000018,False,True
P,pm_bfs_U25,2,0.029999999999999916,False,True
P,pm_bfs_U25,2,0.06999999999999995,False,True
P,pm_bfs_U25,2,0.040000000000000036,False,True
P,pm_bfs_U25,3,0.010000000000000009,False,True
P,pm_bfs_U25,3,0.020000000000000018,False,True
P,pm_bfs_U25,3,0.030000000000000027,False,True
P,pm_bfs_U25,4,0.040000000000000036,False,True
P,pm_bfs_U25,4,0.040000000000000036,False,True
P,pm_bfs_U25,4,0.010000000000000009,False,True
P,pm_bfs_U25,5,0.010000000000000009,False,True
P,pm_bfs_U25,5,0.0,True,True
P,pm_bfs_U25,5,0.010000000000000009,False,True
P,pm_bfs_U25,6,0.020000000000000018,False,True
P,pm_bfs_U25,6,0.009999999999999995,False,True
P,pm_bfs_U25,6,0.020000000000000018,False,True
P,pm_bfs_U25,7,0.020000000000000018,False,True
P,pm_bfs_U25,7,0.020000000000000018,False,True
P,pm_bfs_U25,7,0.010000000000000009,False,True
P,pm_bfs_U25,8,0.06,False,True
P,pm_bfs_U25,8,0.020000000000000018,False,True
P,pm_bfs_U25,8,0.03999999999999998,False,True
P,pm_bfs_U25,9,0.040000000000000036,False,True
P,pm_bfs_U25,9,0.020000000000000018,False,True
P,pm_bfs_U25,9,0.020000000000000018,False,True
P,pm_bfs_U25,10,0.010000000000000009,False,True
P,pm_bfs_U25,10,0.020000000000000018,False,True
P,pm_bfs_U25,10,0.030000000000000027,False,True
P,pm_bfs_U25,11,0.020000000000000004,False,True
P,pm_bfs_U25,11,0.040000000000000036,False,True
P,pm_bfs_U25,11,0.030000000000000027,False,True
P,pm_bfs_U25,12,0.010000000000000009,False,True
P,pm_bfs_U25,12,0.010000000000000009,False,True
P,pm_bfs_U25,12,0.010000000000000009,False,True
P,pm_bfs_U25,13,0.06,False,True
P,pm_bfs_U25,13,0.04000000000000001,False,True
P,pm_bfs_U25,13,0.07999999999999996,False,True
P,pm_bfs_U25,14,0.010000000000000009,False,True
P,pm_bfs_U25,14,0.010000000000000009,False,True
P,pm_bfs_U25,14,0.0,True,True
P,pm_bfs_U25,15,0.03999999999999998,False,True
P,pm_bfs_U25,15,0.03999999999999998,False,True
P,pm_bfs_U25,15,0.020000000000000018,False,True
P,pm_bfs_U25,16,0.020000000000000018,False,True
P,pm_bfs_U25,16,0.009999999999999995,False,True
P,pm_bfs_U25,16,0.020000000000000018,False,True
P,pm_bfs_U25,17,0.0,True,True
P,pm_bfs_U25,17,0.06,False,True
P,pm_bfs_U25,17,0.06,False,True
P,pm_bfs_U25,18,0.050000000000000044,False,True
P,pm_bfs_U25,18,0.010000000000000009,False,True
P,pm_bfs_U25,18,0.06000000000000005,False,True
P,pm_bfs_U25,19,0.030000000000000027,False,False
P,pm_bfs_U25,19,0.010000000000000009,False,True
P,pm_bfs_U25,19,0.020000000000000018,False,False
P,pm_bfs_U25,20,0.020000000000000018,False,True
P,pm_bfs_U25,21,0.03,False,True
P,pm_bfs_U25,22,0.020000000000000018,False,True
P,pm_bfs_U25,23,0.020000000000000018,False,True
P,pm_bfs_U25,24,0.09999999999999998,False,True
P,pm_bfs_U25,25,0.04999999999999999,False,True
P,pm_bfs_U25,26,0.019999999999999962,False,True
P,pm_bfs_U25,27,0.02999999999999997,False,True
P,pm_bfs_U25,28,0.020000000000000018,False,True
P,pm_bfs_U25,29,0.04999999999999999,False,True
P,pm_bfs_U25,30,0.030000000000000027,False,True
P,pm_bfs_U25,31,0.030000000000000027,False,True
P,pm_bfs_U25,32,0.010000000000000009,False,True
P,pm_bfs_U25,33,0.010000000000000009,False,True
P,pm_bfs_U25,34,0.009999999999999995,False,True
P,pm_bfs_U25,35,0.010000000000000009,False,True
P,pm_bfs_U25,36,0.040000000000000036,False,True
P,pm_bfs_U25,37,0.03999999999999998,False,True
P,pm_bfs_U25,38,0.019999999999999907,False,True
P,pm_bfs_U25,39,0.030000000000000027,False,True
P,pm_bfs_U25,40,0.020000000000000018,False,True
P,pm_bfs_U25,41,0.07,False,True
P,pm_bfs_U25,42,0.030000000000000027,False,True
P,pm_bfs_U25,43,0.030000000000000027,False,True
P,pm_bfs_U25,44,0.03,False,True
P,pm_bfs_U25,45,0.009999999999999995,False,True
P,pm_bfs_U25,46,0.009999999999999981,False,True
P,pm_bfs_U25,47,0.020000000000000018,False,True
P,pm_bfs_U25,48,0.010000000000000009,False,True
P,pm_bfs_U25,49,0.010000000000000009,False,True
P,pm_bfs_U25,50,0.0,True,True
P,pm_bfs_U25,51,0.010000000000000009,False,True
P,pm_bfs_U25,52,0.010000000000000009,False,True
P,pm_bfs_U25,53,0.029999999999999916,False,True
P,pm_bfs_U25,54,0.03,False,True
P,pm_bfs_U25,55,0.009999999999999995,False,True
P,pm_bfs_U25,56,0.010000000000000009,False,True
P,pm_bfs_U25,57,0.030000000000000027,False,True
P,pm_bfs_U25,58,0.03999999999999998,False,True
P,pm_bfs_U25,59,0.010000000000000009,False,True
P,pm_bfs_U25,60,0.020000000000000018,False,True
P,pm_bfs_U25,61,0.020000000000000018,False,True
P,pm_bfs_U25,62,0.010000000000000009,False,True
P,pm_bfs_U25,63,0.030000000000000027,False,True
P,pm_bfs_U25,64,0.07,False,True
P,pm_bfs_U25,65,0.020000000000000018,False,True
P,pm_bfs_U25,66,0.04999999999999999,False,True
P,pm_bfs_U25,67,0.03999999999999998,False,True
P,pm_bfs_U25,68,0.030000000000000027,False,True
P,pm_bfs_U25,69,0.019999999999999962,False,True
P,pm_bfs_U25,70,0.010000000000000009,False,True
P,pm_bfs_U25,71,0.010000000000000009,False,True
P,pm_bfs_U25,72,0.03999999999999998,False,True
P,pm_bfs_U25,73,0.030000000000000027,False,True
P,pm_bfs_U25,74,0.020000000000000018,False,True
P,pm_bfs_U25,75,0.06999999999999995,False,True
P,pm_bfs_U25,76,0.06,False,True
P,pm_bfs_U25,77,0.020000000000000018,False,True
P,pm_bfs_U25,78,0.010000000000000009,False,True
P,pm_bfs_U25,79,0.01999999999999999,False,True
P,pm_bfs_U25,80,0.03999999999999998,False,True
P,pm_bfs_U25,81,0.030000000000000027,False,True
P,pm_bfs_U25,82,0.030000000000000027,False,True
P,pm_bfs_U25,83,0.019999999999999962,False,True
P,pm_bfs_U25,84,0.010000000000000009,False,True
P,pm_bfs_U25,85,0.04999999999999999,False,True
P,pm_bfs_U25,86,0.03999999999999998,False,True
P,pm_bfs_U25,87,0.06999999999999995,False,True
P,pm_bfs_U25,88,0.02999999999999997,False,True
P,pm_bfs_U25,89,0.030000000000000027,False,True
P,pm_bfs_U25,90,0.06,False,True
P,pm_bfs_U25,91,0.01999999999999999,False,True
P,pm_bfs_U25,92,0.020000000000000018,False,True
P,pm_bfs_U25,93,0.06,False,True
P,pm_bfs_U25,94,0.010000000000000009,False,True
P,pm_bfs_U25,95,0.02999999999999997,False,True
P,pm_bfs_U25,96,0.020000000000000018,False,True
P,pm_bfs_U25,97,0.08000000000000002,False,True
P,pm_bfs_U25,98,0.02999999999999997,False,True
P,pm_bfs_U25,99,0.030000000000000027,False,True
P,pm_bfs_U25,100,0.020000000000000018,False,True
P,pm_bfs_U25,101,0.010000000000000009,False,True
P,pm_bfs_U25,102,0.09999999999999998,False,True
P,pm_bfs_U25,103,0.030000000000000027,False,True
P,pm_bfs_U25,104,0.02999999999999997,False,True
P,pm_bfs_U25,105,0.010000000000000009,False,True
P,pm_bfs_U25,106,0.02999999999999997,False,True
P,pm_bfs_U25,107,0.03999999999999998,False,True
P,pm_bfs_U25,108,0.020000000000000018,False,True
P,pm_bfs_U25,109,0.019999999999999962,False,True
P,pm_bfs_U25,110,0.02999999999999997,False,True
P,pm_bfs_U25,111,0.010000000000000009,False,True
P,pm_bfs_U25,112,0.04000000000000001,False,True
P,pm_bfs_U25,113,0.05999999999999994,False,True
P,pm_bfs_U25,114,0.02999999999999997,False,True
P,pm_bfs_U25,115,0.010000000000000009,False,True
P,pm_bfs_U25,116,0.019999999999999962,False,True
P,pm_bfs_U25,117,0.02999999999999997,False,True
P,pm_bfs_U25,118,0.03999999999999998,False,True
P,pm_bfs_U25,119,0.02999999999999997,False,True
P,pm_bfs_U25,120,0.030000000000000027,False,True
P,pm_bfs_U25,121,0.04999999999999999,False,True
P,pm_bfs_U25,122,0.040000000000000036,False,True
P,pm_bfs_U25,123,0.03999999999999998,False,True
P,pm_bfs_U25,124,0.020000000000000018,False,True
P,pm_bfs_U25,125,0.030000000000000027,False,True
P,pm_bfs_U25,126,0.010000000000000009,False,True
P,pm_bfs_U25,127,0.040000000000000036,False,True
P,pm_bfs_U25,128,0.04000000000000001,False,True
P,pm_bfs_U25,129,0.03999999999999998,False,True
P,pm_bfs_U25,130,0.010000000000000009,False,True
P,pm_bfs_U25,131,0.020000000000000018,False,True
P,pm_bfs_U25,132,0.020000000000000004,False,True
P,pm_bfs_U25,133,0.010000000000000009,False,True
P,pm_bfs_U25,134,0.03,False,True
P,pm_bfs_U25,135,0.020000000000000018,False,True
P,pm_bfs_U25,136,0.03,False,True
P,pm_bfs_U25,137,0.06,False,True
P,pm_bfs_U25,138,0.010000000000000009,False,True
P,pm_bfs_U25,139,0.020000000000000018,False,True
P,pm_bfs_U25,140,0.08000000000000002,False,True
P,pm_bfs_U25,141,0.019999999999999962,False,True
P,pm_bfs_U25,142,0.020000000000000018,False,True
P,pm_bfs_U25,143,0.06,False,True
P,pm_bfs_U25,144,0.07,False,True
P,pm_bfs_U25,145,0.01999999999999999,False,True
P,pm_bfs_U25,146,0.029999999999999916,False,True
P,pm_bfs_U25,147,0.04999999999999999,False,True
P,pm_bfs_U25,148,0.020000000000000018,False,True
P,pm_bfs_U25,149,0.02999999999999997,False,True
P,pm_bfs_U25,150,0.010000000000000009,False,True
P,pm_bfs_U25,151,0.019999999999999962,False,True
P,pm_bfs_U25,152,0.020000000000000018,False,True
P,pm_bfs_U25,153,0.020000000000000018,False,True
P,pm_bfs_U25,154,0.07,False,True
P,pm_bfs_U25,155,0.009999999999999981,False,True
P,pm_bfs_U25,156,0.010000000000000009,False,True
P,pm_bfs_U25,157,0.03999999999999998,False,True
P,pm_bfs_U25,158,0.07,False,True
P,pm_bfs_U25,159,0.04999999999999999,False,True
P,pm_bfs_U25,160,0.020000000000000018,False,True
P,pm_bfs_U25,161,0.03999999999999998,False,True
P,pm_bfs_U25,162,0.030000000000000027,False,True
P,pm_bfs_U25,163,0.07999999999999996,False,False
P,pm_bfs_U35,0,0.010000000000000002,False,True
P,pm_bfs_U35,0,0.010000000000000009,False,True
P,pm_bfs_U35,0,0.010000000000000009,False,True
P,pm_bfs_U35,1,0.04999999999999999,False,True
P,pm_bfs_U35,1,0.020000000000000018,False,True
P,pm_bfs_U35,1,0.02999999999999997,False,True
P,pm_bfs_U35,2,0.030000000000000013,False,True
P,pm_bfs_U35,2,0.020000000000000018,False,True
P,pm_bfs_U35,2,0.020000000000000018,False,True
P,pm_bfs_U35,3,0.040000000000000036,False,True
P,pm_bfs_U35,3,0.030000000000000027,False,True
P,pm_bfs_U35,3,0.07000000000000006,False,True
P,pm_bfs_U35,4,0.010000000000000009,False,True
P,pm_bfs_U35,4,0.020000000000000018,False,True
P,pm_bfs_U35,4,0.010000000000000009,False,True
P,pm_bfs_U35,5,0.010000000000000009,False,True
P,pm_bfs_U35,5,0.010000000000000009,False,True
P,pm_bfs_U35,5,0.020000000000000018,False,True
P,pm_bfs_U35,6,0.010000000000000009,False,True
P,pm_bfs_U35,6,0.020000000000000004,False,True
P,pm_bfs_U35,6,0.020000000000000018,False,True
P,pm_bfs_U35,7,0.04999999999999993,False,True
P,pm_bfs_U35,7,0.02999999999999997,False,True
P,pm_bfs_U35,7,0.029999999999999916,False,True
P,pm_bfs_U35,8,0.01999999999999999,False,True
P,pm_bfs_U35,8,0.030000000000000027,False,True
P,pm_bfs_U35,8,0.05000000000000002,False,True
P,pm_bfs_U35,9,0.010000000000000009,False,True
P,pm_bfs_U35,9,0.020000000000000018,False,True
P,pm_bfs_U35,9,0.020000000000000004,False,True
P,pm_bfs_U35,10,0.009999999999999995,False,True
P,pm_bfs_U35,10,0.040000000000000036,False,True
P,pm_bfs_U35,10,0.040000000000000036,False,True
P,pm_bfs_U35,11,0.019999999999999962,False,True
P,pm_bfs_U35,11,0.019999999999999962,False,True
P,pm_bfs_U35,11,0.010000000000000009,False,True
P,pm_bfs_U35,12,0.020000000000000018,False,True
P,pm_bfs_U35,12,0.020000000000000018,False,True
P,pm_bfs_U35,12,0.029999999999999916,False,True
P,pm_bfs_U35,13,0.010000000000000009,False,True
P,pm_bfs_U35,13,0.039999999999999925,False,True
P,pm_bfs_U35,13,0.029999999999999916,False,True
P,pm_bfs_U35,14,0.07999999999999996,False,False
P,pm_bfs_U35,14,0.030000000000000027,False,True
P,pm_bfs_U35,14,0.04999999999999993,False,False
P,pm_bfs_U35,15,0.040000000000000036,False,True
P,pm_bfs_U35,16,0.040000000000000036,False,True
P,pm_bfs_U35,17,0.040000000000000036,False,True
P,pm_bfs_U35,18,0.04999999999999999,False,True
P,pm_bfs_U35,19,0.04000000000000001,False,True
P,pm_bfs_U35,20,0.030000000000000027,False,True
P,pm_bfs_U35,21,0.040000000000000036,False,True
P,pm_bfs_U35,22,0.040000000000000036,False,True
P,pm_bfs_U35,23,0.020000000000000018,False,True
P,pm_bfs_U35,24,0.03,False,True
P,pm_bfs_U35,25,0.019999999999999907,False,True
P,pm_bfs_U35,26,0.07,False,True
P,pm_bfs_U35,27,0.020000000000000018,False,True
P,pm_bfs_U35,28,0.039999999999999925,False,True
P,pm_bfs_U35,29,0.010000000000000009,False,True
P,pm_bfs_U35,30,0.0,True,True
P,pm_bfs_U35,31,0.01999999999999999,False,True
P,pm_bfs_U35,32,0.010000000000000009,False,True
P,pm_bfs_U35,33,0.010000000000000009,False,True
P,pm_bfs_U35,34,0.05999999999999994,False,True
P,pm_bfs_U35,35,0.020000000000000018,False,True
P,pm_bfs_U35,36,0.050000000000000044,False,True
P,pm_bfs_U35,37,0.010000000000000009,False,True
P,pm_bfs_U35,38,0.010000000000000009,False,True
P,pm_bfs_U35,39,0.010000000000000009,False,True
P,pm_bfs_U35,40,0.0,True,True
P,pm_bfs_U35,41,0.010000000000000009,False,True
P,pm_bfs_U35,42,0.010000000000000009,False,True
P,pm_bfs_U35,43,0.009999999999999995,False,True
P,pm_bfs_U35,44,0.010000000000000009,False,True
P,pm_bfs_U35,45,0.010000000000000009,False,True
P,pm_bfs_U35,46,0.009999999999999995,False,True
P,pm_bfs_U35,47,0.03999999999999998,False,True
P,pm_bfs_U35,48,0.020000000000000018,False,True
P,pm_bfs_U44,0,0.010000000000000009,False,True
P,pm_bfs_U44,0,0.01999999999999999,False,True
P,pm_bfs_U44,0,0.010000000000000009,False,True
P,pm_bfs_U44,1,0.020000000000000018,False,True
P,pm_bfs_U44,1,0.010000000000000009,False,True
P,pm_bfs_U44,1,0.010000000000000009,False,True
P,pm_bfs_U44,2,0.009999999999999995,False,True
P,pm_bfs_U44,2,0.010000000000000009,False,True
P,pm_bfs_U44,2,0.010000000000000009,False,True
P,pm_bfs_U44,3,0.010000000000000009,False,True
P,pm_bfs_U44,3,0.010000000000000009,False,True
P,pm_bfs_U44,3,0.010000000000000009,False,True
P,pm_bfs_U44,4,0.030000000000000027,False,True
P,pm_bfs_U44,4,0.0,True,True
P,pm_bfs_U44,4,0.030000000000000027,False,True
P,pm_bfs_U44,5,0.010000000000000009,False,True
P,pm_bfs_U44,5,0.020000000000000018,False,True
P,pm_bfs_U44,5,0.010000000000000009,False,True
P,pm_bfs_U44,6,0.04999999999999999,False,True
P,pm_bfs_U44,6,0.020000000000000018,False,True
P,pm_bfs_U44,6,0.02999999999999997,False,True
P,pm_bfs_U44,7,0.009999999999999981,False,True
P,pm_bfs_U44,7,0.010000000000000009,False,True
P,pm_bfs_U44,7,0.010000000000000009,False,True
P,pm_bfs_U44,8,0.03999999999999998,False,True
P,pm_bfs_U44,8,0.010000000000000009,False,True
P,pm_bfs_U44,8,0.03999999999999998,False,True
P,pm_bfs_U44,9,0.020000000000000018,False,True
P,pm_bfs_U44,9,0.020000000000000018,False,True
P,pm_bfs_U44,9,0.040000000000000036,False,True
P,pm_bfs_U44,10,0.010000000000000009,False,True
P,pm_bfs_U44,10,0.020000000000000018,False,True
P,pm_bfs_U44,10,0.010000000000000009,False,True
P,pm_bfs_U44,11,0.039999999999999925,False,True
P,pm_bfs_U44,11,0.03,False,True
P,pm_bfs_U44,11,0.019999999999999907,False,True
P,pm_bfs_U44,12,0.030000000000000027,False,True
P,pm_bfs_U44,12,0.020000000000000018,False,True
P,pm_bfs_U44,12,0.030000000000000027,False,True
P,pm_bfs_U44,13,0.020000000000000018,False,True
P,pm_bfs_U44,13,0.020000000000000018,False,True
P,pm_bfs_U44,13,0.010000000000000009,False,True
P,pm_bfs_U44,14,0.010000000000000009,False,True
P,pm_bfs_U44,14,0.04999999999999999,False,True
P,pm_bfs_U44,14,0.04999999999999999,False,True
P,pm_bfs_U44,15,0.020000000000000018,False,True
P,pm_bfs_U44,15,0.020000000000000004,False,True
P,pm_bfs_U44,15,0.020000000000000004,False,True
P,pm_bfs_U44,16,0.03999999999999998,False,True
P,pm_bfs_U44,16,0.010000000000000009,False,True
P,pm_bfs_U44,16,0.03999999999999998,False,True
P,pm_bfs_U44,17,0.0,True,True
P,pm_bfs_U44,17,0.020000000000000018,False,True
P,pm_bfs_U44,17,0.020000000000000018,False,True
P,pm_bfs_U44,18,0.030000000000000027,False,True
P,pm_bfs_U44,18,0.13000000000000006,False,True
P,pm_bfs_U44,18,0.10000000000000003,False,True
P,pm_bfs_U44,19,0.020000000000000018,False,True
P,pm_bfs_U44,19,0.010000000000000009,False,True
P,pm_bfs_U44,19,0.010000000000000009,False,True
P,pm_bfs_U44,20,0.019999999999999907,False,True
P,pm_bfs_U44,20,0.03999999999999998,False,True
P,pm_bfs_U44,20,0.04999999999999999,False,True
P,pm_bfs_U44,21,0.020000000000000018,False,True
P,pm_bfs_U44,21,0.019999999999999962,False,True
P,pm_bfs_U44,21,0.020000000000000018,False,True
P,pm_bfs_U44,22,0.020000000000000018,False,True
P,pm_bfs_U44,22,0.020000000000000018,False,True
P,pm_bfs_U44,22,0.020000000000000018,False,True
P,pm_bfs_U44,23,0.08000000000000002,False,True
P,pm_bfs_U44,23,0.030000000000000027,False,True
P,pm_bfs_U44,23,0.04999999999999999,False,True
P,pm_bfs_U44,24,0.12,False,True
P,pm_bfs_U44,24,0.07,False,True
P,pm_bfs_U44,24,0.04999999999999999,False,True
P,pm_bfs_U44,25,0.010000000000000009,False,True
P,pm_bfs_U44,25,0.010000000000000009,False,True
P,pm_bfs_U44,25,0.010000000000000009,False,True
P,pm_bfs_U44,26,0.06,False,True
P,pm_bfs_U44,26,0.07,False,True
P,pm_bfs_U44,26,0.010000000000000009,False,True
P,pm_bfs_U44,27,0.02999999999999997,False,True
P,pm_bfs_U44,27,0.010000000000000009,False,True
P,pm_bfs_U44,27,0.019999999999999962,False,True
P,pm_bfs_U44,28,0.010000000000000009,False,True
P,pm_bfs_U44,28,0.020000000000000018,False,True
P,pm_bfs_U44,28,0.020000000000000018,False,True
P,pm_bfs_U44,29,0.019999999999999962,False,True
P,pm_bfs_U44,29,0.010000000000000009,False,True
P,pm_bfs_U44,29,0.019999999999999962,False,True
P,pm_bfs_U44,30,0.010000000000000009,False,True
P,pm_bfs_U44,30,0.02999999999999997,False,True
P,pm_bfs_U44,30,0.019999999999999962,False,True
P,pm_bfs_U44,31,0.04999999999999999,False,True
P,pm_bfs_U44,31,0.08999999999999997,False,True
P,pm_bfs_U44,31,0.03999999999999998,False,True
P,pm_bfs_U44,32,0.010000000000000009,False,True
P,pm_bfs_U44,32,0.019999999999999962,False,True
P,pm_bfs_U44,32,0.02999999999999997,False,True
P,pm_bfs_U44,33,0.040000000000000036,False,True
P,pm_bfs_U44,33,0.030000000000000027,False,True
P,pm_bfs_U44,33,0.010000000000000009,False,True
P,pm_bfs_U44,34,0.04999999999999999,False,True
P,pm_bfs_U44,34,0.040000000000000036,False,True
P,pm_bfs_U44,34,0.09000000000000002,False,True
P,pm_bfs_U44,35,0.010000000000000009,False,True
P,pm_bfs_U44,35,0.050000000000000044,False,True
P,pm_bfs_U44,35,0.040000000000000036,False,True
P,pm_bfs_U44,36,0.03999999999999998,False,True
P,pm_bfs_U44,36,0.030000000000000027,False,True
P,pm_bfs_U44,36,0.050000000000000044,False,True
P,pm_bfs_U44,37,0.019999999999999962,False,True
P,pm_bfs_U44,37,0.03999999999999998,False,True
P,pm_bfs_U44,37,0.020000000000000018,False,True
P,pm_bfs_U44,38,0.010000000000000009,False,True
P,pm_bfs_U44,38,0.010000000000000009,False,True
P,pm_bfs_U44,38,0.01999999999999999,False,True
P,pm_bfs_U44,39,0.010000000000000009,False,True
P,pm_bfs_U44,39,0.010000000000000009,False,True
P,pm_bfs_U44,39,0.0,True,True
P,pm_bfs_U44,40,0.0,True,True
P,pm_bfs_U44,40,0.009999999999999995,False,True
P,pm_bfs_U44,40,0.009999999999999995,False,True
P,pm_bfs_U44,41,0.010000000000000009,False,True
P,pm_bfs_U44,41,0.020000000000000018,False,True
P,pm_bfs_U44,41,0.010000000000000009,False,True
P,pm_bfs_U44,42,0.01999999999999999,False,True
P,pm_bfs_U44,42,0.010000000000000009,False,True
P,pm_bfs_U44,42,0.010000000000000009,False,True
P,pm_bfs_U44,43,0.030000000000000027,False,True
P,pm_bfs_U44,43,0.010000000000000009,False,True
P,pm_bfs_U44,43,0.030000000000000027,False,True
P,pm_bfs_U44,44,0.050000000000000044,False,True
P,pm_bfs_U44,44,0.009999999999999981,False,True
P,pm_bfs_U44,44,0.050000000000000044,False,True
P,pm_bfs_U44,45,0.030000000000000027,False,True
P,pm_bfs_U44,45,0.020000000000000018,False,True
P,pm_bfs_U44,45,0.020000000000000018,False,True
P,pm_bfs_U44,46,0.010000000000000009,False,True
P,pm_bfs_U44,46,0.010000000000000009,False,True
P,pm_bfs_U44,46,0.0,True,True
P,pm_bfs_U44,47,0.010000000000000009,False,True
P,pm_bfs_U44,47,0.010000000000000009,False,True
P,pm_bfs_U44,47,0.0,True,True
P,pm_bfs_U44,48,0.010000000000000002,False,True
P,pm_bfs_U44,48,0.010000000000000002,False,True
P,pm_bfs_U44,48,0.0,True,True
P,pm_bfs_U44,49,0.010000000000000009,False,True
P,pm_bfs_U44,49,0.010000000000000002,False,True
P,pm_bfs_U44,49,0.010000000000000009,False,True
P,pm_bfs_U44,50,0.019999999999999962,False,True
P,pm_bfs_U44,50,0.010000000000000009,False,True
P,pm_bfs_U44,50,0.010000000000000009,False,True
P,pm_bfs_U44,51,0.010000000000000009,False,True
P,pm_bfs_U44,51,0.0,True,True
P,pm_bfs_U44,51,0.010000000000000009,False,True
P,pm_bfs_U44,52,0.04999999999999999,False,True
P,pm_bfs_U44,52,0.07,False,True
P,pm_bfs_U44,52,0.020000000000000018,False,True
P,pm_bfs_U44,53,0.009999999999999953,False,True
P,pm_bfs_U44,53,0.020000000000000018,False,True
P,pm_bfs_U44,53,0.02999999999999997,False,True
P,pm_bfs_U44,54,0.04999999999999999,False,True
P,pm_bfs_U44,54,0.010000000000000009,False,True
P,pm_bfs_U44,54,0.03999999999999998,False,True
P,pm_bfs_U44,55,0.04999999999999993,False,True
P,pm_bfs_U44,55,0.030000000000000027,False,True
P,pm_bfs_U44,55,0.019999999999999907,False,True
P,pm_bfs_U44,56,0.01999999999999999,False,True
P,pm_bfs_U44,56,0.020000000000000018,False,True
P,pm_bfs_U44,56,0.04000000000000001,False,True
P,pm_bfs_U44,57,0.030000000000000027,False,True
P,pm_bfs_U44,57,0.02999999999999997,False,True
P,pm_bfs_U44,57,0.06,False,True
P,pm_bfs_U44,58,0.020000000000000018,False,True
P,pm_bfs_U44,58,0.020000000000000018,False,True
P,pm_bfs_U44,58,0.010000000000000009,False,True
P,pm_bfs_U44,59,0.04999999999999999,False,True
P,pm_bfs_U44,59,0.02999999999999997,False,True
P,pm_bfs_U44,59,0.039999999999999925,False,True
P,pm_bfs_U44,60,0.04999999999999999,False,True
P,pm_bfs_U44,60,0.040000000000000036,False,True
P,pm_bfs_U44,60,0.040000000000000036,False,True
P,pm_bfs_U44,61,0.030000000000000027,False,True
P,pm_bfs_U44,61,0.040000000000000036,False,True
P,pm_bfs_U44,61,0.010000000000000009,False,True
P,pm_bfs_U44,62,0.020000000000000018,False,True
P,pm_bfs_U44,62,0.020000000000000018,False,True
P,pm_bfs_U44,62,0.01999999999999999,False,True
P,pm_bfs_U44,63,0.020000000000000018,False,True
P,pm_bfs_U44,63,0.010000000000000009,False,True
P,pm_bfs_U44,63,0.010000000000000009,False,True
P,pm_bfs_U44,64,0.010000000000000009,False,True
P,pm_bfs_U44,64,0.06,False,True
P,pm_bfs_U44,64,0.04999999999999999,False,True
P,pm_bfs_U44,65,0.06999999999999995,False,True
P,pm_bfs_U44,65,0.050000000000000044,False,True
P,pm_bfs_U44,65,0.12,False,True
P,pm_bfs_U44,66,0.06,False,True
P,pm_bfs_U44,66,0.040000000000000036,False,True
P,pm_bfs_U44,66,0.019999999999999962,False,True
P,pm_bfs_U44,67,0.010000000000000009,False,True
P,pm_bfs_U44,67,0.08999999999999997,False,True
P,pm_bfs_U44,67,0.07999999999999996,False,True
P,pm_bfs_U44,68,0.020000000000000018,False,True
P,pm_bfs_U44,68,0.030000000000000027,False,True
P,pm_bfs_U44,68,0.020000000000000018,False,True
P,pm_bfs_U44,69,0.040000000000000036,False,True
P,pm_bfs_U44,69,0.020000000000000018,False,True
P,pm_bfs_U44,69,0.020000000000000018,False,True
P,pm_bfs_U50,0,0.010000000000000009,False,True
P,pm_bfs_U50,0,0.009999999999999981,False,True
P,pm_bfs_U50,0,0.010000000000000009,False,True
P,pm_bfs_U50,1,0.020000000000000018,False,True
P,pm_bfs_U50,1,0.03999999999999998,False,True
P,pm_bfs_U50,1,0.06,False,True
P,pm_bfs_U50,2,0.020000000000000004,False,True
P,pm_bfs_U50,2,0.009999999999999995,False,True
P,pm_bfs_U50,2,0.010000000000000009,False,True
P,pm_bfs_U50,3,0.040000000000000036,False,True
P,pm_bfs_U50,3,0.030000000000000027,False,True
P,pm_bfs_U50,3,0.020000000000000018,False,True
P,pm_bfs_U50,4,0.050000000000000044,False,True
P,pm_bfs_U50,4,0.07000000000000006,False,True
P,pm_bfs_U50,4,0.020000000000000018,False,True
P,pm_bfs_U50,5,0.010000000000000009,False,True
P,pm_bfs_U50,5,0.010000000000000009,False,True
P,pm_bfs_U50,5,0.0,True,True
P,pm_bfs_U50,6,0.020000000000000018,False,True
P,pm_bfs_U50,6,0.010000000000000009,False,True
P,pm_bfs_U50,6,0.010000000000000009,False,True
P,pm_bfs_U50,7,0.020000000000000018,False,True
P,pm_bfs_U50,7,0.03,False,True
P,pm_bfs_U50,7,0.010000000000000009,False,True
P,pm_bfs_U50,8,0.020000000000000018,False,True
P,pm_bfs_U50,8,0.020000000000000018,False,True
P,pm_bfs_U50,8,0.010000000000000009,False,True
P,pm_bfs_U50,9,0.030000000000000027,False,True
P,pm_bfs_U50,9,0.030000000000000027,False,True
P,pm_bfs_U50,9,0.030000000000000027,False,True
P,pm_bfs_U50,10,0.030000000000000027,False,True
P,pm_bfs_U50,10,0.040000000000000036,False,True
P,pm_bfs_U50,10,0.030000000000000027,False,True
P,pm_bfs_U50,11,0.040000000000000036,False,True
P,pm_bfs_U50,11,0.020000000000000018,False,True
P,pm_bfs_U50,11,0.030000000000000027,False,True
P,pm_bfs_U50,12,0.03999999999999998,False,True
P,pm_bfs_U50,12,0.030000000000000027,False,True
P,pm_bfs_U50,12,0.03,False,True
P,pm_bfs_U50,13,0.019999999999999907,False,True
P,pm_bfs_U50,13,0.019999999999999907,False,True
P,pm_bfs_U50,13,0.029999999999999916,False,True
P,pm_bfs_U50,14,0.010000000000000009,False,True
P,pm_bfs_U50,14,0.010000000000000009,False,True
P,pm_bfs_U50,14,0.0,True,True
P,pm_bfs_U50,15,0.06,False,True
P,pm_bfs_U50,15,0.02999999999999997,False,True
P,pm_bfs_U50,15,0.030000000000000027,False,True
P,pm_bfs_U50,16,0.07,False,True
P,pm_bfs_U50,16,0.08000000000000002,False,True
P,pm_bfs_U50,16,0.010000000000000009,False,True
P,pm_bfs_U50,17,0.04999999999999993,False,True
P,pm_bfs_U50,17,0.029999999999999916,False,True
P,pm_bfs_U50,17,0.020000000000000018,False,True
P,pm_bfs_U50,18,0.040000000000000036,False,True
P,pm_bfs_U50,18,0.019999999999999962,False,True
P,pm_bfs_U50,18,0.06,False,True
P,pm_bfs_U50,19,0.020000000000000018,False,True
P,pm_bfs_U50,19,0.08000000000000002,False,True
P,pm_bfs_U50,19,0.06,False,True
P,pm_bfs_U50,20,0.010000000000000009,False,True
P,pm_bfs_U50,20,0.019999999999999962,False,True
P,pm_bfs_U50,20,0.02999999999999997,False,True
P,pm_bfs_U50,21,0.020000000000000018,False,True
P,pm_bfs_U50,21,0.020000000000000018,False,True
P,pm_bfs_U50,21,0.010000000000000009,False,True
P,pm_bfs_U50,22,0.030000000000000027,False,True
P,pm_bfs_U50,22,0.030000000000000027,False,True
P,pm_bfs_U50,22,0.010000000000000009,False,True
P,pm_bfs_U50,23,0.040000000000000036,False,True
P,pm_bfs_U50,23,0.040000000000000036,False,True
P,pm_bfs_U50,23,0.010000000000000009,False,True
P,pm_bfs_U50,24,0.04999999999999999,False,True
P,pm_bfs_U50,24,0.030000000000000027,False,True
P,pm_bfs_U50,24,0.019999999999999962,False,True
P,pm_bfs_U50,25,0.010000000000000009,False,True
P,pm_bfs_U50,25,0.010000000000000009,False,True
P,pm_bfs_U50,25,0.020000000000000018,False,True
P,pm_bfs_U50,26,0.02999999999999997,False,True
P,pm_bfs_U50,26,0.019999999999999962,False,True
P,pm_bfs_U50,26,0.010000000000000009,False,True
P,pm_bfs_U50,27,0.010000000000000009,False,True
P,pm_bfs_U50,27,0.08000000000000002,False,True
P,pm_bfs_U50,27,0.09000000000000002,False,True
P,pm_bfs_U50,28,0.02999999999999997,False,True
P,pm_bfs_U50,28,0.020000000000000018,False,True
P,pm_bfs_U50,28,0.04999999999999999,False,True
P,pm_bfs_U50,29,0.01999999999999999,False,True
P,pm_bfs_U50,29,0.020000000000000018,False,True
P,pm_bfs_U50,29,0.020000000000000018,False,True
P,pm_bfs_U50,30,0.030000000000000027,False,True
P,pm_bfs_U50,30,0.020000000000000018,False,True
P,pm_bfs_U50,30,0.010000000000000009,False,True
P,pm_bfs_U50,31,0.07,False,True
P,pm_bfs_U50,31,0.040000000000000036,False,True
P,pm_bfs_U50,31,0.02999999999999997,False,True
P,pm_bfs_U50,32,0.030000000000000027,False,True
P,pm_bfs_U50,32,0.020000000000000018,False,True
P,pm_bfs_U50,32,0.040000000000000036,False,True
P,pm_bfs_U50,33,0.04999999999999999,False,True
P,pm_bfs_U50,33,0.06,False,True
P,pm_bfs_U50,33,0.010000000000000009,False,True
P,pm_bfs_U50,34,0.03999999999999998,False,True
P,pm_bfs_U50,34,0.02999999999999997,False,True
P,pm_bfs_U50,34,0.020000000000000018,False,True
P,pm_bfs_U50,35,0.020000000000000018,False,True
P,pm_bfs_U50,35,0.040000000000000036,False,True
P,pm_bfs_U50,35,0.040000000000000036,False,True
P,pm_bfs_U50,36,0.0,True,True
P,pm_bfs_U50,36,0.0,True,True
P,pm_bfs_U50,36,0.0,True,True
P,pm_bfs_U50,37,0.009999999999999995,False,True
P,pm_bfs_U50,37,0.010000000000000009,False,True
P,pm_bfs_U50,37,0.010000000000000009,False,True
P,pm_bfs_U50,38,0.010000000000000009,False,True
P,pm_bfs_U50,38,0.020000000000000018,False,True
P,pm_bfs_U50,38,0.010000000000000009,False,True
P,pm_bfs_U50,39,0.010000000000000009,False,True
P,pm_bfs_U50,39,0.010000000000000009,False,True
P,pm_bfs_U50,39,0.0,True,True
P,pm_bfs_U50,40,0.020000000000000018,False,True
P,pm_bfs_U50,40,0.01999999999999999,False,True
P,pm_bfs_U50,40,0.010000000000000009,False,True
P,pm_bfs_U50,41,0.020000000000000018,False,True
P,pm_bfs_U50,41,0.03,False,True
P,pm_bfs_U50,41,0.020000000000000018,False,True
P,pm_bfs_U50,42,0.04999999999999999,False,True
P,pm_bfs_U50,42,0.020000000000000018,False,True
P,pm_bfs_U50,42,0.02999999999999997,False,True
P,pm_bfs_U50,43,0.040000000000000036,False,True
P,pm_bfs_U50,43,0.03,False,True
P,pm_bfs_U50,43,0.050000000000000044,False,True
P,pm_bfs_U50,44,0.07,False,True
P,pm_bfs_U50,44,0.03999999999999998,False,True
P,pm_bfs_U50,44,0.030000000000000027,False,True
P,pm_bfs_U50,45,0.039999999999999925,False,True
P,pm_bfs_U50,45,0.020000000000000018,False,True
P,pm_bfs_U50,45,0.03999999999999998,False,True
P,pm_bfs_U50,46,0.010000000000000009,False,True
P,pm_bfs_U50,46,0.030000000000000027,False,True
P,pm_bfs_U50,46,0.020000000000000018,False,True
P,pm_bfs_U50,47,0.0,True,True
P,pm_bfs_U50,47,0.010000000000000009,False,True
P,pm_bfs_U50,47,0.010000000000000009,False,True
P,pm_bfs_U50,48,0.010000000000000009,False,True
P,pm_bfs_U50,48,0.010000000000000009,False,True
P,pm_bfs_U50,48,0.010000000000000009,False,True
P,pm_bfs_U50,49,0.010000000000000009,False,True
P,pm_bfs_U50,49,0.0,True,True
P,pm_bfs_U50,49,0.010000000000000009,False,True
P,pm_bfs_U50,50,0.0,True,True
P,pm_bfs_U50,50,0.020000000000000018,False,True
P,pm_bfs_U50,50,0.020000000000000018,False,True
P,pm_bfs_U50,51,0.040000000000000036,False,True
P,pm_bfs_U50,51,0.02999999999999997,False,True
P,pm_bfs_U50,51,0.07,False,True
P,pm_bfs_U50,52,0.03999999999999998,False,True
P,pm_bfs_U50,52,0.020000000000000018,False,True
P,pm_bfs_U50,52,0.019999999999999962,False,True
P,pm_bfs_U50,53,0.019999999999999962,False,True
P,pm_bfs_U50,53,0.010000000000000009,False,True
P,pm_bfs_U50,53,0.010000000000000009,False,True
P,pm_bfs_U50,54,0.040000000000000036,False,True
P,pm_bfs_U50,54,0.07000000000000006,False,True
P,pm_bfs_U50,54,0.030000000000000027,False,True
P,pm_bfs_U50,55,0.030000000000000027,False,True
P,pm_bfs_U50,55,0.020000000000000018,False,True
P,pm_bfs_U50,55,0.030000000000000027,False,True
P,pm_bfs_U50,56,0.019999999999999962,False,True
P,pm_bfs_U50,56,0.03,False,True
P,pm_bfs_U50,56,0.030000000000000027,False,True
P,pm_bfs_U50,57,0.029999999999999916,False,True
P,pm_bfs_U50,57,0.040000000000000036,False,True
P,pm_bfs_U50,57,0.020000000000000018,False,True
P,pm_bfs_U65,0,0.01999999999999999,False,True
P,pm_bfs_U65,0,0.020000000000000018,False,True
P,pm_bfs_U65,0,0.03,False,True
P,pm_bfs_U65,1,0.03999999999999998,False,True
P,pm_bfs_U65,1,0.010000000000000009,False,True
P,pm_bfs_U65,1,0.03999999999999998,False,True
P,pm_bfs_U65,2,0.009999999999999995,False,True
P,pm_bfs_U65,2,0.020000000000000004,False,True
P,pm_bfs_U65,2,0.010000000000000009,False,True
P,pm_bfs_U65,3,0.010000000000000009,False,True
P,pm_bfs_U65,3,0.030000000000000027,False,True
P,pm_bfs_U65,3,0.020000000000000018,False,True
P,pm_bfs_U65,4,0.050000000000000044,False,False
P,pm_bfs_U65,4,0.040000000000000036,False,False
P,pm_bfs_U65,4,0.010000000000000009,False,True
P,pm_bfs_U65,5,0.010000000000000009,False,True
P,pm_bfs_U65,6,0.010000000000000009,False,True
P,pm_bfs_U65,7,0.019999999999999962,False,True
P,pm_bfs_U65,8,0.04999999999999993,False,True
P,pm_bfs_U65,9,0.040000000000000036,False,True
P,pm_bfs_U65,10,0.030000000000000027,False,True
P,pm_bfs_U65,11,0.020000000000000018,False,True
P,pm_bfs_U65,12,0.029999999999999916,False,True
P,pm_bfs_U65,13,0.020000000000000018,False,True
P,pm_bfs_U65,14,0.020000000000000018,False,True
P,pm_bfs_U65,15,0.019999999999999962,False,True
P,pm_bfs_U65,16,0.020000000000000018,False,True
P,pm_bfs_U65,17,0.02999999999999997,False,True
P,pm_bfs_U65,18,0.020000000000000018,False,True
P,pm_bfs_U65,19,0.06999999999999995,False,True
P,pm_bfs_U65,20,0.020000000000000018,False,True
P,pm_bfs_U65,21,0.04999999999999999,False,True
P,pm_bfs_U65,22,0.02999999999999997,False,True
P,pm_bfs_U65,23,0.010000000000000009,False,True
P,pm_bfs_U65,24,0.050000000000000044,False,True
P,pm_bfs_U65,25,0.010000000000000009,False,True
P,pm_bfs_U65,26,0.04999999999999999,False,True
P,pm_bfs_U65,27,0.020000000000000018,False,True
P,pm_bfs_U65,28,0.020000000000000018,False,True
P,pm_bfs_U65,29,0.02999999999999997,False,True
P,pm_bfs_U65,30,0.050000000000000044,False,True
P,pm_bfs_U65,31,0.019999999999999962,False,True
P,pm_bfs_U65,32,0.010000000000000009,False,True
P,pm_bfs_U65,33,0.010000000000000009,False,True
P,pm_bfs_U65,34,0.020000000000000018,False,True
P,pm_bfs_U65,35,0.04999999999999999,False,True
P,pm_bfs_U65,36,0.04999999999999999,False,True
P,pm_bfs_U65,37,0.06,False,True
P,pm_bfs_U65,38,0.019999999999999962,False,True
P,pm_bfs_U65,39,0.04999999999999999,False,True
P,pm_bfs_U65,40,0.020000000000000018,False,True
P,pm_bfs_U65,41,0.020000000000000018,False,True
P,pm_bfs_U65,42,0.01999999999999999,False,True
P,pm_bfs_U65,43,0.030000000000000027,False,True
P,pm_bfs_U65,44,0.020000000000000018,False,True
P,pm_bfs_U65,45,0.010000000000000009,False,True
P,pm_bfs_U65,46,0.009999999999999953,False,True
P,pm_bfs_U65,47,0.030000000000000027,False,True
P,pm_bfs_U65,48,0.010000000000000009,False,True
P,pm_bfs_U65,49,0.010000000000000009,False,True
P,pm_bfs_U65,50,0.010000000000000009,False,True
P,pm_bfs_U65,51,0.020000000000000018,False,True
P,pm_bfs_U65,52,0.020000000000000018,False,True
P,pm_bfs_U65,53,0.02999999999999997,False,True
P,pm_bfs_U65,54,0.03,False,True
P,pm_bfs_U65,55,0.04000000000000001,False,True
P,pm_bfs_U65,56,0.009999999999999898,False,True
P,pm_bfs_U65,57,0.020000000000000018,False,True
P,pm_bfs_U65,58,0.010000000000000009,False,True
P,pm_bfs_U65,59,0.010000000000000009,False,True
P,pm_bfs_U65,60,0.03999999999999998,False,True
P,pm_bfs_U65,61,0.010000000000000009,False,True
P,pm_bfs_U65,62,0.020000000000000018,False,True
P,pm_bfs_U65,63,0.09999999999999998,False,True
P,pm_bfs_U65,64,0.020000000000000018,False,True
P,pm_bfs_U65,65,0.09000000000000002,False,True
P,pm_bfs_U65,66,0.060000000000000026,False,True
P,pm_bfs_U65,67,0.029999999999999916,False,True
P,pm_bfs_U65,68,0.020000000000000018,False,True
P,pm_bfs_U65,69,0.06,False,True
P,pm_bfs_U65,70,0.009999999999999953,False,True
P,pm_bfs_U65,71,0.020000000000000018,False,True
P,pm_bfs_U75,0,0.03,False,True
P,pm_bfs_U75,0,0.010000000000000009,False,True
P,pm_bfs_U75,0,0.03,False,True
P,pm_bfs_U75,1,0.040000000000000036,False,True
P,pm_bfs_U75,1,0.020000000000000018,False,True
P,pm_bfs_U75,1,0.020000000000000018,False,True
P,pm_bfs_U75,2,0.009999999999999953,False,True
P,pm_bfs_U75,2,0.02999999999999997,False,True
P,pm_bfs_U75,2,0.020000000000000018,False,True
P,pm_bfs_U75,3,0.030000000000000027,False,True
P,pm_bfs_U75,3,0.020000000000000018,False,True
P,pm_bfs_U75,3,0.020000000000000018,False,True
P,pm_bfs_U75,4,0.010000000000000009,False,True
P,pm_bfs_U75,4,0.010000000000000009,False,True
P,pm_bfs_U75,4,0.010000000000000009,False,True
P,pm_bfs_U75,5,0.0,True,True
P,pm_bfs_U75,5,0.030000000000000027,False,True
P,pm_bfs_U75,5,0.030000000000000027,False,True
P,pm_bfs_U75,6,0.010000000000000009,False,True
P,pm_bfs_U75,6,0.010000000000000009,False,True
P,pm_bfs_U75,6,0.010000000000000009,False,True
P,pm_bfs_U75,7,0.03999999999999998,False,True
P,pm_bfs_U75,7,0.020000000000000018,False,True
P,pm_bfs_U75,7,0.030000000000000027,False,True
P,pm_bfs_U75,8,0.010000000000000009,False,True
P,pm_bfs_U75,8,0.019999999999999962,False,True
P,pm_bfs_U75,8,0.010000000000000009,False,True
P,pm_bfs_U75,9,0.019999999999999962,False,True
P,pm_bfs_U75,9,0.010000000000000009,False,True
P,pm_bfs_U75,9,0.010000000000000009,False,True
P,pm_bfs_U75,10,0.030000000000000027,False,True
P,pm_bfs_U75,10,0.030000000000000027,False,True
P,pm_bfs_U75,10,0.020000000000000018,False,True
P,pm_bfs_U75,11,0.010000000000000009,False,True
P,pm_bfs_U75,11,0.010000000000000009,False,True
P,pm_bfs_U75,11,0.010000000000000009,False,True
P,pm_bfs_U75,12,0.039999999999999925,False,True
P,pm_bfs_U75,12,0.030000000000000027,False,True
P,pm_bfs_U75,12,0.039999999999999925,False,True
P,pm_bfs_U75,13,0.039999999999999925,False,True
P,pm_bfs_U75,13,0.029999999999999916,False,True
P,pm_bfs_U75,13,0.020000000000000018,False,True
P,pm_bfs_U75,14,0.020000000000000018,False,True
P,pm_bfs_U75,14,0.04999999999999999,False,True
P,pm_bfs_U75,14,0.02999999999999997,False,True
P,pm_bfs_U75,15,0.020000000000000018,False,True
P,pm_bfs_U75,15,0.010000000000000009,False,True
P,pm_bfs_U75,15,0.010000000000000009,False,True
P,pm_bfs_U75,16,0.030000000000000027,False,True
P,pm_bfs_U75,16,0.019999999999999907,False,True
P,pm_bfs_U75,16,0.020000000000000018,False,True
P,pm_bfs_U75,17,0.020000000000000018,False,True
P,pm_bfs_U75,17,0.03999999999999998,False,True
P,pm_bfs_U75,17,0.02999999999999997,False,True
P,pm_bfs_U75,18,0.010000000000000009,False,True
P,pm_bfs_U75,18,0.03,False,True
P,pm_bfs_U75,18,0.03,False,True
P,pm_bfs_U75,19,0.020000000000000018,False,True
P,pm_bfs_U75,19,0.020000000000000018,False,True
P,pm_bfs_U75,19,0.009999999999999998,False,True
P,pm_bfs_U75,20,0.010000000000000009,False,True
P,pm_bfs_U75,20,0.020000000000000018,False,True
P,pm_bfs_U75,20,0.030000000000000027,False,True
P,pm_bfs_U75,21,0.02999999999999997,False,True
P,pm_bfs_U75,21,0.019999999999999962,False,True
P,pm_bfs_U75,21,0.010000000000000009,False,True
P,pm_bfs_U75,22,0.02999999999999997,False,True
P,pm_bfs_U75,22,0.019999999999999907,False,True
P,pm_bfs_U75,22,0.02999999999999997,False,True
P,pm_bfs_U75,23,0.04999999999999999,False,True
P,pm_bfs_U75,23,0.03999999999999998,False,True
P,pm_bfs_U75,23,0.020000000000000018,False,True
P,pm_bfs_U75,24,0.03999999999999998,False,True
P,pm_bfs_U75,24,0.04999999999999999,False,True
P,pm_bfs_U75,24,0.020000000000000018,False,True
P,pm_bfs_U75,25,0.009999999999999953,False,True
P,pm_bfs_U75,25,0.040000000000000036,False,True
P,pm_bfs_U75,25,0.04999999999999999,False,True
P,pm_bfs_U75,26,0.019999999999999962,False,True
P,pm_bfs_U75,26,0.010000000000000009,False,True
P,pm_bfs_U75,26,0.02999999999999997,False,True
P,pm_bfs_U75,27,0.040000000000000036,False,True
P,pm_bfs_U75,27,0.050000000000000044,False,True
P,pm_bfs_U75,27,0.010000000000000009,False,True
P,pm_bfs_U75,28,0.020000000000000018,False,True
P,pm_bfs_U75,28,0.01999999999999999,False,True
P,pm_bfs_U75,28,0.01999999999999999,False,True
P,pm_bfs_U75,29,0.06,False,True
P,pm_bfs_U75,29,0.06999999999999995,False,True
P,pm_bfs_U75,29,0.010000000000000009,False,True
P,pm_bfs_U75,30,0.03999999999999998,False,True
P,pm_bfs_U75,30,0.03999999999999998,False,True
P,pm_bfs_U75,30,0.010000000000000009,False,True
P,pm_bfs_U75,31,0.030000000000000027,False,True
P,pm_bfs_U75,31,0.010000000000000009,False,True
P,pm_bfs_U75,31,0.040000000000000036,False,True
P,pm_bfs_U75,32,0.04999999999999999,False,True
P,pm_bfs_U75,32,0.040000000000000036,False,True
P,pm_bfs_U75,32,0.010000000000000009,False,True
P,pm_bfs_U75,33,0.030000000000000027,False,True
P,pm_bfs_U75,33,0.020000000000000018,False,True
P,pm_bfs_U75,33,0.010000000000000009,False,True
P,pm_bfs_U75,34,0.02999999999999997,False,True
P,pm_bfs_U75,34,0.06,False,True
P,pm_bfs_U75,34,0.030000000000000027,False,True
P,pm_bfs_U75,35,0.019999999999999907,False,True
P,pm_bfs_U75,35,0.07,False,True
P,pm_bfs_U75,35,0.06,False,True
P,pm_bfs_U75,36,0.03999999999999998,False,True
P,pm_bfs_U75,36,0.06,False,True
P,pm_bfs_U75,36,0.020000000000000018,False,True
P,pm_bfs_U75,37,0.03999999999999998,False,True
P,pm_bfs_U75,37,0.010000000000000009,False,True
P,pm_bfs_U75,37,0.03999999999999998,False,True
P,pm_bfs_U75,38,0.020000000000000018,False,True
P,pm_bfs_U75,38,0.020000000000000018,False,True
P,pm_bfs_U75,38,0.010000000000000009,False,True
P,pm_bfs_U75,39,0.010000000000000009,False,True
P,pm_bfs_U75,39,0.07,False,True
P,pm_bfs_U75,39,0.07,False,True
P,pm_bfs_U75,40,0.030000000000000027,False,True
P,pm_bfs_U75,40,0.030000000000000027,False,True
P,pm_bfs_U75,40,0.010000000000000009,False,True
P,pm_bfs_U75,41,0.010000000000000009,False,True
P,pm_bfs_U75,41,0.020000000000000018,False,True
P,pm_bfs_U75,41,0.010000000000000009,False,True
P,pm_bfs_U75,42,0.030000000000000027,False,True
P,pm_bfs_U75,42,0.030000000000000027,False,True
P,pm_bfs_U75,42,0.020000000000000018,False,True
P,pm_bfs_U75,43,0.010000000000000009,False,True
P,pm_bfs_U75,43,0.03999999999999998,False,True
P,pm_bfs_U75,43,0.02999999999999997,False,True
P,pm_bfs_U75,44,0.020000000000000018,False,True
P,pm_bfs_U75,44,0.030000000000000027,False,True
P,pm_bfs_U75,44,0.029999999999999916,False,True
P,pm_bfs_U75,45,0.02999999999999997,False,True
P,pm_bfs_U75,45,0.04999999999999993,False,True
P,pm_bfs_U75,45,0.020000000000000018,False,True
P,pm_bfs_U75,46,0.030000000000000027,False,True
P,pm_bfs_U75,46,0.020000000000000018,False,True
P,pm_bfs_U75,46,0.040000000000000036,False,True
P,pm_bfs_U75,47,0.009999999999999995,False,True
P,pm_bfs_U75,47,0.009999999999999995,False,True
P,pm_bfs_U75,47,0.0,True,True
P,pm_bfs_U75,48,0.010000000000000009,False,True
P,pm_bfs_U75,48,0.0,True,True
P,pm_bfs_U75,48,0.010000000000000009,False,True
P,pm_bfs_U75,49,0.010000000000000009,False,True
P,pm_bfs_U75,49,0.010000000000000009,False,True
P,pm_bfs_U75,49,0.0,True,True
P,pm_bfs_U75,50,0.010000000000000009,False,True
P,pm_bfs_U75,50,0.010000000000000009,False,True
P,pm_bfs_U75,50,0.010000000000000009,False,True
P,pm_bfs_U75,51,0.010000000000000009,False,True
P,pm_bfs_U75,51,0.010000000000000009,False,True
P,pm_bfs_U75,51,0.010000000000000002,False,True
P,pm_bfs_U75,52,0.0,True,True
P,pm_bfs_U75,52,0.010000000000000002,False,True
P,pm_bfs_U75,52,0.010000000000000002,False,True
P,pm_bfs_U75,53,0.010000000000000009,False,True
P,pm_bfs_U75,53,0.009999999999999995,False,True
P,pm_bfs_U75,53,0.010000000000000009,False,True
P,pm_bfs_U75,54,0.010000000000000009,False,True
P,pm_bfs_U75,54,0.010000000000000009,False,True
P,pm_bfs_U75,54,0.020000000000000018,False,True
P,pm_bfs_U75,55,0.010000000000000009,False,True
P,pm_bfs_U75,55,0.010000000000000002,False,True
P,pm_bfs_U75,55,0.010000000000000009,False,True
P,pm_bfs_U75,56,0.010000000000000009,False,True
P,pm_bfs_U75,56,0.010000000000000002,False,True
P,pm_bfs_U75,56,0.010000000000000009,False,True
P,pm_bfs_U75,57,0.010000000000000009,False,True
P,pm_bfs_U75,57,0.010000000000000009,False,True
P,pm_bfs_U75,57,0.01999999999999999,False,True
P,pm_bfs_U75,58,0.01999999999999999,False,True
P,pm_bfs_U75,58,0.010000000000000009,False,True
P,pm_bfs_U75,58,0.010000000000000009,False,True
P,pm_bfs_U75,59,0.04999999999999999,False,True
P,pm_bfs_U75,59,0.03999999999999998,False,True
P,pm_bfs_U75,59,0.010000000000000009,False,True
P,pm_bfs_U75,60,0.02999999999999997,False,True
P,pm_bfs_U75,60,0.020000000000000018,False,True
P,pm_bfs_U75,60,0.020000000000000018,False,True
P,pm_bfs_U75,61,0.04999999999999999,False,True
P,pm_bfs_U75,61,0.08000000000000002,False,True
P,pm_bfs_U75,61,0.030000000000000027,False,True
P,pm_bfs_U75,62,0.07,False,True
P,pm_bfs_U75,62,0.020000000000000018,False,True
P,pm_bfs_U75,62,0.09000000000000002,False,True
P,pm_bfs_U75,63,0.08999999999999997,False,True
P,pm_bfs_U75,63,0.03,False,True
P,pm_bfs_U75,63,0.06,False,True
P,pm_bfs_U75,64,0.02999999999999997,False,True
P,pm_bfs_U75,64,0.020000000000000018,False,True
P,pm_bfs_U75,64,0.009999999999999953,False,True
P,pm_bfs_U75,65,0.03999999999999998,False,True
P,pm_bfs_U75,65,0.0,True,True
P,pm_bfs_U75,65,0.03999999999999998,False,True
P,pm_bfs_U75,66,0.010000000000000009,False,True
P,pm_bfs_U75,66,0.020000000000000018,False,True
P,pm_bfs_U75,66,0.020000000000000004,False,True
P,pm_bfs_U75,67,0.029999999999999916,False,True
P,pm_bfs_U75,67,0.03999999999999998,False,True
P,pm_bfs_U75,67,0.02999999999999997,False,True
P,pm_bfs_U75,68,0.02999999999999997,False,True
P,pm_bfs_U75,68,0.04999999999999999,False,True
P,pm_bfs_U75,68,0.020000000000000018,False,True
P,pm_bfs_U75,69,0.06,False,True
P,pm_bfs_U75,69,0.010000000000000009,False,True
P,pm_bfs_U75,69,0.07,False,True
P,pm_bfs_U75,70,0.029999999999999916,False,True
P,pm_bfs_U75,70,0.020000000000000018,False,True
P,pm_bfs_U75,70,0.010000000000000009,False,True
P,pm_bfs_U75,71,0.010000000000000009,False,True
P,pm_bfs_U75,71,0.010000000000000009,False,True
P,pm_bfs_U75,71,0.010000000000000009,False,True
P,pm_bfs_U75,72,0.010000000000000009,False,True
P,pm_bfs_U75,72,0.06999999999999995,False,True
P,pm_bfs_U75,72,0.06,False,True
P,pm_bfs_U75,73,0.010000000000000009,False,True
P,pm_bfs_U75,73,0.06,False,True
P,pm_bfs_U75,73,0.06,False,True
P,pm_bfs_U75,74,0.019999999999999907,False,True
P,pm_bfs_U75,74,0.020000000000000018,False,True
P,pm_bfs_U75,74,0.010000000000000009,False,True
P,pm_bfs_U75,75,0.030000000000000027,False,True
P,pm_bfs_U75,75,0.010000000000000009,False,True
P,pm_bfs_U75,75,0.03999999999999998,False,True
P,pm_bfs_U75,76,0.010000000000000009,False,True
P,pm_bfs_U75,76,0.010000000000000009,False,True
P,pm_bfs_U75,76,0.010000000000000009,False,True
P,pm_bfs_U75,77,0.019999999999999962,False,True
P,pm_bfs_U75,77,0.06,False,True
P,pm_bfs_U75,77,0.040000000000000036,False,True
P,pm_bfs_U75,78,0.03,False,True
P,pm_bfs_U75,78,0.020000000000000018,False,True
P,pm_bfs_U75,78,0.020000000000000018,False,True
P,pm_bfs_U75,79,0.030000000000000027,False,True
P,pm_bfs_U75,79,0.010000000000000009,False,True
P,pm_bfs_U75,79,0.030000000000000027,False,True
P,pm_bfs_U75,80,0.04000000000000001,False,True
P,pm_bfs_U75,80,0.020000000000000018,False,True
P,pm_bfs_U75,80,0.01999999999999999,False,True
P,pm_bfs_U75,81,0.010000000000000009,False,True
P,pm_bfs_U75,81,0.010000000000000002,False,True
P,pm_bfs_U75,81,0.010000000000000009,False,True
P,pm_bfs_U75,82,0.02999999999999997,False,True
P,pm_bfs_U75,82,0.04999999999999993,False,True
P,pm_bfs_U75,82,0.029999999999999916,False,True
P,pm_bfs_U75,83,0.03999999999999998,False,True
P,pm_bfs_U75,83,0.03999999999999998,False,True
P,pm_bfs_U75,83,0.020000000000000018,False,True
P,pm_bfs_U75,84,0.029999999999999916,False,True
P,pm_bfs_U75,84,0.019999999999999907,False,True
P,pm_bfs_U75,84,0.010000000000000009,False,True
P,pm_bfs_U75,85,0.06,False,True
P,pm_bfs_U75,85,0.03999999999999998,False,True
P,pm_bfs_U75,85,0.030000000000000027,False,True
P,pm_bfs_U75,86,0.04000000000000001,False,True
P,pm_bfs_U75,86,0.01999999999999999,False,True
P,pm_bfs_U75,86,0.02999999999999997,False,True
P,pm_bfs_U75,87,0.019999999999999962,False,True
P,pm_bfs_U75,87,0.04000000000000001,False,True
P,pm_bfs_U75,87,0.03,False,True
P,pm_bfs_U75,88,0.03999999999999998,False,True
P,pm_bfs_U75,88,0.020000000000000018,False,True
P,pm_bfs_U75,88,0.030000000000000027,False,True
P,pm_bfs_U75,89,0.019999999999999907,False,True
P,pm_bfs_U75,89,0.010000000000000009,False,True
P,pm_bfs_U75,89,0.020000000000000018,False,True
P,pm_bfs_U75,90,0.020000000000000018,False,True
P,pm_bfs_U75,90,0.010000000000000009,False,True
P,pm_bfs_U75,90,0.010000000000000009,False,True
P,pm_bfs_U75,91,0.04999999999999999,False,True
P,pm_bfs_U75,91,0.03999999999999998,False,True
P,pm_bfs_U75,91,0.029999999999999916,False,True
P,pm_bfs_U75,92,0.010000000000000009,False,True
P,pm_bfs_U75,92,0.04999999999999999,False,True
P,pm_bfs_U75,92,0.03999999999999998,False,True
P,pm_bfs_U75,93,0.01999999999999999,False,True
P,pm_bfs_U75,93,0.030000000000000027,False,True
P,pm_bfs_U75,93,0.020000000000000018,False,True
P,pm_bfs_U75,94,0.010000000000000009,False,True
P,pm_bfs_U75,94,0.03999999999999998,False,True
P,pm_bfs_U75,94,0.03999999999999998,False,True
P,pm_bfs_U75,95,0.040000000000000036,False,True
P,pm_bfs_U75,95,0.009999999999999953,False,True
P,pm_bfs_U75,95,0.04999999999999999,False,True
P,pm_bfs_U75,96,0.010000000000000009,False,True
P,pm_bfs_U75,96,0.020000000000000018,False,True
P,pm_bfs_U75,96,0.010000000000000009,False,True
P,pm_bfs_U75,97,0.0,True,True
P,pm_bfs_U75,97,0.050000000000000044,False,True
P,pm_bfs_U75,97,0.050000000000000044,False,True
P,pm_bfs_U75,98,0.02999999999999997,False,True
P,pm_bfs_U75,98,0.019999999999999962,False,True
P,pm_bfs_U75,98,0.020000000000000018,False,True
P,pm_bfs_U75,99,0.03999999999999998,False,True
P,pm_bfs_U75,99,0.06,False,True
P,pm_bfs_U75,99,0.020000000000000018,False,True
P,pm_bfs_U75,100,0.02999999999999997,False,True
P,pm_bfs_U75,100,0.010000000000000009,False,True
P,pm_bfs_U75,100,0.03999999999999998,False,True
P,pm_bfs_U75,101,0.010000000000000009,False,True
P,pm_bfs_U75,101,0.03999999999999998,False,True
P,pm_bfs_U75,101,0.03999999999999998,False,True
P,pm_bfs_U75,102,0.029999999999999916,False,True
P,pm_bfs_U75,102,0.010000000000000009,False,True
P,pm_bfs_U75,102,0.029999999999999916,False,True
P,pm_bfs_U75,103,0.019999999999999962,False,True
P,pm_bfs_U75,103,0.04999999999999999,False,True
P,pm_bfs_U75,103,0.03999999999999998,False,True
P,pm_bfs_U75,104,0.07,False,True
P,pm_bfs_U75,104,0.04999999999999999,False,True
P,pm_bfs_U75,104,0.020000000000000018,False,True
P,pm_bfs_U75,105,0.020000000000000018,False,True
P,pm_bfs_U75,105,0.040000000000000036,False,True
P,pm_bfs_U75,105,0.020000000000000018,False,True
P,pm_bfs_U75,106,0.02999999999999997,False,True
P,pm_bfs_U75,106,0.02999999999999997,False,True
P,pm_bfs_U75,106,0.0,True,True
P,pm_bfs_U75,107,0.03,False,True
P,pm_bfs_U75,107,0.04999999999999999,False,True
P,pm_bfs_U75,107,0.01999999999999999,False,True
P,pm_bfs_U75,108,0.020000000000000018,False,True
P,pm_bfs_U75,108,0.06,False,True
P,pm_bfs_U75,108,0.03999999999999998,False,True
P,pm_bfs_U75,109,0.04999999999999999,False,True
P,pm_bfs_U75,109,0.020000000000000018,False,True
P,pm_bfs_U75,109,0.040000000000000036,False,True
P,pm_bfs_U75,110,0.02999999999999997,False,True
P,pm_bfs_U75,110,0.020000000000000018,False,True
P,pm_bfs_U75,110,0.020000000000000018,False,True
P,pm_bfs_U75,111,0.02999999999999997,False,True
P,pm_bfs_U75,111,0.02999999999999997,False,True
P,pm_bfs_U75,111,0.01999999999999999,False,True
P,pm_bfs_U75,112,0.030000000000000027,False,True
P,pm_bfs_U75,112,0.020000000000000018,False,True
P,pm_bfs_U75,112,0.010000000000000009,False,True
P,pm_bfs_U75,113,0.03,False,True
P,pm_bfs_U75,113,0.020000000000000018,False,True
P,pm_bfs_U75,113,0.05000000000000002,False,True
P,pm_bfs_U75,114,0.06,False,True
P,pm_bfs_U75,114,0.03999999999999998,False,True
P,pm_bfs_U75,114,0.03,False,True
P,pm_bfs_U75,115,0.020000000000000018,False,True
P,pm_bfs_U75,115,0.03999999999999998,False,True
P,pm_bfs_U75,115,0.06,False,True
P,pm_bfs_U75,116,0.050000000000000044,False,True
P,pm_bfs_U75,116,0.030000000000000027,False,True
P,pm_bfs_U75,116,0.06000000000000005,False,True
P,pm_bfs_U75,117,0.010000000000000009,False,True
P,pm_bfs_U75,117,0.019999999999999962,False,True
P,pm_bfs_U75,117,0.010000000000000009,False,True
P,pm_bfs_U75,118,0.04999999999999993,False,True
P,pm_bfs_U75,118,0.04999999999999999,False,True
P,pm_bfs_U75,118,0.04999999999999993,False,True
P,pm_bfs_U75,119,0.020000000000000018,False,True
P,pm_bfs_U75,119,0.03999999999999998,False,True
P,pm_bfs_U75,119,0.06,False,True
P,pm_bfs_U75,120,0.020000000000000018,False,True
P,pm_bfs_U75,120,0.02999999999999997,False,True
P,pm_bfs_U75,120,0.010000000000000009,False,True
P,pm_bfs_U75,121,0.06,False,True
P,pm_bfs_U75,121,0.050000000000000044,False,True
P,pm_bfs_U75,121,0.020000000000000018,False,True
P,pm_bfs_U75,122,0.020000000000000018,False,True
P,pm_bfs_U75,122,0.04000000000000001,False,True
P,pm_bfs_U75,122,0.020000000000000018,False,True
P,pm_bfs_U75,123,0.030000000000000027,False,True
P,pm_bfs_U75,123,0.019999999999999962,False,True
P,pm_bfs_U75,123,0.04999999999999999,False,True
P,pm_bfs_U75,124,0.040000000000000036,False,True
P,pm_bfs_U75,124,0.040000000000000036,False,True
P,pm_bfs_U75,124,0.010000000000000009,False,True
P,pm_bfs_U75,125,0.020000000000000018,False,True
P,pm_bfs_U75,125,0.020000000000000018,False,True
P,pm_bfs_U75,125,0.010000000000000009,False,True
P,pm_bfs_U75,126,0.04999999999999999,False,True
P,pm_bfs_U75,126,0.04999999999999999,False,True
P,pm_bfs_U75,126,0.019999999999999962,False,True
P,pm_bfs_U75,127,0.04999999999999999,False,True
P,pm_bfs_U75,127,0.06,False,True
P,pm_bfs_U75,127,0.010000000000000009,False,True
P,pm_bfs_U75,128,0.07,False,True
P,pm_bfs_U75,128,0.07999999999999996,False,True
P,pm_bfs_U75,128,0.030000000000000027,False,True
P,pm_bfs_U75,129,0.019999999999999907,False,True
P,pm_bfs_U75,129,0.08000000000000002,False,True
P,pm_bfs_U75,129,0.07,False,True
P,pm_bfs_U75,130,0.010000000000000009,False,True
P,pm_bfs_U75,130,0.030000000000000027,False,True
P,pm_bfs_U75,130,0.020000000000000018,False,True
P,pm_bfs_U75,131,0.04999999999999999,False,True
P,pm_bfs_U75,131,0.05000000000000002,False,True
P,pm_bfs_U75,131,0.020000000000000018,False,True
P,pm_bfs_U75,132,0.010000000000000009,False,True
P,pm_bfs_U75,132,0.020000000000000004,False,True
P,pm_bfs_U75,132,0.010000000000000009,False,True
P,pm_bfs_U75,133,0.02999999999999997,False,True
P,pm_bfs_U75,133,0.02999999999999997,False,True
P,pm_bfs_U75,133,0.020000000000000018,False,True
P,pm_bfs_U75,134,0.04000000000000001,False,True
P,pm_bfs_U75,134,0.020000000000000018,False,True
P,pm_bfs_U75,134,0.030000000000000027,False,True
P,pm_bfs_U75,135,0.04999999999999999,False,True
P,pm_bfs_U75,135,0.030000000000000027,False,True
P,pm_bfs_U75,135,0.020000000000000004,False,True
P,pm_bfs_U75,136,0.020000000000000018,False,True
P,pm_bfs_U75,136,0.03999999999999998,False,True
P,pm_bfs_U75,136,0.06,False,True
P,pm_bfs_U75,137,0.07,False,True
P,pm_bfs_U75,137,0.06,False,True
P,pm_bfs_U75,137,0.010000000000000009,False,True
P,pm_bfs_U75,138,0.02999999999999997,False,True
P,pm_bfs_U75,138,0.020000000000000004,False,True
P,pm_bfs_U75,138,0.02999999999999997,False,True
P,pm_bfs_U75,139,0.030000000000000027,False,True
P,pm_bfs_U75,139,0.030000000000000027,False,True
P,pm_bfs_U75,139,0.030000000000000027,False,True
P,pm_bfs_U75,140,0.019999999999999962,False,True
P,pm_bfs_U75,140,0.03999999999999998,False,True
P,pm_bfs_U75,140,0.020000000000000018,False,True
P,pm_bfs_U75,141,0.03999999999999998,False,True
P,pm_bfs_U75,141,0.010000000000000009,False,True
P,pm_bfs_U75,141,0.04999999999999999,False,True
P,pm_bfs_U75,142,0.04999999999999999,False,True
P,pm_bfs_U75,142,0.020000000000000018,False,True
P,pm_bfs_U75,142,0.04999999999999999,False,True
P,pm_bfs_U75,143,0.02999999999999997,False,True
P,pm_bfs_U75,143,0.010000000000000009,False,True
P,pm_bfs_U75,143,0.019999999999999962,False,True
P,pm_bfs_U75,144,0.040000000000000036,False,True
P,pm_bfs_U75,144,0.010000000000000009,False,True
P,pm_bfs_U75,144,0.04000000000000001,False,True
P,pm_bfs_U75,145,0.019999999999999907,False,True
P,pm_bfs_U75,145,0.040000000000000036,False,True
P,pm_bfs_U75,145,0.040000000000000036,False,True
P,pm_bfs_U75,146,0.03999999999999998,False,True
P,pm_bfs_U75,146,0.020000000000000018,False,True
P,pm_bfs_U75,146,0.04999999999999999,False,True
P,pm_bfs_U75,147,0.06,False,True
P,pm_bfs_U75,147,0.06,False,True
P,pm_bfs_U75,147,0.010000000000000009,False,True
P,pm_bfs_U75,148,0.030000000000000027,False,True
P,pm_bfs_U75,148,0.019999999999999962,False,True
P,pm_bfs_U75,148,0.020000000000000018,False,True
P,pm_bfs_U75,149,0.010000000000000009,False,True
P,pm_bfs_U75,149,0.020000000000000018,False,True
P,pm_bfs_U75,149,0.02999999999999997,False,True
P,pm_bfs_U75,150,0.010000000000000009,False,True
P,pm_bfs_U75,150,0.030000000000000027,False,True
P,pm_bfs_U75,150,0.020000000000000018,False,True
P,pm_bfs_U75,151,0.030000000000000027,False,True
P,pm_bfs_U75,151,0.020000000000000018,False,True
P,pm_bfs_U75,151,0.050000000000000044,False,True
P,pm_bfs_U75,152,0.040000000000000036,False,True
P,pm_bfs_U75,152,0.040000000000000036,False,True
P,pm_bfs_U75,152,0.010000000000000009,False,True
P,pm_bfs_U75,153,0.02999999999999997,False,True
P,pm_bfs_U75,153,0.0,True,True
P,pm_bfs_U75,153,0.02999999999999997,False,True
P,pm_bfs_U75,154,0.020000000000000004,False,True
P,pm_bfs_U75,154,0.020000000000000018,False,True
P,pm_bfs_U75,154,0.010000000000000009,False,True
P,pm_bfs_U75,155,0.04999999999999999,False,True
P,pm_bfs_U75,155,0.010000000000000009,False,True
P,pm_bfs_U75,155,0.04999999999999999,False,True
P,pm_bfs_U75,156,0.020000000000000018,False,True
P,pm_bfs_U75,156,0.020000000000000018,False,True
P,pm_bfs_U75,156,0.030000000000000027,False,True
P,pm_bfs_U75,157,0.03,False,True
P,pm_bfs_U75,157,0.04999999999999999,False,True
P,pm_bfs_U75,157,0.040000000000000036,False,True
P,pm_bfs_U75,158,0.03,False,True
P,pm_bfs_U75,158,0.02999999999999997,False,True
P,pm_bfs_U75,158,0.02999999999999997,False,True
P,pm_bfs_U75,159,0.08999999999999997,False,True
P,pm_bfs_U75,159,0.06,False,True
P,pm_bfs_U75,159,0.02999999999999997,False,True
P,pm_bfs_U75,160,0.06,False,True
P,pm_bfs_U75,160,0.020000000000000018,False,True
P,pm_bfs_U75,160,0.08000000000000002,False,True
P,pm_bfs_U75,161,0.02999999999999997,False,True
P,pm_bfs_U75,161,0.010000000000000009,False,True
P,pm_bfs_U75,161,0.020000000000000018,False,True
P,pm_bfs_U75,162,0.020000000000000018,False,True
P,pm_bfs_U75,162,0.07,False,True
P,pm_bfs_U75,162,0.06,False,True
P,pm_bfs_U75,163,0.03999999999999998,False,True
P,pm_bfs_U75,163,0.030000000000000027,False,True
P,pm_bfs_U75,163,0.010000000000000009,False,True
P,pm_bfs_U75,164,0.040000000000000036,False,True
P,pm_bfs_U75,164,0.050000000000000044,False,True
P,pm_bfs_U75,164,0.010000000000000009,False,True
P,pm_bfs_U75,165,0.04999999999999999,False,True
P,pm_bfs_U75,165,0.03999999999999998,False,True
P,pm_bfs_U75,165,0.010000000000000009,False,True
P,pm_bfs_U75,166,0.03999999999999998,False,True
P,pm_bfs_U75,166,0.03999999999999998,False,True
P,pm_bfs_U75,166,0.030000000000000027,False,True
P,pm_bfs_U75,167,0.01999999999999999,False,True
P,pm_bfs_U75,167,0.010000000000000009,False,True
P,pm_bfs_U75,167,0.03,False,True
P,pm_bfs_U75,168,0.020000000000000004,False,True
P,pm_bfs_U75,168,0.020000000000000004,False,True
P,pm_bfs_U75,168,0.010000000000000009,False,True
P,pm_bfs_U75,169,0.030000000000000027,False,True
P,pm_bfs_U75,169,0.040000000000000036,False,True
P,pm_bfs_U75,169,0.06,False,True
P,pm_bfs_U75,170,0.030000000000000027,False,True
P,pm_bfs_U75,170,0.010000000000000009,False,True
P,pm_bfs_U75,170,0.030000000000000027,False,True
P,pm_bfs_U75,171,0.04999999999999999,False,True
P,pm_bfs_U75,171,0.02999999999999997,False,True
P,pm_bfs_U75,171,0.020000000000000018,False,True
P,pm_bfs_U75,172,0.010000000000000009,False,True
P,pm_bfs_U75,172,0.030000000000000027,False,True
P,pm_bfs_U75,172,0.030000000000000027,False,True
P,pm_bfs_U75,173,0.029999999999999916,False,True
P,pm_bfs_U75,173,0.010000000000000009,False,True
P,pm_bfs_U75,173,0.02999999999999997,False,True
P,pm_bfs_U75,174,0.07,False,True
P,pm_bfs_U75,174,0.010000000000000009,False,True
P,pm_bfs_U75,174,0.06,False,True
P,pm_bfs_U75,175,0.020000000000000018,False,True
P,pm_bfs_U75,175,0.020000000000000018,False,True
P,pm_bfs_U75,175,0.0,True,True
P,pm_bfs_U75,176,0.029999999999999916,False,True
P,pm_bfs_U75,176,0.010000000000000009,False,True
P,pm_bfs_U75,176,0.020000000000000018,False,True
P,pm_bfs_U75,177,0.010000000000000009,False,True
P,pm_bfs_U75,177,0.04999999999999999,False,True
P,pm_bfs_U75,177,0.04999999999999999,False,True
P,pm_bfs_U75,178,0.010000000000000009,False,True
P,pm_bfs_U75,178,0.07,False,True
P,pm_bfs_U75,178,0.06,False,True
P,pm_bfs_U75,179,0.030000000000000027,False,True
P,pm_bfs_U75,179,0.040000000000000036,False,True
P,pm_bfs_U75,179,0.040000000000000036,False,True
P,pm_bfs_U75,180,0.020000000000000018,False,True
P,pm_bfs_U75,180,0.010000000000000009,False,True
P,pm_bfs_U75,180,0.020000000000000018,False,True
P,pm_bfs_U75,181,0.030000000000000027,False,True
P,pm_bfs_U75,181,0.03999999999999998,False,True
P,pm_bfs_U75,181,0.010000000000000009,False,True
P,pm_bfs_U75,182,0.02999999999999997,False,True
P,pm_bfs_U75,182,0.020000000000000018,False,True
P,pm_bfs_U75,182,0.04999999999999999,False,True
P,pm_bfs_U75,183,0.02999999999999997,False,True
P,pm_bfs_U75,183,0.020000000000000018,False,True
P,pm_bfs_U75,183,0.020000000000000018,False,True
P,pm_bfs_U75,184,0.020000000000000018,False,True
P,pm_bfs_U75,184,0.03,False,True
P,pm_bfs_U75,184,0.010000000000000009,False,True
P,pm_bfs_U75,185,0.020000000000000018,False,True
P,pm_bfs_U75,185,0.020000000000000018,False,True
P,pm_bfs_U75,185,0.04000000000000001,False,True
P,pm_bfs_U75,186,0.020000000000000018,False,True
P,pm_bfs_U75,186,0.040000000000000036,False,True
P,pm_bfs_U75,186,0.030000000000000027,False,True
P,pm_bfs_U75,187,0.03999999999999998,False,True
P,pm_bfs_U75,187,0.020000000000000018,False,True
P,pm_bfs_U75,187,0.04999999999999999,False,True
P,pm_bfs_U75,188,0.020000000000000018,False,True
P,pm_bfs_U75,188,0.020000000000000018,False,True
P,pm_bfs_U75,188,0.030000000000000027,False,True
P,pm_bfs_U75,189,0.040000000000000036,False,True
P,pm_bfs_U75,189,0.020000000000000018,False,True
P,pm_bfs_U75,189,0.020000000000000018,False,True
P,pm_bfs_U75,190,0.020000000000000018,False,True
P,pm_bfs_U75,190,0.010000000000000009,False,True
P,pm_bfs_U75,190,0.020000000000000018,False,True
P,pm_bfs_U75,191,0.04999999999999999,False,True
P,pm_bfs_U75,191,0.02999999999999997,False,True
P,pm_bfs_U75,191,0.020000000000000018,False,True
P,pm_bfs_U75,192,0.010000000000000009,False,True
P,pm_bfs_U75,192,0.06,False,True
P,pm_bfs_U75,192,0.06,False,True
P,pm_bfs_U75,193,0.03999999999999998,False,True
P,pm_bfs_U75,193,0.08000000000000002,False,True
P,pm_bfs_U75,193,0.040000000000000036,False,True
P,pm_bfs_U75,194,0.04999999999999999,False,True
P,pm_bfs_U75,194,0.06,False,True
P,pm_bfs_U75,194,0.010000000000000009,False,True
P,pm_bfs_U75,195,0.010000000000000009,False,True
P,pm_bfs_U75,195,0.010000000000000009,False,True
P,pm_bfs_U75,195,0.0,True,True
P,pm_bfs_U75,196,0.02999999999999997,False,True
P,pm_bfs_U75,196,0.010000000000000009,False,True
P,pm_bfs_U75,196,0.020000000000000018,False,True
P,pm_bfs_U75,197,0.010000000000000009,False,True
P,pm_bfs_U75,197,0.03999999999999998,False,True
P,pm_bfs_U75,197,0.02999999999999997,False,True
P,pm_bfs_U75,198,0.02999999999999997,False,True
P,pm_bfs_U75,198,0.040000000000000036,False,True
P,pm_bfs_U75,198,0.07,False,True
P,pm_bfs_U75,199,0.020000000000000018,False,True
P,pm_bfs_U75,199,0.010000000000000009,False,True
P,pm_bfs_U75,199,0.030000000000000027,False,True
P,pm_bfs_U75,200,0.06,False,True
P,pm_bfs_U75,200,0.06999999999999995,False,True
P,pm_bfs_U75,200,0.010000000000000009,False,True
P,pm_bfs_U75,201,0.020000000000000018,False,True
P,pm_bfs_U75,201,0.030000000000000027,False,True
P,pm_bfs_U75,201,0.020000000000000018,False,True
P,pm_bfs_U75,202,0.030000000000000027,False,True
P,pm_bfs_U75,202,0.019999999999999962,False,True
P,pm_bfs_U75,202,0.04999999999999999,False,True
P,pm_bfs_U75,203,0.06999999999999995,False,True
P,pm_bfs_U75,203,0.010000000000000009,False,True
P,pm_bfs_U75,203,0.06,False,True
P,pm_bfs_U75,204,0.06,False,True
P,pm_bfs_U75,204,0.020000000000000018,False,True
P,pm_bfs_U75,204,0.08000000000000002,False,True
P,pm_bfs_U75,205,0.03,False,True
P,pm_bfs_U75,205,0.020000000000000018,False,True
P,pm_bfs_U75,205,0.04000000000000001,False,True
P,pm_bfs_U75,206,0.020000000000000004,False,True
P,pm_bfs_U75,206,0.010000000000000009,False,True
P,pm_bfs_U75,206,0.010000000000000009,False,True
P,pm_bfs_U75,207,0.019999999999999962,False,True
P,pm_bfs_U75,207,0.06999999999999995,False,True
P,pm_bfs_U75,207,0.04999999999999999,False,True
P,pm_bfs_U75,208,0.03999999999999998,False,True
P,pm_bfs_U75,208,0.040000000000000036,False,True
P,pm_bfs_U75,208,0.04999999999999999,False,True
P,pm_bfs_U75,209,0.03999999999999998,False,True
P,pm_bfs_U75,209,0.04999999999999999,False,True
P,pm_bfs_U75,209,0.030000000000000027,False,True
P,pm_bfs_U75,210,0.02999999999999997,False,True
P,pm_bfs_U75,210,0.020000000000000018,False,True
P,pm_bfs_U75,210,0.04999999999999999,False,True
P,pm_bfs_U75,211,0.06,False,True
P,pm_bfs_U75,211,0.030000000000000027,False,True
P,pm_bfs_U75,211,0.02999999999999997,False,True
P,pm_bfs_U75,212,0.040000000000000036,False,True
P,pm_bfs_U75,212,0.050000000000000044,False,True
P,pm_bfs_U75,212,0.020000000000000018,False,True
P,pm_bfs_U75,213,0.010000000000000009,False,True
P,pm_bfs_U75,213,0.06,False,True
P,pm_bfs_U75,213,0.04999999999999999,False,True
P,pm_bfs_U75,214,0.020000000000000018,False,True
P,pm_bfs_U75,214,0.020000000000000018,False,True
P,pm_bfs_U75,214,0.020000000000000018,False,True
P,pm_bfs_U75,215,0.010000000000000009,False,True
P,pm_bfs_U75,215,0.030000000000000027,False,True
P,pm_bfs_U75,215,0.020000000000000018,False,True
P,pm_bfs_U75,216,0.04999999999999999,False,True
P,pm_bfs_U75,216,0.050000000000000044,False,True
P,pm_bfs_U75,216,0.040000000000000036,False,True
P,pm_bfs_U75,217,0.020000000000000018,False,True
P,pm_bfs_U75,217,0.010000000000000009,False,True
P,pm_bfs_U75,217,0.020000000000000018,False,True
P,pm_bfs_U75,218,0.030000000000000027,False,True
P,pm_bfs_U75,218,0.06,False,True
P,pm_bfs_U75,218,0.030000000000000027,False,True
P,pm_bfs_U75,219,0.040000000000000036,False,True
P,pm_bfs_U75,219,0.040000000000000036,False,True
P,pm_bfs_U75,219,0.010000000000000009,False,True
P,pm_bfs_U75,220,0.020000000000000018,False,True
P,pm_bfs_U75,220,0.020000000000000018,False,True
P,pm_bfs_U75,220,0.040000000000000036,False,True
P,pm_bfs_U75,221,0.020000000000000018,False,True
P,pm_bfs_U75,221,0.020000000000000018,False,True
P,pm_bfs_U75,221,0.020000000000000018,False,True
P,pm_bfs_U75,222,0.010000000000000009,False,True
P,pm_bfs_U75,222,0.07,False,True
P,pm_bfs_U75,222,0.07,False,True
P,pm_bfs_U75,223,0.010000000000000009,False,True
P,pm_bfs_U75,223,0.010000000000000009,False,True
P,pm_bfs_U75,223,0.020000000000000018,False,True
P,pm_bfs_U75,224,0.010000000000000009,False,True
P,pm_bfs_U75,224,0.019999999999999907,False,True
P,pm_bfs_U75,224,0.019999999999999962,False,True
P,pm_bfs_U75,225,0.01999999999999999,False,True
P,pm_bfs_U75,225,0.04999999999999999,False,True
P,pm_bfs_U75,225,0.04999999999999999,False,True
P,pm_bfs_U75,226,0.020000000000000004,False,True
P,pm_bfs_U75,226,0.040000000000000036,False,True
P,pm_bfs_U75,226,0.030000000000000027,False,True
P,pm_bfs_U75,227,0.019999999999999962,False,True
P,pm_bfs_U75,227,0.04999999999999999,False,True
P,pm_bfs_U75,227,0.030000000000000027,False,True
P,pm_bfs_U75,228,0.03999999999999998,False,True
P,pm_bfs_U75,228,0.019999999999999962,False,True
P,pm_bfs_U75,228,0.020000000000000018,False,True
P,pm_bfs_U75,229,0.010000000000000009,False,True
P,pm_bfs_U75,229,0.010000000000000009,False,True
P,pm_bfs_U75,229,0.010000000000000009,False,True
P,pm_bfs_U75,230,0.019999999999999962,False,True
P,pm_bfs_U75,230,0.010000000000000009,False,True
P,pm_bfs_U75,230,0.02999999999999997,False,True
P,pm_bfs_U75,231,0.040000000000000036,False,True
P,pm_bfs_U75,231,0.020000000000000018,False,True
P,pm_bfs_U75,231,0.020000000000000018,False,True
P,pm_bfs_U75,232,0.02999999999999997,False,True
P,pm_bfs_U75,232,0.019999999999999907,False,True
P,pm_bfs_U75,232,0.029999999999999916,False,True
P,pm_bfs_U75,233,0.040000000000000036,False,True
P,pm_bfs_U75,233,0.04999999999999999,False,True
P,pm_bfs_U75,233,0.04000000000000001,False,True
P,pm_bfs_U75,234,0.020000000000000018,False,True
P,pm_bfs_U75,234,0.030000000000000027,False,True
P,pm_bfs_U75,234,0.010000000000000009,False,True
P,pm_bfs_U75,235,0.020000000000000018,False,True
P,pm_bfs_U75,235,0.02999999999999997,False,True
P,pm_bfs_U75,235,0.02999999999999997,False,True
P,pm_bfs_U75,236,0.020000000000000018,False,True
P,pm_bfs_U75,236,0.07,False,True
P,pm_bfs_U75,236,0.04999999999999999,False,True
P,pm_bfs_U75,237,0.019999999999999962,False,True
P,pm_bfs_U75,237,0.010000000000000009,False,True
P,pm_bfs_U75,237,0.010000000000000009,False,True
P,pm_bfs_U75,238,0.010000000000000009,False,True
P,pm_bfs_U75,238,0.0,True,True
P,pm_bfs_U75,238,0.010000000000000009,False,True
P,pm_bfs_U75,239,0.010000000000000009,False,True
P,pm_bfs_U75,239,0.020000000000000018,False,True
P,pm_bfs_U75,239,0.02999999999999997,False,True
P,pm_bfs_U75,240,0.02999999999999997,False,True
P,pm_bfs_U75,240,0.01999999999999999,False,True
P,pm_bfs_U75,240,0.03,False,True
P,pm_bfs_U75,241,0.06,False,True
P,pm_bfs_U75,241,0.040000000000000036,False,True
P,pm_bfs_U75,241,0.04999999999999999,False,True
P,pm_bfs_U75,242,0.02999999999999997,False,True
P,pm_bfs_U75,242,0.030000000000000027,False,True
P,pm_bfs_U75,242,0.06,False,True
P,pm_bfs_U75,243,0.04999999999999999,False,True
P,pm_bfs_U75,243,0.03999999999999998,False,True
P,pm_bfs_U75,243,0.010000000000000009,False,True
P,pm_bfs_U75,244,0.040000000000000036,False,True
P,pm_bfs_U75,244,0.029999999999999916,False,True
P,pm_bfs_U75,244,0.020000000000000018,False,True
P,pm_bfs_U75,245,0.020000000000000018,False,True
P,pm_bfs_U75,245,0.019999999999999962,False,True
P,pm_bfs_U75,245,0.02999999999999997,False,True
P,pm_bfs_U75,246,0.10999999999999999,False,True
P,pm_bfs_U75,246,0.06,False,True
P,pm_bfs_U75,246,0.04999999999999999,False,True
P,pm_bfs_U75,247,0.02999999999999997,False,True
P,pm_bfs_U75,247,0.040000000000000036,False,True
P,pm_bfs_U75,247,0.07,False,True
P,pm_bfs_U75,248,0.030000000000000027,False,True
P,pm_bfs_U75,248,0.010000000000000009,False,True
P,pm_bfs_U75,248,0.020000000000000018,False,True
P,pm_bfs_U75,249,0.019999999999999962,False,True
P,pm_bfs_U75,249,0.019999999999999907,False,True
P,pm_bfs_U75,249,0.02999999999999997,False,True
P,pm_bfs_U75,250,0.020000000000000018,False,True
P,pm_bfs_U75,250,0.020000000000000018,False,True
P,pm_bfs_U75,250,0.010000000000000009,False,True
P,pm_bfs_U75,251,0.03999999999999998,False,True
P,pm_bfs_U75,251,0.010000000000000009,False,True
P,pm_bfs_U75,251,0.030000000000000027,False,True
P,pm_bfs_U75,252,0.050000000000000044,False,True
P,pm_bfs_U75,252,0.03999999999999998,False,True
P,pm_bfs_U75,252,0.09000000000000002,False,True
P,pm_bfs_U75,253,0.07999999999999996,False,True
P,pm_bfs_U75,253,0.02999999999999997,False,True
P,pm_bfs_U75,253,0.04999999999999999,False,True
P,pm_bfs_U75,254,0.010000000000000009,False,True
P,pm_bfs_U75,254,0.03,False,True
P,pm_bfs_U75,254,0.01999999999999999,False,True
P,pm_bfs_U75,255,0.07,False,True
P,pm_bfs_U75,255,0.04999999999999999,False,True
P,pm_bfs_U75,255,0.020000000000000018,False,True
P,pm_bfs_U75,256,0.040000000000000036,False,True
P,pm_bfs_U75,256,0.010000000000000009,False,True
P,pm_bfs_U75,256,0.030000000000000027,False,True
P,pm_bfs_U75,257,0.040000000000000036,False,True
P,pm_bfs_U75,257,0.04999999999999999,False,True
P,pm_bfs_U75,257,0.03,False,True
P,pm_bfs_U75,258,0.020000000000000018,False,True
P,pm_bfs_U75,258,0.010000000000000009,False,True
P,pm_bfs_U75,258,0.010000000000000009,False,True
P,pm_bfs_U75,259,0.019999999999999962,False,True
P,pm_bfs_U75,259,0.0,True,True
P,pm_bfs_U75,259,0.019999999999999962,False,True
P,pm_bfs_U75,260,0.019999999999999962,False,True
P,pm_bfs_U75,260,0.04999999999999999,False,True
P,pm_bfs_U75,260,0.030000000000000027,False,True
P,pm_bfs_U75,261,0.05000000000000002,False,True
P,pm_bfs_U75,261,0.04000000000000001,False,True
P,pm_bfs_U75,261,0.040000000000000036,False,True
P,pm_bfs_U75,262,0.020000000000000018,False,True
P,pm_bfs_U75,262,0.04999999999999999,False,True
P,pm_bfs_U75,262,0.07,False,True
P,pm_bfs_U75,263,0.04999999999999999,False,True
P,pm_bfs_U75,263,0.020000000000000018,False,True
P,pm_bfs_U75,263,0.02999999999999997,False,True
P,pm_bfs_U75,264,0.029999999999999916,False,True
P,pm_bfs_U75,264,0.019999999999999962,False,True
P,pm_bfs_U75,264,0.020000000000000018,False,True
P,pm_bfs_U75,265,0.020000000000000018,False,True
P,pm_bfs_U75,265,0.020000000000000018,False,True
P,pm_bfs_U75,265,0.030000000000000027,False,True
P,pm_bfs_U75,266,0.020000000000000018,False,True
P,pm_bfs_U75,266,0.01999999999999999,False,True
P,pm_bfs_U75,266,0.030000000000000027,False,True
P,pm_bfs_U75,267,0.07,False,True
P,pm_bfs_U75,267,0.020000000000000018,False,True
P,pm_bfs_U75,267,0.06,False,True
P,pm_bfs_U75,268,0.019999999999999907,False,True
P,pm_bfs_U75,268,0.04999999999999999,False,True
P,pm_bfs_U75,268,0.03999999999999998,False,True
P,pm_bfs_U75,269,0.03999999999999998,False,True
P,pm_bfs_U75,269,0.02999999999999997,False,True
P,pm_bfs_U75,269,0.01999999999999999,False,True
P,pm_bfs_U75,270,0.04999999999999999,False,True
P,pm_bfs_U75,270,0.02999999999999997,False,True
P,pm_bfs_U75,270,0.020000000000000018,False,True
P,pm_bfs_U75,271,0.020000000000000018,False,True
P,pm_bfs_U75,271,0.030000000000000027,False,True
P,pm_bfs_U75,271,0.030000000000000027,False,True
P,pm_bfs_U75,272,0.009999999999999953,False,True
P,pm_bfs_U75,272,0.04999999999999999,False,True
P,pm_bfs_U75,272,0.040000000000000036,False,True
P,pm_bfs_U75,273,0.0,True,True
P,pm_bfs_U75,273,0.06,False,True
P,pm_bfs_U75,273,0.06,False,True
P,pm_bfs_U75,274,0.020000000000000018,False,True
P,pm_bfs_U75,274,0.030000000000000027,False,True
P,pm_bfs_U75,274,0.030000000000000027,False,True
P,pm_bfs_U75,275,0.019999999999999962,False,True
P,pm_bfs_U75,275,0.02999999999999997,False,True
P,pm_bfs_U75,275,0.019999999999999962,False,True
P,pm_bfs_U75,276,0.02999999999999997,False,True
P,pm_bfs_U75,276,0.03999999999999998,False,True
P,pm_bfs_U75,276,0.010000000000000009,False,True
P,pm_bfs_U75,277,0.030000000000000027,False,True
P,pm_bfs_U75,277,0.009999999999999995,False,True
P,pm_bfs_U75,277,0.030000000000000027,False,True
P,pm_bfs_U75,278,0.010000000000000009,False,True
P,pm_bfs_U75,278,0.020000000000000018,False,True
P,pm_bfs_U75,278,0.010000000000000009,False,True
P,pm_bfs_U75,279,0.04999999999999999,False,True
P,pm_bfs_U75,279,0.07,False,True
P,pm_bfs_U75,279,0.020000000000000018,False,True
P,pm_bfs_U75,280,0.020000000000000018,False,True
P,pm_bfs_U75,280,0.030000000000000027,False,True
P,pm_bfs_U75,280,0.040000000000000036,False,True
P,pm_bfs_U75,281,0.019999999999999962,False,True
P,pm_bfs_U75,281,0.04999999999999999,False,True
P,pm_bfs_U75,281,0.030000000000000027,False,True
P,pm_bfs_U75,282,0.010000000000000009,False,True
P,pm_bfs_U75,282,0.020000000000000018,False,True
P,pm_bfs_U75,282,0.020000000000000018,False,True
P,pm_bfs_U75,283,0.04999999999999999,False,True
P,pm_bfs_U75,283,0.02999999999999997,False,True
P,pm_bfs_U75,283,0.04999999999999999,False,True
P,pm_bfs_U75,284,0.020000000000000018,False,True
P,pm_bfs_U75,284,0.020000000000000018,False,True
P,pm_bfs_U75,284,0.010000000000000009,False,True
P,pm_bfs_U75,285,0.02999999999999997,False,True
P,pm_bfs_U75,285,0.02999999999999997,False,True
P,pm_bfs_U75,285,0.010000000000000009,False,True
P,pm_bfs_U75,286,0.03999999999999998,False,True
P,pm_bfs_U75,286,0.020000000000000018,False,True
P,pm_bfs_U75,286,0.029999999999999916,False,True
P,pm_bfs_U75,287,0.010000000000000009,False,True
P,pm_bfs_U75,287,0.010000000000000009,False,True
P,pm_bfs_U75,287,0.019999999999999962,False,True
P,pm_bfs_U75,288,0.029999999999999916,False,True
P,pm_bfs_U75,288,0.020000000000000018,False,True
P,pm_bfs_U75,288,0.020000000000000018,False,True
P,pm_bfs_U75,289,0.020000000000000018,False,True
P,pm_bfs_U75,289,0.020000000000000018,False,True
P,pm_bfs_U75,289,0.040000000000000036,False,True
P,pm_bfs_U75,290,0.03999999999999998,False,True
P,pm_bfs_U75,290,0.020000000000000018,False,True
P,pm_bfs_U75,290,0.06,False,True
P,pm_bfs_U75,291,0.020000000000000018,False,True
P,pm_bfs_U75,291,0.06,False,True
P,pm_bfs_U75,291,0.03999999999999998,False,True
P,pm_bfs_U75,292,0.03999999999999998,False,True
P,pm_bfs_U75,292,0.06,False,True
P,pm_bfs_U75,292,0.020000000000000018,False,True
P,pm_bfs_U75,293,0.040000000000000036,False,True
P,pm_bfs_U75,293,0.040000000000000036,False,True
P,pm_bfs_U75,293,0.010000000000000009,False,True
P,pm_bfs_U75,294,0.020000000000000018,False,True
P,pm_bfs_U75,294,0.030000000000000027,False,True
P,pm_bfs_U75,294,0.04999999999999999,False,True
P,pm_bfs_U75,295,0.010000000000000009,False,True
P,pm_bfs_U75,295,0.01999999999999999,False,True
P,pm_bfs_U75,295,0.010000000000000009,False,True
P,pm_bfs_U75,296,0.02999999999999997,False,True
P,pm_bfs_U75,296,0.019999999999999962,False,True
P,pm_bfs_U75,296,0.010000000000000009,False,True
P,pm_bfs_U75,297,0.08999999999999997,False,True
P,pm_bfs_U75,297,0.009999999999999953,False,True
P,pm_bfs_U75,297,0.08000000000000002,False,True
P,pm_bfs_U75,298,0.03,False,True
P,pm_bfs_U75,298,0.08999999999999997,False,True
P,pm_bfs_U75,298,0.08999999999999997,False,True
P,pm_bfs_U75,299,0.010000000000000009,False,True
P,pm_bfs_U75,299,0.010000000000000009,False,True
P,pm_bfs_U75,299,0.010000000000000009,False,True
P,pm_bfs_U75,300,0.040000000000000036,False,True
P,pm_bfs_U75,300,0.030000000000000027,False,True
P,pm_bfs_U75,300,0.010000000000000009,False,True
P,pm_bfs_U75,301,0.04999999999999999,False,True
P,pm_bfs_U75,301,0.010000000000000009,False,True
P,pm_bfs_U75,301,0.03999999999999998,False,True
P,pm_bfs_U75,302,0.06,False,True
P,pm_bfs_U75,302,0.06999999999999995,False,True
P,pm_bfs_U75,302,0.010000000000000009,False,True
P,pm_bfs_U75,303,0.08000000000000002,False,True
P,pm_bfs_U75,303,0.020000000000000018,False,True
P,pm_bfs_U75,303,0.06,False,True
P,pm_bfs_U75,304,0.020000000000000004,False,True
P,pm_bfs_U75,304,0.010000000000000009,False,True
P,pm_bfs_U75,304,0.010000000000000009,False,True
P,pm_bfs_U75,305,0.02999999999999997,False,True
P,pm_bfs_U75,305,0.06,False,True
P,pm_bfs_U75,305,0.030000000000000027,False,True
P,pm_bfs_U75,306,0.02999999999999997,False,True
P,pm_bfs_U75,306,0.03999999999999998,False,True
P,pm_bfs_U75,306,0.010000000000000009,False,True
P,pm_bfs_U75,307,0.010000000000000009,False,True
P,pm_bfs_U75,307,0.040000000000000036,False,True
P,pm_bfs_U75,307,0.050000000000000044,False,True
P,pm_bfs_U75,308,0.009999999999999898,False,True
P,pm_bfs_U75,308,0.039999999999999925,False,True
P,pm_bfs_U75,308,0.030000000000000027,False,True
P,pm_bfs_U75,309,0.09999999999999998,False,True
P,pm_bfs_U75,309,0.06999999999999995,False,True
P,pm_bfs_U75,309,0.04999999999999999,False,True
P,pm_bfs_U75,310,0.07,False,True
P,pm_bfs_U75,310,0.010000000000000009,False,True
P,pm_bfs_U75,310,0.06,False,True
P,pm_bfs_U75,311,0.010000000000000009,False,True
P,pm_bfs_U75,311,0.04999999999999999,False,True
P,pm_bfs_U75,311,0.06,False,True
P,pm_bfs_U75,312,0.040000000000000036,False,True
P,pm_bfs_U75,312,0.06,False,True
P,pm_bfs_U75,312,0.02999999999999997,False,True
P,pm_bfs_U75,313,0.010000000000000009,False,True
P,pm_bfs_U75,313,0.019999999999999907,False,True
P,pm_bfs_U75,313,0.010000000000000002,False,True
P,pm_bfs_U75,314,0.03999999999999998,False,True
P,pm_bfs_U75,314,0.09000000000000002,False,True
P,pm_bfs_U75,314,0.10999999999999999,False,True
P,pm_bfs_U75,315,0.04999999999999999,False,True
P,pm_bfs_U75,315,0.020000000000000018,False,True
P,pm_bfs_U75,315,0.06,False,True
P,pm_bfs_U75,316,0.040000000000000036,False,True
P,pm_bfs_U75,316,0.020000000000000018,False,True
P,pm_bfs_U75,316,0.020000000000000018,False,True
P,pm_bfs_U75,317,0.040000000000000036,False,True
P,pm_bfs_U75,317,0.04999999999999999,False,True
P,pm_bfs_U75,317,0.010000000000000009,False,True
P,pm_bfs_U75,318,0.06,False,True
P,pm_bfs_U75,318,0.07,False,True
P,pm_bfs_U75,318,0.010000000000000009,False,True
P,pm_bfs_U75,319,0.019999999999999962,False,True
P,pm_bfs_U75,319,0.04999999999999999,False,True
P,pm_bfs_U75,319,0.030000000000000027,False,True
P,pm_bfs_U75,320,0.030000000000000027,False,True
P,pm_bfs_U75,320,0.020000000000000018,False,True
P,pm_bfs_U75,320,0.020000000000000018,False,True
P,pm_bfs_U75,321,0.020000000000000018,False,True
P,pm_bfs_U75,321,0.020000000000000018,False,True
P,pm_bfs_U75,321,0.010000000000000009,False,True
P,pm_bfs_U75,322,0.020000000000000018,False,True
P,pm_bfs_U75,322,0.020000000000000018,False,True
P,pm_bfs_U75,322,0.020000000000000018,False,True
P,pm_bfs_U75,323,0.03999999999999998,False,True
P,pm_bfs_U75,323,0.04999999999999999,False,True
P,pm_bfs_U75,323,0.08999999999999997,False,True
P,pm_bfs_U75,324,0.03999999999999998,False,True
P,pm_bfs_U75,324,0.03999999999999998,False,True
P,pm_bfs_U75,324,0.03999999999999998,False,True
P,pm_bfs_U75,325,0.06,False,True
P,pm_bfs_U75,325,0.010000000000000009,False,True
P,pm_bfs_U75,325,0.06,False,True
P,pm_bfs_U75,326,0.020000000000000018,False,True
P,pm_bfs_U75,326,0.07,False,True
P,pm_bfs_U75,326,0.04999999999999999,False,True
P,pm_bfs_U75,327,0.010000000000000009,False,True
P,pm_bfs_U75,327,0.06,False,True
P,pm_bfs_U75,327,0.04999999999999999,False,True
P,pm_bfs_U75,328,0.03999999999999998,False,True
P,pm_bfs_U75,328,0.010000000000000009,False,True
P,pm_bfs_U75,328,0.03999999999999998,False,True
P,pm_bfs_U75,329,0.020000000000000018,False,True
P,pm_bfs_U75,329,0.04999999999999999,False,True
P,pm_bfs_U75,329,0.02999999999999997,False,True
P,pm_bfs_U75,330,0.010000000000000009,False,True
P,pm_bfs_U75,330,0.02999999999999997,False,True
P,pm_bfs_U75,330,0.02999999999999997,False,True
P,pm_bfs_U75,331,0.029999999999999916,False,True
P,pm_bfs_U75,331,0.010000000000000009,False,True
P,pm_bfs_U75,331,0.019999999999999907,False,True
P,pm_bfs_U75,332,0.03,False,True
P,pm_bfs_U75,332,0.01999999999999999,False,True
P,pm_bfs_U75,332,0.019999999999999962,False,True
P,pm_bfs_U75,333,0.02999999999999997,False,True
P,pm_bfs_U75,333,0.010000000000000009,False,True
P,pm_bfs_U75,333,0.02999999999999997,False,True
P,pm_bfs_U75,334,0.04999999999999999,False,True
P,pm_bfs_U75,334,0.06,False,True
P,pm_bfs_U75,334,0.010000000000000009,False,True
P,pm_bfs_U75,335,0.02999999999999997,False,True
P,pm_bfs_U75,335,0.02999999999999997,False,True
P,pm_bfs_U75,335,0.010000000000000009,False,True
P,pm_bfs_U75,336,0.030000000000000027,False,True
P,pm_bfs_U75,336,0.020000000000000018,False,True
P,pm_bfs_U75,336,0.030000000000000027,False,True
P,pm_bfs_U75,337,0.04999999999999999,False,True
P,pm_bfs_U75,337,0.039999999999999925,False,True
P,pm_bfs_U75,337,0.019999999999999962,False,True
P,pm_bfs_U75,338,0.04999999999999999,False,True
P,pm_bfs_U75,338,0.019999999999999962,False,True
P,pm_bfs_U75,338,0.030000000000000027,False,True
P,pm_bfs_U75,339,0.02999999999999997,False,True
P,pm_bfs_U75,339,0.02999999999999997,False,True
P,pm_bfs_U75,339,0.010000000000000009,False,True
P,pm_bfs_U75,340,0.010000000000000009,False,True
P,pm_bfs_U75,340,0.020000000000000018,False,True
P,pm_bfs_U75,340,0.010000000000000009,False,True
P,pm_bfs_U75,341,0.019999999999999962,False,True
P,pm_bfs_U75,341,0.03999999999999998,False,True
P,pm_bfs_U75,341,0.02999999999999997,False,True
P,pm_bfs_U75,342,0.06000000000000005,False,True
P,pm_bfs_U75,342,0.010000000000000009,False,True
P,pm_bfs_U75,342,0.06000000000000005,False,True
P,pm_bfs_U75,343,0.06,False,True
P,pm_bfs_U75,343,0.06,False,True
P,pm_bfs_U75,343,0.03999999999999998,False,True
P,pm_bfs_U75,344,0.030000000000000027,False,True
P,pm_bfs_U75,344,0.030000000000000027,False,True
P,pm_bfs_U75,344,0.010000000000000009,False,True
P,pm_bfs_U75,345,0.07,False,True
P,pm_bfs_U75,345,0.010000000000000009,False,True
P,pm_bfs_U75,345,0.08000000000000002,False,True
P,pm_bfs_U75,346,0.010000000000000009,False,True
P,pm_bfs_U75,346,0.06,False,True
P,pm_bfs_U75,346,0.050000000000000044,False,True
P,pm_bfs_U75,347,0.07,False,True
P,pm_bfs_U75,347,0.06,False,True
P,pm_bfs_U75,347,0.010000000000000009,False,True
P,pm_bfs_U75,348,0.020000000000000018,False,True
P,pm_bfs_U75,348,0.03999999999999998,False,True
P,pm_bfs_U75,348,0.02999999999999997,False,True
P,pm_bfs_U75,349,0.020000000000000018,False,True
P,pm_bfs_U75,349,0.06,False,True
P,pm_bfs_U75,349,0.08000000000000002,False,True
P,pm_bfs_U75,350,0.03999999999999998,False,True
P,pm_bfs_U75,350,0.06,False,True
P,pm_bfs_U75,350,0.020000000000000018,False,True
P,pm_bfs_U75,351,0.010000000000000009,False,True
P,pm_bfs_U75,351,0.010000000000000009,False,True
P,pm_bfs_U75,351,0.010000000000000009,False,True
P,pm_bfs_U75,352,0.030000000000000027,False,True
P,pm_bfs_U75,352,0.010000000000000009,False,True
P,pm_bfs_U75,352,0.020000000000000018,False,True
P,pm_bfs_U75,353,0.020000000000000018,False,True
P,pm_bfs_U75,353,0.040000000000000036,False,True
P,pm_bfs_U75,353,0.020000000000000018,False,True
P,pm_bfs_U75,354,0.04999999999999999,False,True
P,pm_bfs_U75,354,0.02999999999999997,False,True
P,pm_bfs_U75,354,0.020000000000000018,False,True
P,pm_bfs_U75,355,0.03999999999999998,False,True
P,pm_bfs_U75,355,0.020000000000000018,False,True
P,pm_bfs_U75,355,0.04999999999999999,False,True
P,pm_bfs_U75,356,0.04999999999999999,False,True
P,pm_bfs_U75,356,0.01999999999999999,False,True
P,pm_bfs_U75,356,0.03,False,True
P,pm_bfs_U75,357,0.03,False,True
P,pm_bfs_U75,357,0.010000000000000009,False,True
P,pm_bfs_U75,357,0.03,False,True
P,pm_bfs_U75,358,0.02999999999999997,False,True
P,pm_bfs_U75,358,0.04999999999999999,False,True
P,pm_bfs_U75,358,0.020000000000000018,False,True
P,pm_bfs_U75,359,0.02999999999999997,False,True
P,pm_bfs_U75,359,0.02999999999999997,False,True
P,pm_bfs_U75,359,0.010000000000000009,False,True
P,pm_bfs_U75,360,0.040000000000000036,False,True
P,pm_bfs_U75,360,0.010000000000000009,False,True
P,pm_bfs_U75,360,0.050000000000000044,False,True
P,pm_bfs_U75,361,0.03,False,True
P,pm_bfs_U75,361,0.010000000000000009,False,True
P,pm_bfs_U75,361,0.03,False,True
P,pm_bfs_U75,362,0.010000000000000009,False,True
P,pm_bfs_U75,362,0.050000000000000044,False,True
P,pm_bfs_U75,362,0.050000000000000044,False,True
P,pm_bfs_U75,363,0.040000000000000036,False,True
P,pm_bfs_U75,363,0.009999999999999898,False,True
P,pm_bfs_U75,363,0.04999999999999993,False,True
P,pm_bfs_U75,364,0.020000000000000018,False,True
P,pm_bfs_U75,364,0.030000000000000027,False,True
P,pm_bfs_U75,364,0.010000000000000009,False,True
P,pm_bfs_U75,365,0.040000000000000036,False,True
P,pm_bfs_U75,365,0.050000000000000044,False,True
P,pm_bfs_U75,365,0.010000000000000009,False,True
P,pm_bfs_U75,366,0.010000000000000009,False,True
P,pm_bfs_U75,366,0.010000000000000002,False,True
P,pm_bfs_U75,366,0.010000000000000009,False,True
P,pm_bfs_U75,367,0.02999999999999997,False,True
P,pm_bfs_U75,367,0.02999999999999997,False,True
P,pm_bfs_U75,367,0.020000000000000018,False,True
P,pm_bfs_U75,368,0.020000000000000018,False,True
P,pm_bfs_U75,368,0.08000000000000002,False,True
P,pm_bfs_U75,368,0.06,False,True
P,pm_bfs_U75,369,0.08000000000000002,False,True
P,pm_bfs_U75,369,0.010000000000000009,False,True
P,pm_bfs_U75,369,0.07,False,True
P,pm_bfs_U75,370,0.040000000000000036,False,True
P,pm_bfs_U75,370,0.0,True,True
P,pm_bfs_U75,370,0.040000000000000036,False,True
P,pm_bfs_U75,371,0.0,True,True
P,pm_bfs_U75,371,0.010000000000000009,False,True
P,pm_bfs_U75,371,0.010000000000000009,False,True
P,pm_bfs_U75,372,0.030000000000000027,False,True
P,pm_bfs_U75,372,0.050000000000000044,False,True
P,pm_bfs_U75,372,0.020000000000000018,False,True
P,pm_bfs_U75,373,0.010000000000000009,False,True
P,pm_bfs_U75,373,0.01999999999999999,False,True
P,pm_bfs_U75,373,0.03,False,True
P,pm_bfs_U75,374,0.03999999999999998,False,True
P,pm_bfs_U75,374,0.020000000000000018,False,True
P,pm_bfs_U75,374,0.020000000000000018,False,True
P,pm_bfs_U75,375,0.020000000000000018,False,True
P,pm_bfs_U75,375,0.02999999999999997,False,True
P,pm_bfs_U75,375,0.020000000000000018,False,True
P,pm_bfs_U75,376,0.019999999999999907,False,True
P,pm_bfs_U75,376,0.010000000000000009,False,True
P,pm_bfs_U75,376,0.019999999999999907,False,True
P,pm_bfs_U75,377,0.02999999999999997,False,True
P,pm_bfs_U75,377,0.020000000000000018,False,True
P,pm_bfs_U75,377,0.04999999999999999,False,True
P,pm_bfs_U75,378,0.03999999999999998,False,True
P,pm_bfs_U75,378,0.03999999999999998,False,True
P,pm_bfs_U75,378,0.009999999999999953,False,True
P,pm_bfs_U75,379,0.010000000000000009,False,True
P,pm_bfs_U75,379,0.020000000000000018,False,True
P,pm_bfs_U75,379,0.010000000000000009,False,True
P,pm_bfs_U75,380,0.019999999999999962,False,True
P,pm_bfs_U75,380,0.03999999999999998,False,True
P,pm_bfs_U75,380,0.02999999999999997,False,True
P,pm_bfs_U75,381,0.020000000000000018,False,True
P,pm_bfs_U75,381,0.010000000000000009,False,True
P,pm_bfs_U75,381,0.030000000000000027,False,True
P,pm_bfs_U75,382,0.06,False,True
P,pm_bfs_U75,382,0.050000000000000044,False,True
P,pm_bfs_U75,382,0.01999999999999999,False,True
P,pm_bfs_U75,383,0.06,False,True
P,pm_bfs_U75,383,0.009999999999999898,False,True
P,pm_bfs_U75,383,0.06,False,True
P,pm_bfs_U75,384,0.010000000000000009,False,True
P,pm_bfs_U75,384,0.02999999999999997,False,True
P,pm_bfs_U75,384,0.02999999999999997,False,True
P,pm_bfs_U75,385,0.02999999999999997,False,True
P,pm_bfs_U75,385,0.03,False,True
P,pm_bfs_U75,385,0.04999999999999999,False,True
P,pm_bfs_U75,386,0.010000000000000009,False,True
P,pm_bfs_U75,386,0.040000000000000036,False,True
P,pm_bfs_U75,386,0.040000000000000036,False,True
P,pm_bfs_U75,387,0.030000000000000027,False,True
P,pm_bfs_U75,387,0.020000000000000018,False,True
P,pm_bfs_U75,387,0.040000000000000036,False,True
P,pm_bfs_U75,388,0.020000000000000004,False,True
P,pm_bfs_U75,388,0.010000000000000009,False,True
P,pm_bfs_U75,388,0.020000000000000018,False,True
P,pm_bfs_U75,389,0.029999999999999916,False,True
P,pm_bfs_U75,389,0.020000000000000018,False,True
P,pm_bfs_U75,389,0.009999999999999953,False,True
P,pm_bfs_U75,390,0.020000000000000018,False,True
P,pm_bfs_U75,390,0.010000000000000009,False,True
P,pm_bfs_U75,390,0.03,False,True
P,pm_bfs_U75,391,0.030000000000000027,False,True
P,pm_bfs_U75,391,0.06,False,True
P,pm_bfs_U75,391,0.09000000000000002,False,True
P,pm_bfs_U75,392,0.04999999999999999,False,True
P,pm_bfs_U75,392,0.030000000000000027,False,True
P,pm_bfs_U75,392,0.019999999999999962,False,True
P,pm_bfs_U75,393,0.010000000000000009,False,True
P,pm_bfs_U75,393,0.03999999999999998,False,True
P,pm_bfs_U75,393,0.04999999999999999,False,True
P,pm_bfs_U75,394,0.010000000000000009,False,True
P,pm_bfs_U75,394,0.009999999999999995,False,True
P,pm_bfs_U75,394,0.010000000000000009,False,True
P,pm_bfs_U75,395,0.020000000000000018,False,True
P,pm_bfs_U75,395,0.010000000000000009,False,True
P,pm_bfs_U75,395,0.030000000000000027,False,True
P,pm_bfs_U75,396,0.020000000000000018,False,True
P,pm_bfs_U75,396,0.04999999999999999,False,True
P,pm_bfs_U75,396,0.03999999999999998,False,True
P,pm_bfs_U75,397,0.03999999999999998,False,True
P,pm_bfs_U75,397,0.02999999999999997,False,True
P,pm_bfs_U75,397,0.06999999999999995,False,True
P,pm_bfs_U75,398,0.07,False,True
P,pm_bfs_U75,398,0.06,False,True
P,pm_bfs_U75,398,0.010000000000000009,False,True
P,pm_bfs_U75,399,0.039999999999999925,False,True
P,pm_bfs_U75,399,0.010000000000000009,False,True
P,pm_bfs_U75,399,0.039999999999999925,False,True
E,cavity_Re100,0,0.020000000000000018,False,True
E,cavity_Re100,0,0.010000000000000009,False,True
E,cavity_Re100,0,0.030000000000000027,False,True
E,cavity_Re100,1,0.019999999999999962,False,True
E,cavity_Re100,1,0.03999999999999998,False,True
E,cavity_Re100,1,0.03999999999999998,False,True
E,cavity_Re100,2,0.04999999999999999,False,True
E,cavity_Re100,2,0.08000000000000002,False,True
E,cavity_Re100,2,0.030000000000000027,False,True
E,cavity_Re100,3,0.02999999999999997,False,True
E,cavity_Re100,3,0.020000000000000018,False,True
E,cavity_Re100,3,0.010000000000000009,False,True
E,cavity_Re100,4,0.010000000000000009,False,True
E,cavity_Re100,4,0.03,False,True
E,cavity_Re100,4,0.020000000000000018,False,True
E,cavity_Re100,5,0.030000000000000027,False,True
E,cavity_Re100,5,0.030000000000000027,False,True
E,cavity_Re100,5,0.030000000000000027,False,True
E,cavity_Re100,6,0.01999999999999999,False,True
E,cavity_Re100,6,0.01999999999999999,False,True
E,cavity_Re100,6,0.010000000000000009,False,True
E,cavity_Re100,7,0.03999999999999998,False,True
E,cavity_Re100,7,0.030000000000000027,False,True
E,cavity_Re100,7,0.030000000000000027,False,True
E,cavity_Re100,8,0.010000000000000009,False,True
E,cavity_Re100,8,0.05000000000000002,False,True
E,cavity_Re100,8,0.05000000000000002,False,True
E,cavity_Re100,9,0.07000000000000006,False,True
E,cavity_Re100,9,0.02999999999999997,False,True
E,cavity_Re100,9,0.050000000000000044,False,True
E,cavity_Re100,10,0.030000000000000027,False,True
E,cavity_Re100,10,0.040000000000000036,False,False
E,cavity_Re100,10,0.04000000000000001,False,False
E,cavity_Re100,11,0.020000000000000018,False,True
E,cavity_Re100,12,0.030000000000000027,False,True
E,cavity_Re100,13,0.07000000000000006,False,True
E,cavity_Re100,14,0.040000000000000036,False,True
E,cavity_Re100,15,0.020000000000000018,False,True
E,cavity_Re100,16,0.03,False,True
E,cavity_Re100,17,0.08000000000000007,False,True
E,cavity_Re100,18,0.030000000000000027,False,True
E,cavity_Re100,19,0.06000000000000005,False,True
E,cavity_Re100,20,0.03999999999999998,False,True
E,cavity_Re100,21,0.02999999999999997,False,True
E,cavity_Re100,22,0.07,False,True
E,cavity_Re100,23,0.0,True,True
E,cavity_Re100,24,0.04999999999999999,False,True
E,cavity_Re100,25,0.020000000000000018,False,True
E,cavity_Re100,26,0.019999999999999962,False,True
E,cavity_Re100,27,0.03,False,True
E,cavity_Re100,28,0.02999999999999997,False,True
E,cavity_Re100,29,0.03,False,True
E,cavity_Re100,30,0.020000000000000018,False,True
E,cavity_Re100,31,0.01999999999999999,False,True
E,cavity_Re100,32,0.01999999999999999,False,True
E,cavity_Re100,33,0.020000000000000018,False,True
E,cavity_Re100,34,0.030000000000000027,False,True
E,cavity_Re100,35,0.03999999999999998,False,True
E,cavity_Re100,36,0.010000000000000009,False,True
E,cavity_Re100,37,0.010000000000000009,False,True
E,cavity_Re100,38,0.010000000000000009,False,True
E,cavity_Re100,39,0.040000000000000036,False,True
E,cavity_Re100,40,0.020000000000000018,False,True
E,cavity_Re100,41,0.01999999999999999,False,True
E,cavity_Re100,42,0.020000000000000018,False,True
E,cavity_Re100,43,0.04999999999999999,False,True
E,cavity_Re100,44,0.030000000000000027,False,True
E,cavity_Re100,45,0.03999999999999998,False,True
E,cavity_Re100,46,0.01999999999999999,False,True
E,cavity_Re100,47,0.010000000000000009,False,True
E,cavity_Re100,48,0.010000000000000009,False,True
E,cavity_Re100,49,0.06,False,True
E,cavity_Re100,50,0.010000000000000009,False,True
E,cavity_Re100,51,0.07,False,True
E,cavity_Re100,52,0.03,False,True
E,cavity_Re100,53,0.010000000000000009,False,True
E,cavity_Re100,54,0.019999999999999962,False,True
E,cavity_Re100,55,0.040000000000000036,False,True
E,cavity_Re100,56,0.030000000000000027,False,True
E,cavity_Re100,57,0.010000000000000009,False,True
E,cavity_Re100,58,0.02999999999999997,False,True
E,cavity_Re100,59,0.010000000000000009,False,True
E,cavity_Re100,60,0.03999999999999998,False,True
E,cavity_Re100,61,0.009999999999999998,False,True
E,cavity_Re100,62,0.010000000000000009,False,True
E,cavity_Re100,63,0.02999999999999997,False,True
E,cavity_Re100,64,0.03999999999999998,False,True
E,cavity_Re100,65,0.04999999999999999,False,True
E,cavity_Re100,66,0.03999999999999998,False,True
E,cavity_Re100,67,0.010000000000000009,False,True
E,cavity_Re100,68,0.040000000000000036,False,True
E,cavity_Re100,69,0.009999999999999998,False,True
E,cavity_Re100,70,0.010000000000000009,False,True
E,cavity_Re1000,0,0.030000000000000027,False,True
E,cavity_Re1000,0,0.03,False,False
E,cavity_Re1000,0,0.040000000000000036,False,False
E,cavity_Re1000,1,0.02999999999999997,False,True
E,cavity_Re1000,2,0.03999999999999998,False,True
E,cavity_Re1000,3,0.03,False,True
E,cavity_Re1000,4,0.020000000000000018,False,True
E,cavity_Re1000,5,0.030000000000000027,False,True
E,cavity_Re1000,6,0.010000000000000009,False,True
E,cavity_Re1000,7,0.020000000000000018,False,True
E,cavity_Re1000,8,0.050000000000000044,False,False
E,cavity_Re250,0,0.01999999999999999,False,True
E,cavity_Re250,0,0.010000000000000009,False,True
E,cavity_Re250,0,0.010000000000000009,False,True
E,cavity_Re250,1,0.030000000000000027,False,True
E,cavity_Re250,1,0.010000000000000009,False,True
E,cavity_Re250,1,0.030000000000000027,False,True
E,cavity_Re250,2,0.03999999999999998,False,True
E,cavity_Re250,2,0.020000000000000018,False,True
E,cavity_Re250,2,0.020000000000000018,False,True
E,cavity_Re250,3,0.039999999999999925,False,True
E,cavity_Re250,3,0.020000000000000018,False,True
E,cavity_Re250,3,0.01999999999999999,False,True
E,cavity_Re250,4,0.030000000000000027,False,True
E,cavity_Re250,4,0.020000000000000018,False,True
E,cavity_Re250,4,0.040000000000000036,False,True
E,cavity_Re250,5,0.06999999999999995,False,False
E,cavity_Re250,5,0.040000000000000036,False,False
E,cavity_Re250,5,0.039999999999999925,False,True
E,cavity_Re250,6,0.030000000000000027,False,False
E,cavity_Re400,0,0.010000000000000009,False,True
E,cavity_Re400,0,0.030000000000000027,False,True
E,cavity_Re400,0,0.020000000000000018,False,True
E,cavity_Re400,1,0.04999999999999999,False,True
E,cavity_Re400,1,0.03999999999999998,False,True
E,cavity_Re400,1,0.040000000000000036,False,True
E,cavity_Re400,2,0.010000000000000009,False,True
E,cavity_Re400,2,0.019999999999999962,False,True
E,cavity_Re400,2,0.02999999999999997,False,True
E,cavity_Re400,3,0.05000000000000002,False,True
E,cavity_Re400,3,0.04000000000000001,False,True
E,cavity_Re400,3,0.03,False,True
E,cavity_Re400,4,0.020000000000000018,False,True
E,cavity_Re400,4,0.01999999999999999,False,True
E,cavity_Re400,4,0.01999999999999999,False,True
E,cavity_Re400,5,0.06000000000000005,False,False
E,cavity_Re400,5,0.020000000000000018,False,True
E,cavity_Re400,5,0.040000000000000036,False,False
E,cavity_Re400,6,0.030000000000000027,False,True
E,cavity_Re400,7,0.019999999999999962,False,True
E,cavity_Re400,8,0.020000000000000018,False,True
E,cavity_Re400,9,0.010000000000000009,False,True
E,cavity_Re400,10,0.010000000000000009,False,True
E,cavity_Re400,11,0.010000000000000009,False,True
E,cavity_Re400,12,0.010000000000000009,False,True
E,cavity_Re400,13,0.03,False,True
E,cavity_Re400,14,0.01999999999999999,False,True
E,cavity_Re400,15,0.01999999999999999,False,True
E,cavity_Re400,16,0.030000000000000027,False,True
E,cavity_Re400,17,0.04999999999999999,False,True
E,cavity_Re400,18,0.03999999999999998,False,True
E,cavity_Re400,19,0.050000000000000044,False,True
E,cavity_Re400,20,0.010000000000000009,False,True
E,cavity_Re400,21,0.010000000000000009,False,True
E,cavity_Re400,22,0.010000000000000009,False,True
E,cavity_Re400,23,0.009999999999999995,False,True
E,cavity_Re400,24,0.02999999999999997,False,True
E,cavity_Re400,25,0.02999999999999997,False,True
E,cavity_Re400,26,0.010000000000000009,False,True
E,cavity_Re400,27,0.020000000000000018,False,True
E,cavity_Re400,28,0.020000000000000018,False,True
E,cavity_Re400,29,0.010000000000000009,False,True
E,cavity_Re400,30,0.020000000000000018,False,True
E,cavity_Re400,31,0.040000000000000036,False,True
E,cavity_Re400,32,0.09999999999999998,False,True
E,cavity_Re400,33,0.010000000000000009,False,True
E,cavity_Re400,34,0.020000000000000018,False,True
E,cavity_Re400,35,0.010000000000000009,False,True
E,cavity_Re400,36,0.020000000000000018,False,True
E,cavity_Re400,37,0.010000000000000009,False,False
E,cavity_Re700,0,0.010000000000000009,False,True
E,cavity_Re700,0,0.010000000000000009,False,True
E,cavity_Re700,0,0.010000000000000009,False,True
E,cavity_Re700,1,0.04999999999999999,False,True
E,cavity_Re700,1,0.020000000000000018,False,True
E,cavity_Re700,1,0.02999999999999997,False,True
E,cavity_Re700,2,0.02999999999999997,False,True
E,cavity_Re700,2,0.020000000000000018,False,True
E,cavity_Re700,2,0.02999999999999997,False,True
E,cavity_Re700,3,0.02999999999999997,False,True
E,cavity_Re700,3,0.010000000000000009,False,False
E,cavity_Re700,3,0.03999999999999998,False,False
E,cavity_Re700,4,0.030000000000000027,False,True
E,cavity_Re700,5,0.030000000000000027,False,False
E,lbfs_Re300,0,0.03999999999999998,False,True
E,lbfs_Re300,0,0.019999999999999962,False,True
E,lbfs_Re300,0,0.020000000000000018,False,True
E,lbfs_Re300,1,0.040000000000000036,False,True
E,lbfs_Re300,1,0.040000000000000036,False,True
E,lbfs_Re300,1,0.010000000000000009,False,True
E,lbfs_Re300,2,0.06,False,True
E,lbfs_Re300,2,0.03999999999999998,False,True
E,lbfs_Re300,2,0.020000000000000018,False,True
E,lbfs_Re300,3,0.020000000000000004,False,True
E,lbfs_Re300,3,0.009999999999999995,False,True
E,lbfs_Re300,3,0.010000000000000009,False,True
E,lbfs_Re300,4,0.020000000000000018,False,True
E,lbfs_Re300,4,0.030000000000000027,False,True
E,lbfs_Re300,4,0.010000000000000009,False,True
E,lbfs_Re300,5,0.030000000000000027,False,True
E,lbfs_Re300,5,0.009999999999999995,False,True
E,lbfs_Re300,5,0.030000000000000027,False,True
E,lbfs_Re300,6,0.030000000000000027,False,True
E,lbfs_Re300,6,0.01999999999999999,False,True
E,lbfs_Re300,6,0.020000000000000018,False,True
E,lbfs_Re300,7,0.03,False,True
E,lbfs_Re300,7,0.01999999999999999,False,True
E,lbfs_Re300,7,0.019999999999999962,False,True
E,lbfs_Re300,8,0.010000000000000009,False,True
E,lbfs_Re300,8,0.030000000000000027,False,True
E,lbfs_Re300,8,0.020000000000000018,False,True
E,lbfs_Re300,9,0.030000000000000027,False,True
E,lbfs_Re300,9,0.050000000000000044,False,False
E,lbfs_Re300,9,0.030000000000000027,False,False
E,lbfs_Re300,10,0.019999999999999962,False,True
E,lbfs_Re300,11,0.010000000000000009,False,True
E,lbfs_Re300,12,0.0,True,True
E,lbfs_Re300,13,0.010000000000000009,False,True
E,lbfs_Re300,14,0.03999999999999998,False,True
E,lbfs_Re300,15,0.04999999999999999,False,True
E,lbfs_Re300,16,0.03,False,True
E,lbfs_Re300,17,0.03999999999999998,False,True
E,lbfs_Re300,18,0.020000000000000018,False,True
E,lbfs_Re300,19,0.06,False,True
E,lbfs_Re300,20,0.020000000000000018,False,True
E,lbfs_Re300,21,0.010000000000000009,False,True
E,lbfs_Re300,22,0.040000000000000036,False,True
E,lbfs_Re300,23,0.010000000000000009,False,True
E,lbfs_Re300,24,0.03,False,True
E,lbfs_Re300,25,0.04999999999999999,False,True
E,lbfs_Re300,26,0.03999999999999998,False,True
E,lbfs_Re300,27,0.020000000000000018,False,True
E,lbfs_Re300,28,0.020000000000000018,False,True
E,lbfs_Re300,29,0.010000000000000009,False,True
E,lbfs_Re300,30,0.02999999999999997,False,True
E,lbfs_Re300,31,0.06,False,True
E,lbfs_Re300,32,0.020000000000000018,False,False
E,lbfs_Re400,0,0.009999999999999995,False,True
E,lbfs_Re400,0,0.020000000000000018,False,True
E,lbfs_Re400,0,0.020000000000000018,False,True
E,lbfs_Re400,1,0.020000000000000018,False,True
E,lbfs_Re400,1,0.030000000000000027,False,True
E,lbfs_Re400,1,0.05000000000000002,False,True
E,lbfs_Re400,2,0.020000000000000018,False,True
E,lbfs_Re400,2,0.020000000000000018,False,True
E,lbfs_Re400,2,0.0,True,True
E,lbfs_Re400,3,0.010000000000000009,False,True
E,lbfs_Re400,3,0.009999999999999995,False,True
E,lbfs_Re400,3,0.020000000000000004,False,True
E,lbfs_Re400,4,0.010000000000000009,False,True
E,lbfs_Re400,4,0.020000000000000018,False,True
E,lbfs_Re400,4,0.010000000000000009,False,True
E,lbfs_Re400,5,0.009999999999999981,False,True
E,lbfs_Re400,5,0.010000000000000009,False,True
E,lbfs_Re400,5,0.010000000000000009,False,True
E,lbfs_Re400,6,0.029999999999999916,False,True
E,lbfs_Re400,6,0.019999999999999907,False,True
E,lbfs_Re400,6,0.010000000000000009,False,True
E,lbfs_Re400,7,0.020000000000000018,False,True
E,lbfs_Re400,7,0.02999999999999997,False,True
E,lbfs_Re400,7,0.04999999999999999,False,True
E,lbfs_Re400,8,0.010000000000000009,False,True
E,lbfs_Re400,8,0.020000000000000018,False,True
E,lbfs_Re400,8,0.020000000000000018,False,True
E,lbfs_Re400,9,0.050000000000000044,False,False
E,lbfs_Re400,9,0.020000000000000018,False,True
E,lbfs_Re400,9,0.030000000000000027,False,False
E,lbfs_Re400,10,0.010000000000000009,False,True
E,lbfs_Re400,11,0.030000000000000027,False,True
E,lbfs_Re400,12,0.010000000000000009,False,True
E,lbfs_Re400,13,0.030000000000000027,False,True
E,lbfs_Re400,14,0.03,False,True
E,lbfs_Re400,15,0.030000000000000027,False,True
E,lbfs_Re400,16,0.07,False,True
E,lbfs_Re400,17,0.010000000000000009,False,True
E,lbfs_Re400,18,0.06,False,True
E,lbfs_Re400,19,0.019999999999999907,False,True
E,lbfs_Re400,20,0.020000000000000018,False,True
E,lbfs_Re400,21,0.020000000000000018,False,True
E,lbfs_Re400,22,0.050000000000000044,False,True
E,lbfs_Re400,23,0.06999999999999995,False,True
E,lbfs_Re400,24,0.04999999999999999,False,True
E,lbfs_Re400,25,0.03,False,True
E,lbfs_Re400,26,0.010000000000000009,False,True
E,lbfs_Re400,27,0.040000000000000036,False,True
E,lbfs_Re400,28,0.030000000000000027,False,True
E,lbfs_Re400,29,0.010000000000000009,False,True
E,lbfs_Re400,30,0.020000000000000018,False,True
E,lbfs_Re400,31,0.020000000000000018,False,True
E,lbfs_Re400,32,0.030000000000000027,False,True
E,lbfs_Re400,33,0.010000000000000009,False,True
E,lbfs_Re400,34,0.06000000000000005,False,True
E,lbfs_Re400,35,0.01999999999999999,False,True
E,lbfs_Re400,36,0.01999999999999999,False,True
E,lbfs_Re400,37,0.019999999999999907,False,True
E,lbfs_Re400,38,0.08999999999999997,False,True
E,lbfs_Re400,39,0.020000000000000018,False,True
E,lbfs_Re400,40,0.04999999999999999,False,True
E,lbfs_Re400,41,0.020000000000000018,False,True
E,lbfs_Re400,42,0.030000000000000027,False,True
E,lbfs_Re400,43,0.020000000000000018,False,True
E,lbfs_Re400,44,0.030000000000000027,False,True
E,lbfs_Re400,45,0.05999999999999994,False,True
E,lbfs_Re400,46,0.04999999999999999,False,True
E,lbfs_Re400,47,0.050000000000000044,False,True
E,lbfs_Re400,48,0.06,False,True
E,lbfs_Re400,49,0.02999999999999997,False,True
E,lbfs_Re400,50,0.03999999999999998,False,True
E,lbfs_Re400,51,0.040000000000000036,False,True
E,lbfs_Re400,52,0.030000000000000027,False,True
E,lbfs_Re400,53,0.030000000000000027,False,True
E,lbfs_Re400,54,0.020000000000000018,False,True
E,lbfs_Re400,55,0.010000000000000009,False,True
E,lbfs_Re400,56,0.020000000000000018,False,True
E,lbfs_Re400,57,0.01999999999999999,False,True
E,lbfs_Re400,58,0.040000000000000036,False,True
E,lbfs_Re400,59,0.12000000000000005,False,True
E,lbfs_Re400,60,0.030000000000000027,False,True
E,lbfs_Re400,61,0.030000000000000027,False,True
E,lbfs_Re400,62,0.04999999999999993,False,True
E,lbfs_Re400,63,0.010000000000000009,False,True
E,lbfs_Re400,64,0.01999999999999999,False,True
E,lbfs_Re400,65,0.030000000000000027,False,True
E,lbfs_Re400,66,0.020000000000000018,False,True
E,lbfs_Re400,67,0.019999999999999962,False,True
E,lbfs_Re400,68,0.02999999999999997,False,True
E,lbfs_Re400,69,0.03,False,True
E,lbfs_Re400,70,0.030000000000000013,False,True
E,lbfs_Re400,71,0.010000000000000009,False,True
E,lbfs_Re400,72,0.03999999999999998,False,True
E,lbfs_Re400,73,0.020000000000000018,False,True
E,lbfs_Re400,74,0.020000000000000018,False,True
E,lbfs_Re400,75,0.020000000000000004,False,True
E,lbfs_Re400,76,0.020000000000000018,False,True
E,lbfs_Re400,77,0.010000000000000009,False,True
E,lbfs_Re400,78,0.07,False,True
E,lbfs_Re400,79,0.010000000000000009,False,True
E,lbfs_Re400,80,0.06,False,True
E,lbfs_Re400,81,0.040000000000000036,False,True
E,lbfs_Re400,82,0.03,False,True
E,lbfs_Re400,83,0.02999999999999997,False,True
E,lbfs_Re400,84,0.010000000000000009,False,True
E,lbfs_Re400,85,0.01999999999999999,False,True
E,lbfs_Re400,86,0.03,False,True
E,lbfs_Re400,87,0.030000000000000027,False,True
E,lbfs_Re400,88,0.020000000000000018,False,True
E,lbfs_Re400,89,0.030000000000000027,False,True
E,lbfs_Re400,90,0.030000000000000027,False,True
E,lbfs_Re400,91,0.06,False,True
E,lbfs_Re400,92,0.03999999999999998,False,True
E,lbfs_Re400,93,0.020000000000000018,False,True
E,lbfs_Re400,94,0.03999999999999998,False,True
E,lbfs_Re400,95,0.020000000000000018,False,True
E,lbfs_Re400,96,0.06,False,True
E,lbfs_Re400,97,0.06999999999999995,False,True
E,lbfs_Re400,98,0.020000000000000018,False,True
E,lbfs_Re400,99,0.019999999999999962,False,True
E,lbfs_Re400,100,0.019999999999999962,False,True
E,lbfs_Re400,101,0.020000000000000018,False,True
E,lbfs_Re400,102,0.010000000000000009,False,True
E,lbfs_Re400,103,0.03999999999999998,False,True
E,lbfs_Re400,104,0.020000000000000018,False,True
E,lbfs_Re400,105,0.040000000000000036,False,True
E,lbfs_Re400,106,0.02999999999999997,False,True
E,lbfs_Re400,107,0.03999999999999998,False,True
E,lbfs_Re400,108,0.030000000000000027,False,True
E,lbfs_Re400,109,0.020000000000000018,False,True
E,lbfs_Re400,110,0.019999999999999962,False,True
E,lbfs_Re400,111,0.010000000000000009,False,True
E,lbfs_Re400,112,0.010000000000000009,False,True
E,lbfs_Re400,113,0.019999999999999962,False,True
E,lbfs_Re400,114,0.020000000000000018,False,True
E,lbfs_Re400,115,0.030000000000000027,False,True
E,lbfs_Re400,116,0.020000000000000018,False,True
E,lbfs_Re400,117,0.020000000000000018,False,True
E,lbfs_Re400,118,0.010000000000000009,False,True
E,lbfs_Re400,119,0.04999999999999999,False,True
E,lbfs_Re400,120,0.020000000000000018,False,True
E,lbfs_Re400,121,0.010000000000000009,False,True
E,lbfs_Re400,122,0.04999999999999999,False,True
E,lbfs_Re400,123,0.030000000000000027,False,True
E,lbfs_Re400,124,0.06000000000000005,False,True
E,lbfs_Re400,125,0.10000000000000003,False,True
E,lbfs_Re400,126,0.010000000000000009,False,True
E,lbfs_Re400,127,0.03,False,True
E,lbfs_Re400,128,0.020000000000000018,False,True
E,lbfs_Re400,129,0.0,True,True
E,lbfs_Re400,130,0.020000000000000018,False,True
E,lbfs_Re400,131,0.040000000000000036,False,True
E,lbfs_Re400,132,0.010000000000000009,False,True
E,lbfs_Re400,133,0.03,False,True
E,lbfs_Re400,134,0.04999999999999999,False,True
E,lbfs_Re400,135,0.019999999999999907,False,True
E,lbfs_Re400,136,0.020000000000000018,False,True
E,lbfs_Re400,137,0.04999999999999999,False,True
E,lbfs_Re400,138,0.040000000000000036,False,True
E,lbfs_Re400,139,0.07,False,True
E,lbfs_Re400,140,0.01999999999999999,False,True
E,lbfs_Re400,141,0.01999999999999999,False,True
E,lbfs_Re400,142,0.019999999999999907,False,True
E,lbfs_Re400,143,0.020000000000000018,False,True
E,lbfs_Re400,144,0.030000000000000027,False,True
E,lbfs_Re400,145,0.020000000000000018,False,True
E,lbfs_Re400,146,0.010000000000000009,False,True
E,lbfs_Re400,147,0.040000000000000036,False,True
E,lbfs_Re400,148,0.05999999999999994,False,True
E,lbfs_Re400,149,0.020000000000000018,False,True
E,lbfs_Re400,150,0.020000000000000018,False,True
E,lbfs_Re400,151,0.010000000000000009,False,True
E,lbfs_Re400,152,0.13,False,True
E,lbfs_Re400,153,0.010000000000000009,False,True
E,lbfs_Re400,154,0.050000000000000044,False,True
E,lbfs_Re400,155,0.020000000000000018,False,True
E,lbfs_Re400,156,0.020000000000000018,False,True
E,lbfs_Re400,157,0.020000000000000018,False,True
E,lbfs_Re400,158,0.030000000000000027,False,False
E,lbfs_Re500,0,0.020000000000000018,False,True
E,lbfs_Re500,0,0.009999999999999995,False,True
E,lbfs_Re500,0,0.03,False,True
E,lbfs_Re500,1,0.030000000000000027,False,False
E,lbfs_Re500,1,0.010000000000000009,False,True
E,lbfs_Re500,1,0.040000000000000036,False,False
E,lbfs_Re500,3,0.010000000000000009,False,True
E,lbfs_Re500,4,0.010000000000000009,False,True
E,lbfs_Re500,5,0.010000000000000009,False,True
E,lbfs_Re500,6,0.030000000000000027,False,True
E,lbfs_Re500,7,0.010000000000000009,False,True
E,lbfs_Re500,8,0.020000000000000018,False,True
E,lbfs_Re500,9,0.06,False,True
E,lbfs_Re500,10,0.05000000000000002,False,True
E,lbfs_Re500,11,0.03999999999999998,False,True
E,lbfs_Re500,12,0.06,False,True
E,lbfs_Re500,13,0.039999999999999925,False,True
E,lbfs_Re500,14,0.02999999999999997,False,True
E,lbfs_Re500,15,0.010000000000000009,False,True
E,lbfs_Re500,16,0.02999999999999997,False,True
E,lbfs_Re500,17,0.010000000000000009,False,True
E,lbfs_Re500,18,0.03999999999999998,False,True
E,lbfs_Re500,19,0.030000000000000027,False,True
E,lbfs_Re500,20,0.009999999999999981,False,True
E,lbfs_Re500,21,0.020000000000000018,False,True
E,lbfs_Re500,22,0.010000000000000009,False,True
E,lbfs_Re500,23,0.030000000000000027,False,True
E,lbfs_Re500,24,0.010000000000000009,False,True
E,lbfs_Re500,25,0.010000000000000009,False,True
E,lbfs_Re500,26,0.010000000000000009,False,True
E,lbfs_Re500,27,0.01999999999999999,False,True
E,lbfs_Re500,28,0.010000000000000009,False,True
E,lbfs_Re500,29,0.03999999999999998,False,True
E,lbfs_Re500,30,0.019999999999999962,False,True
E,lbfs_Re500,31,0.030000000000000027,False,True
E,lbfs_Re500,32,0.019999999999999907,False,True
E,lbfs_Re500,33,0.03999999999999998,False,True
E,lbfs_Re500,34,0.0,True,True
E,lbfs_Re500,35,0.03,False,True
E,lbfs_Re500,36,0.02999999999999997,False,True
E,lbfs_Re500,37,0.040000000000000036,False,True
E,lbfs_Re500,38,0.030000000000000027,False,False
E,lbfs_Re600,0,0.020000000000000018,False,True
E,lbfs_Re600,0,0.06,False,True
E,lbfs_Re600,0,0.03999999999999998,False,True
E,lbfs_Re600,1,0.020000000000000018,False,True
E,lbfs_Re600,1,0.04999999999999999,False,True
E,lbfs_Re600,1,0.02999999999999997,False,True
E,lbfs_Re600,2,0.06000000000000005,False,True
E,lbfs_Re600,2,0.07000000000000006,False,True
E,lbfs_Re600,2,0.010000000000000009,False,True
E,lbfs_Re600,3,0.030000000000000027,False,True
E,lbfs_Re600,3,0.030000000000000027,False,True
E,lbfs_Re600,3,0.010000000000000009,False,True
E,lbfs_Re600,4,0.020000000000000018,False,True
E,lbfs_Re600,4,0.030000000000000013,False,True
E,lbfs_Re600,4,0.010000000000000009,False,True
E,lbfs_Re600,5,0.020000000000000018,False,True
E,lbfs_Re600,5,0.010000000000000009,False,True
E,lbfs_Re600,5,0.010000000000000009,False,True
E,lbfs_Re600,6,0.02999999999999997,False,True
E,lbfs_Re600,6,0.04999999999999999,False,True
E,lbfs_Re600,6,0.020000000000000018,False,True
E,lbfs_Re600,7,0.020000000000000018,False,True
E,lbfs_Re600,7,0.020000000000000018,False,True
E,lbfs_Re600,7,0.030000000000000027,False,True
E,lbfs_Re600,8,0.020000000000000018,False,True
E,lbfs_Re600,8,0.010000000000000009,False,True
E,lbfs_Re600,8,0.019999999999999907,False,True
E,lbfs_Re600,9,0.020000000000000018,False,True
E,lbfs_Re600,9,0.03999999999999998,False,True
E,lbfs_Re600,9,0.019999999999999962,False,True
E,lbfs_Re600,10,0.009999999999999995,False,True
E,lbfs_Re600,10,0.020000000000000018,False,True
E,lbfs_Re600,10,0.020000000000000018,False,True
E,lbfs_Re600,11,0.020000000000000018,False,True
E,lbfs_Re600,11,0.020000000000000018,False,True
E,lbfs_Re600,11,0.030000000000000027,False,True
E,lbfs_Re600,12,0.040000000000000036,False,True
E,lbfs_Re600,12,0.04999999999999993,False,True
E,lbfs_Re600,12,0.04999999999999993,False,True
E,lbfs_Re600,13,0.020000000000000018,False,True
E,lbfs_Re600,13,0.030000000000000027,False,True
E,lbfs_Re600,13,0.020000000000000018,False,True
E,lbfs_Re600,14,0.019999999999999962,False,True
E,lbfs_Re600,14,0.06999999999999995,False,True
E,lbfs_Re600,14,0.04999999999999999,False,True
E,lbfs_Re600,15,0.040000000000000036,False,True
E,lbfs_Re600,15,0.040000000000000036,False,True
E,lbfs_Re600,15,0.0,True,True
E,lbfs_Re600,16,0.040000000000000036,False,True
E,lbfs_Re600,16,0.040000000000000036,False,True
E,lbfs_Re600,16,0.030000000000000027,False,True
E,lbfs_Re600,17,0.030000000000000027,False,True
E,lbfs_Re600,17,0.020000000000000018,False,True
E,lbfs_Re600,17,0.030000000000000027,False,True
E,lbfs_Re600,18,0.06,False,True
E,lbfs_Re600,18,0.03999999999999998,False,True
E,lbfs_Re600,18,0.020000000000000018,False,True
E,lbfs_Re600,19,0.02999999999999997,False,True
E,lbfs_Re600,19,0.030000000000000027,False,True
E,lbfs_Re600,19,0.06,False,True
E,lbfs_Re600,20,0.039999999999999925,False,True
E,lbfs_Re600,20,0.0,True,True
E,lbfs_Re600,20,0.039999999999999925,False,True
E,lbfs_Re600,21,0.010000000000000009,False,True
E,lbfs_Re600,21,0.020000000000000018,False,True
E,lbfs_Re600,21,0.020000000000000018,False,True
E,lbfs_Re600,22,0.030000000000000027,False,True
E,lbfs_Re600,22,0.040000000000000036,False,True
E,lbfs_Re600,22,0.06,False,True
E,lbfs_Re600,23,0.040000000000000036,False,True
E,lbfs_Re600,23,0.020000000000000018,False,True
E,lbfs_Re600,23,0.04999999999999999,False,True
E,lbfs_Re600,24,0.010000000000000009,False,True
E,lbfs_Re600,24,0.010000000000000009,False,True
E,lbfs_Re600,24,0.0,True,True
E,lbfs_Re600,25,0.08000000000000002,False,True
E,lbfs_Re600,25,0.010000000000000009,False,True
E,lbfs_Re600,25,0.07,False,True
E,lbfs_Re600,26,0.04999999999999999,False,True
E,lbfs_Re600,26,0.02999999999999997,False,True
E,lbfs_Re600,26,0.020000000000000018,False,True
E,lbfs_Re600,27,0.019999999999999962,False,True
E,lbfs_Re600,27,0.020000000000000018,False,True
E,lbfs_Re600,27,0.019999999999999962,False,True
E,lbfs_Re600,28,0.050000000000000044,False,True
E,lbfs_Re600,28,0.07,False,True
E,lbfs_Re600,28,0.05000000000000002,False,True
E,lbfs_Re600,29,0.06,False,True
E,lbfs_Re600,29,0.07,False,True
E,lbfs_Re600,29,0.040000000000000036,False,True
E,lbfs_Re600,30,0.03999999999999998,False,True
E,lbfs_Re600,30,0.03999999999999998,False,True
E,lbfs_Re600,30,0.0,True,True
E,lbfs_Re600,31,0.010000000000000009,False,True
E,lbfs_Re600,31,0.010000000000000009,False,True
E,lbfs_Re600,31,0.020000000000000018,False,True
E,lbfs_Re600,32,0.030000000000000027,False,True
E,lbfs_Re600,32,0.030000000000000027,False,True
E,lbfs_Re600,32,0.010000000000000009,False,True
E,lbfs_Re600,33,0.010000000000000009,False,True
E,lbfs_Re600,33,0.06,False,True
E,lbfs_Re600,33,0.050000000000000044,False,True
E,lbfs_Re600,34,0.020000000000000018,False,True
E,lbfs_Re600,34,0.010000000000000009,False,True
E,lbfs_Re600,34,0.030000000000000027,False,True
E,lbfs_Re600,35,0.03,False,True
E,lbfs_Re600,35,0.050000000000000044,False,True
E,lbfs_Re600,35,0.050000000000000044,False,True
E,lbfs_Re600,36,0.06999999999999995,False,False
E,lbfs_Re600,36,0.040000000000000036,False,False
E,lbfs_Re600,36,0.03,False,True
E,lbfs_Re600,37,0.010000000000000009,False,True
E,lbfs_Re600,38,0.050000000000000044,False,True
E,lbfs_Re600,39,0.03,False,True
E,lbfs_Re600,40,0.010000000000000009,False,False
E,lbfs_Re800,0,0.02999999999999997,False,True
E,lbfs_Re800,0,0.03999999999999998,False,True
E,lbfs_Re800,0,0.010000000000000009,False,True
E,lbfs_Re800,1,0.010000000000000009,False,True
E,lbfs_Re800,1,0.02999999999999997,False,True
E,lbfs_Re800,1,0.02999999999999997,False,True
E,lbfs_Re800,2,0.040000000000000036,False,True
E,lbfs_Re800,2,0.06,False,True
E,lbfs_Re800,2,0.019999999999999962,False,True
E,lbfs_Re800,3,0.030000000000000027,False,True
E,lbfs_Re800,3,0.010000000000000009,False,True
E,lbfs_Re800,3,0.020000000000000018,False,True
E,lbfs_Re800,4,0.030000000000000027,False,True
E,lbfs_Re800,4,0.030000000000000027,False,True
E,lbfs_Re800,4,0.010000000000000009,False,True
E,lbfs_Re800,5,0.020000000000000018,False,True
E,lbfs_Re800,5,0.010000000000000009,False,True
E,lbfs_Re800,5,0.010000000000000009,False,True
E,lbfs_Re800,6,0.010000000000000009,False,True
E,lbfs_Re800,6,0.010000000000000009,False,True
E,lbfs_Re800,6,0.010000000000000009,False,True
E,lbfs_Re800,7,0.03999999999999998,False,True
E,lbfs_Re800,7,0.04999999999999999,False,True
E,lbfs_Re800,7,0.020000000000000004,False,True
E,lbfs_Re800,8,0.040000000000000036,False,True
E,lbfs_Re800,8,0.07,False,True
E,lbfs_Re800,8,0.02999999999999997,False,True
E,lbfs_Re800,9,0.04999999999999999,False,True
E,lbfs_Re800,9,0.04000000000000001,False,True
E,lbfs_Re800,9,0.020000000000000018,False,True
E,lbfs_Re800,10,0.050000000000000044,False,True
E,lbfs_Re800,10,0.030000000000000027,False,True
E,lbfs_Re800,10,0.020000000000000018,False,True
E,lbfs_Re800,11,0.020000000000000018,False,True
E,lbfs_Re800,11,0.040000000000000036,False,True
E,lbfs_Re800,11,0.020000000000000018,False,True
E,lbfs_Re800,12,0.07999999999999996,False,True
E,lbfs_Re800,12,0.08999999999999997,False,True
E,lbfs_Re800,12,0.010000000000000009,False,True
E,lbfs_Re800,13,0.019999999999999962,False,True
E,lbfs_Re800,13,0.019999999999999962,False,True
E,lbfs_Re800,13,0.010000000000000009,False,True
E,lbfs_Re800,14,0.030000000000000027,False,True
E,lbfs_Re800,14,0.020000000000000018,False,True
E,lbfs_Re800,14,0.030000000000000027,False,True
E,lbfs_Re800,15,0.010000000000000009,False,True
E,lbfs_Re800,15,0.040000000000000036,False,True
E,lbfs_Re800,15,0.040000000000000036,False,True
E,lbfs_Re800,16,0.030000000000000027,False,True
E,lbfs_Re800,16,0.030000000000000027,False,True
E,lbfs_Re800,16,0.010000000000000009,False,True
E,lbfs_Re800,17,0.009999999999999981,False,True
E,lbfs_Re800,17,0.03,False,True
E,lbfs_Re800,17,0.020000000000000018,False,True
E,lbfs_Re800,18,0.020000000000000018,False,True
E,lbfs_Re800,18,0.07000000000000006,False,True
E,lbfs_Re800,18,0.08000000000000007,False,True
E,lbfs_Re800,19,0.04999999999999999,False,True
E,lbfs_Re800,19,0.06,False,True
E,lbfs_Re800,19,0.020000000000000018,False,True
E,lbfs_Re800,20,0.010000000000000009,False,True
E,lbfs_Re800,20,0.050000000000000044,False,True
E,lbfs_Re800,20,0.050000000000000044,False,True
E,lbfs_Re800,21,0.010000000000000009,False,True
E,lbfs_Re800,21,0.03,False,True
E,lbfs_Re800,21,0.04000000000000001,False,True
E,lbfs_Re800,22,0.020000000000000004,False,True
E,lbfs_Re800,22,0.010000000000000009,False,True
E,lbfs_Re800,22,0.010000000000000009,False,True
E,lbfs_Re800,23,0.010000000000000009,False,True
E,lbfs_Re800,23,0.020000000000000004,False,True
E,lbfs_Re800,23,0.01999999999999999,False,True
E,lbfs_Re800,24,0.020000000000000004,False,True
E,lbfs_Re800,24,0.04999999999999999,False,True
E,lbfs_Re800,24,0.04999999999999999,False,True
E,lbfs_Re800,25,0.010000000000000009,False,True
E,lbfs_Re800,25,0.020000000000000018,False,True
E,lbfs_Re800,25,0.010000000000000009,False,True
E,lbfs_Re800,26,0.03,False,True
E,lbfs_Re800,26,0.03999999999999998,False,True
E,lbfs_Re800,26,0.04999999999999999,False,True
E,lbfs_Re800,27,0.050000000000000044,False,True
E,lbfs_Re800,27,0.019999999999999962,False,True
E,lbfs_Re800,27,0.06000000000000005,False,True
E,lbfs_Re800,28,0.06,False,True
E,lbfs_Re800,28,0.010000000000000009,False,True
E,lbfs_Re800,28,0.04999999999999999,False,True
E,lbfs_Re800,29,0.030000000000000027,False,True
E,lbfs_Re800,29,0.009999999999999953,False,True
E,lbfs_Re800,29,0.03999999999999998,False,True
E,lbfs_Re800,30,0.019999999999999962,False,True
E,lbfs_Re800,30,0.010000000000000009,False,True
E,lbfs_Re800,30,0.019999999999999962,False,True
E,lbfs_Re800,31,0.030000000000000027,False,True
E,lbfs_Re800,31,0.020000000000000018,False,True
E,lbfs_Re800,31,0.03999999999999998,False,True
E,lbfs_Re800,32,0.010000000000000009,False,True
E,lbfs_Re800,32,0.030000000000000027,False,True
E,lbfs_Re800,32,0.020000000000000018,False,True
E,lbfs_Re800,33,0.020000000000000018,False,True
E,lbfs_Re800,33,0.020000000000000018,False,True
E,lbfs_Re800,33,0.010000000000000009,False,True
E,lbfs_Re800,34,0.03,False,True
E,lbfs_Re800,34,0.02999999999999997,False,True
E,lbfs_Re800,34,0.03999999999999998,False,True
E,lbfs_Re800,35,0.020000000000000018,False,True
E,lbfs_Re800,35,0.010000000000000009,False,True
E,lbfs_Re800,35,0.03,False,True
E,lbfs_Re800,36,0.020000000000000018,False,True
E,lbfs_Re800,36,0.020000000000000018,False,True
E,lbfs_Re800,36,0.040000000000000036,False,True
E,lbfs_Re800,37,0.020000000000000018,False,True
E,lbfs_Re800,37,0.010000000000000009,False,True
E,lbfs_Re800,37,0.010000000000000009,False,True
E,lbfs_Re800,38,0.030000000000000027,False,True
E,lbfs_Re800,38,0.030000000000000027,False,True
E,lbfs_Re800,38,0.06000000000000005,False,True
E,lbfs_Re800,39,0.12,False,True
E,lbfs_Re800,39,0.10999999999999999,False,True
E,lbfs_Re800,39,0.01999999999999999,False,True
E,lbfs_Re800,40,0.010000000000000009,False,True
E,lbfs_Re800,40,0.10000000000000003,False,True
E,lbfs_Re800,40,0.09000000000000002,False,True
E,lbfs_Re800,41,0.040000000000000036,False,False
E,lbfs_Re800,41,0.010000000000000009,False,True
E,lbfs_Re800,41,0.040000000000000036,False,False
E,lbfs_Re800,42,0.06000000000000005,False,True
E,lbfs_Re800,43,0.04000000000000001,False,True
E,lbfs_Re800,44,0.040000000000000036,False,True
E,lbfs_Re800,45,0.06,False,True
E,lbfs_Re800,46,0.020000000000000018,False,True
E,lbfs_Re800,47,0.06,False,True
E,lbfs_Re800,48,0.020000000000000018,False,True
E,lbfs_Re800,49,0.03,False,True
E,lbfs_Re800,50,0.020000000000000018,False,True
E,lbfs_Re800,51,0.020000000000000018,False,True
E,lbfs_Re800,52,0.05,False,True
E,lbfs_Re800,53,0.02999999999999997,False,True
E,lbfs_Re800,54,0.020000000000000018,False,True
E,lbfs_Re800,55,0.020000000000000018,False,True
E,lbfs_Re800,56,0.01999999999999999,False,True
E,lbfs_Re800,57,0.01999999999999999,False,True
E,lbfs_Re800,58,0.010000000000000009,False,True
E,lbfs_Re800,59,0.010000000000000009,False,True
E,lbfs_Re800,60,0.010000000000000009,False,True
E,lbfs_Re800,61,0.020000000000000018,False,True
E,lbfs_Re800,62,0.02999999999999997,False,True
E,lbfs_Re800,63,0.04999999999999999,False,True
E,lbfs_Re800,64,0.030000000000000027,False,True
E,lbfs_Re800,65,0.030000000000000027,False,True
E,lbfs_Re800,66,0.020000000000000018,False,True
E,lbfs_Re800,67,0.010000000000000009,False,True
E,lbfs_Re800,68,0.03999999999999998,False,True
E,lbfs_Re800,69,0.02999999999999997,False,True
E,lbfs_Re800,70,0.009999999999999995,False,True
E,lbfs_Re800,71,0.010000000000000009,False,False
E,pitzDaily,0,0.020000000000000018,False,True
E,pitzDaily,0,0.020000000000000018,False,True
E,pitzDaily,0,0.0,True,True
E,pitzDaily,1,0.030000000000000027,False,True
E,pitzDaily,1,0.020000000000000018,False,True
E,pitzDaily,1,0.020000000000000018,False,True
E,pitzDaily,2,0.030000000000000027,False,False
E,pitzDaily,2,0.03,False,False
E,pitzDaily,2,0.010000000000000009,False,True
E,pitzDaily,3,0.03999999999999998,False,True
E,pitzDaily,4,0.040000000000000036,False,True
E,pitzDaily,5,0.009999999999999995,False,True
E,pitzDaily,6,0.010000000000000009,False,True
E,pitzDaily,7,0.020000000000000018,False,False
E,pitzDaily_U15,0,0.020000000000000018,False,True
E,pitzDaily_U15,0,0.009999999999999995,False,True
E,pitzDaily_U15,0,0.020000000000000018,False,True
E,pitzDaily_U15,1,0.04999999999999999,False,True
E,pitzDaily_U15,1,0.02999999999999997,False,True
E,pitzDaily_U15,1,0.020000000000000018,False,True
E,pitzDaily_U15,2,0.010000000000000009,False,True
E,pitzDaily_U15,2,0.010000000000000009,False,False
E,pitzDaily_U15,2,0.010000000000000009,False,False
E,pitzDaily_U15,3,0.040000000000000036,False,True
E,pitzDaily_U15,4,0.03,False,True
E,pitzDaily_U15,5,0.010000000000000009,False,True
E,pitzDaily_U15,6,0.04999999999999999,False,True
E,pitzDaily_U15,7,0.03999999999999998,False,True
E,pitzDaily_U15,8,0.06,False,True
E,pitzDaily_U15,9,0.019999999999999907,False,True
E,pitzDaily_U15,10,0.010000000000000009,False,True
E,pitzDaily_U15,11,0.020000000000000018,False,True
E,pitzDaily_U15,12,0.010000000000000009,False,True
E,pitzDaily_U15,13,0.020000000000000018,False,True
E,pitzDaily_U15,14,0.030000000000000027,False,True
E,pitzDaily_U15,15,0.01999999999999999,False,True
E,pitzDaily_U15,16,0.04999999999999993,False,True
E,pitzDaily_U15,17,0.020000000000000018,False,True
E,pitzDaily_U15,18,0.020000000000000018,False,True
E,pitzDaily_U15,19,0.010000000000000009,False,True
E,pitzDaily_U15,20,0.07999999999999996,False,True
E,pitzDaily_U15,21,0.039999999999999925,False,False
E,pitzDaily_U20,0,0.009999999999999995,False,True
E,pitzDaily_U20,0,0.010000000000000009,False,True
E,pitzDaily_U20,0,0.010000000000000009,False,True
E,pitzDaily_U20,1,0.020000000000000018,False,True
E,pitzDaily_U20,1,0.010000000000000009,False,True
E,pitzDaily_U20,1,0.030000000000000027,False,True
E,pitzDaily_U20,2,0.020000000000000018,False,False
E,pitzDaily_U20,2,0.03,False,True
E,pitzDaily_U20,2,0.03,False,False
E,pitzDaily_U20,3,0.020000000000000018,False,True
E,pitzDaily_U20,4,0.040000000000000036,False,True
E,pitzDaily_U20,5,0.019999999999999907,False,True
E,pitzDaily_U20,6,0.040000000000000036,False,True
E,pitzDaily_U20,7,0.040000000000000036,False,True
E,pitzDaily_U20,8,0.0,True,True
E,pitzDaily_U20,9,0.040000000000000036,False,True
E,pitzDaily_U20,10,0.030000000000000027,False,True
E,pitzDaily_U20,11,0.040000000000000036,False,True
E,pitzDaily_U20,12,0.010000000000000009,False,True
E,pitzDaily_U20,13,0.03,False,True
E,pitzDaily_U20,14,0.010000000000000009,False,True
E,pitzDaily_U20,15,0.010000000000000009,False,True
E,pitzDaily_U20,16,0.010000000000000009,False,True
E,pitzDaily_U20,17,0.010000000000000009,False,True
E,pitzDaily_U20,18,0.010000000000000009,False,True
E,pitzDaily_U20,19,0.010000000000000009,False,True
E,pitzDaily_U20,20,0.020000000000000018,False,True
E,pitzDaily_U20,21,0.010000000000000009,False,True
E,pitzDaily_U20,22,0.07,False,True
E,pitzDaily_U20,23,0.019999999999999962,False,True
E,pitzDaily_U20,24,0.030000000000000027,False,True
E,pitzDaily_U20,25,0.03,False,True
E,pitzDaily_U20,26,0.010000000000000009,False,True
E,pitzDaily_U20,27,0.03999999999999998,False,True
E,pitzDaily_U20,28,0.010000000000000009,False,True
E,pitzDaily_U20,29,0.020000000000000018,False,True
E,pm_bfs_U25,0,0.01999999999999999,False,True
E,pm_bfs_U25,0,0.010000000000000009,False,True
E,pm_bfs_U25,0,0.009999999999999981,False,True
E,pm_bfs_U25,1,0.020000000000000018,False,True
E,pm_bfs_U25,1,0.02999999999999997,False,True
E,pm_bfs_U25,1,0.02999999999999997,False,True
E,pm_bfs_U25,2,0.04999999999999999,False,True
E,pm_bfs_U25,2,0.03999999999999998,False,True
E,pm_bfs_U25,2,0.030000000000000027,False,True
E,pm_bfs_U25,3,0.030000000000000027,False,True
E,pm_bfs_U25,3,0.030000000000000027,False,True
E,pm_bfs_U25,3,0.06000000000000005,False,True
E,pm_bfs_U25,4,0.020000000000000018,False,False
E,pm_bfs_U25,4,0.010000000000000009,False,False
E,pm_bfs_U25,4,0.010000000000000009,False,True
E,pm_bfs_U25,5,0.020000000000000018,False,True
E,pm_bfs_U25,6,0.010000000000000009,False,True
E,pm_bfs_U25,7,0.030000000000000027,False,True
E,pm_bfs_U25,8,0.040000000000000036,False,True
E,pm_bfs_U25,9,0.040000000000000036,False,True
E,pm_bfs_U25,10,0.010000000000000009,False,True
E,pm_bfs_U25,11,0.040000000000000036,False,True
E,pm_bfs_U25,12,0.020000000000000018,False,True
E,pm_bfs_U25,13,0.03999999999999998,False,True
E,pm_bfs_U25,14,0.020000000000000018,False,True
E,pm_bfs_U25,15,0.030000000000000027,False,True
E,pm_bfs_U25,16,0.06,False,True
E,pm_bfs_U25,17,0.010000000000000009,False,True
E,pm_bfs_U25,18,0.020000000000000018,False,True
E,pm_bfs_U25,19,0.020000000000000018,False,False
E,pm_bfs_U30,0,0.01999999999999999,False,True
E,pm_bfs_U30,0,0.010000000000000002,False,True
E,pm_bfs_U30,0,0.01999999999999999,False,True
E,pm_bfs_U30,1,0.020000000000000018,False,True
E,pm_bfs_U30,1,0.020000000000000018,False,True
E,pm_bfs_U30,1,0.010000000000000009,False,True
E,pm_bfs_U30,2,0.009999999999999995,False,True
E,pm_bfs_U30,2,0.020000000000000004,False,True
E,pm_bfs_U30,2,0.019999999999999962,False,True
E,pm_bfs_U30,3,0.04000000000000001,False,True
E,pm_bfs_U30,3,0.010000000000000009,False,False
E,pm_bfs_U30,3,0.05000000000000002,False,False
E,pm_bfs_U30,4,0.03,False,True
E,pm_bfs_U30,5,0.010000000000000009,False,True
E,pm_bfs_U30,6,0.020000000000000018,False,True
E,pm_bfs_U30,7,0.02999999999999997,False,True
E,pm_bfs_U30,8,0.020000000000000018,False,True
E,pm_bfs_U30,9,0.010000000000000009,False,True
E,pm_bfs_U30,10,0.020000000000000018,False,True
E,pm_bfs_U30,11,0.06000000000000005,False,True
E,pm_bfs_U30,12,0.05999999999999994,False,True
E,pm_bfs_U30,13,0.010000000000000009,False,True
E,pm_bfs_U30,14,0.08999999999999997,False,True
E,pm_bfs_U30,15,0.029999999999999916,False,True
E,pm_bfs_U30,16,0.030000000000000027,False,True
E,pm_bfs_U30,17,0.03999999999999998,False,True
E,pm_bfs_U30,18,0.010000000000000009,False,True
E,pm_bfs_U30,19,0.010000000000000009,False,True
E,pm_bfs_U30,20,0.010000000000000009,False,True
E,pm_bfs_U30,21,0.010000000000000009,False,True
E,pm_bfs_U30,22,0.04000000000000001,False,True
E,pm_bfs_U30,23,0.030000000000000027,False,True
E,pm_bfs_U30,24,0.020000000000000018,False,True
E,pm_bfs_U30,25,0.02999999999999997,False,True
E,pm_bfs_U30,26,0.040000000000000036,False,True
E,pm_bfs_U30,27,0.020000000000000018,False,True
E,pm_bfs_U30,28,0.030000000000000027,False,True
E,pm_bfs_U30,29,0.030000000000000027,False,True
E,pm_bfs_U30,30,0.04999999999999999,False,True
E,pm_bfs_U30,31,0.030000000000000027,False,True
E,pm_bfs_U30,32,0.020000000000000018,False,True
E,pm_bfs_U30,33,0.010000000000000009,False,True
E,pm_bfs_U30,34,0.020000000000000018,False,True
E,pm_bfs_U30,35,0.020000000000000018,False,True
E,pm_bfs_U30,36,0.010000000000000009,False,True
E,pm_bfs_U30,37,0.010000000000000009,False,True
E,pm_bfs_U30,38,0.0,True,True
E,pm_bfs_U30,39,0.01999999999999999,False,True
E,pm_bfs_U30,40,0.03,False,True
E,pm_bfs_U30,41,0.010000000000000009,False,True
E,pm_bfs_U35,0,0.010000000000000002,False,True
E,pm_bfs_U35,0,0.01999999999999999,False,True
E,pm_bfs_U35,0,0.01999999999999999,False,True
E,pm_bfs_U35,1,0.020000000000000018,False,True
E,pm_bfs_U35,1,0.0,True,True
E,pm_bfs_U35,1,0.020000000000000018,False,True
E,pm_bfs_U35,2,0.020000000000000004,False,True
E,pm_bfs_U35,2,0.010000000000000009,False,True
E,pm_bfs_U35,2,0.020000000000000004,False,True
E,pm_bfs_U35,3,0.020000000000000018,False,True
E,pm_bfs_U35,3,0.020000000000000018,False,True
E,pm_bfs_U35,3,0.010000000000000009,False,True
E,pm_bfs_U35,4,0.010000000000000009,False,True
E,pm_bfs_U35,4,0.010000000000000009,False,True
E,pm_bfs_U35,4,0.010000000000000009,False,True
E,pm_bfs_U35,5,0.010000000000000009,False,True
E,pm_bfs_U35,5,0.010000000000000009,False,True
E,pm_bfs_U35,5,0.010000000000000009,False,True
E,pm_bfs_U35,6,0.020000000000000018,False,True
E,pm_bfs_U35,6,0.020000000000000018,False,True
E,pm_bfs_U35,6,0.019999999999999907,False,True
E,pm_bfs_U35,7,0.030000000000000027,False,True
E,pm_bfs_U35,7,0.019999999999999907,False,True
E,pm_bfs_U35,7,0.020000000000000018,False,True
E,pm_bfs_U35,8,0.04000000000000001,False,True
E,pm_bfs_U35,8,0.030000000000000027,False,True
E,pm_bfs_U35,8,0.029999999999999916,False,True
E,pm_bfs_U35,9,0.010000000000000009,False,True
E,pm_bfs_U35,9,0.020000000000000018,False,True
E,pm_bfs_U35,9,0.010000000000000009,False,True
E,pm_bfs_U35,10,0.030000000000000027,False,True
E,pm_bfs_U35,10,0.020000000000000018,False,True
E,pm_bfs_U35,10,0.010000000000000009,False,True
E,pm_bfs_U35,11,0.030000000000000027,False,True
E,pm_bfs_U35,11,0.020000000000000018,False,True
E,pm_bfs_U35,11,0.040000000000000036,False,True
E,pm_bfs_U35,12,0.040000000000000036,False,True
E,pm_bfs_U35,12,0.08000000000000002,False,True
E,pm_bfs_U35,12,0.03999999999999998,False,True
E,pm_bfs_U35,13,0.020000000000000004,False,True
E,pm_bfs_U35,13,0.009999999999999995,False,True
E,pm_bfs_U35,13,0.010000000000000009,False,True
E,pm_bfs_U35,14,0.030000000000000027,False,True
E,pm_bfs_U35,14,0.020000000000000018,False,True
E,pm_bfs_U35,14,0.030000000000000027,False,True
E,pm_bfs_U35,15,0.03999999999999998,False,False
E,pm_bfs_U35,15,0.020000000000000018,False,True
E,pm_bfs_U35,15,0.020000000000000018,False,False
E,pm_bfs_U35,16,0.05000000000000002,False,True
E,pm_bfs_U35,17,0.050000000000000044,False,True
E,pm_bfs_U35,18,0.020000000000000018,False,True
E,pm_bfs_U35,19,0.010000000000000009,False,True
E,pm_bfs_U35,20,0.030000000000000027,False,True
E,pm_bfs_U35,21,0.020000000000000018,False,True
E,pm_bfs_U35,22,0.030000000000000027,False,True
E,pm_bfs_U35,23,0.020000000000000018,False,True
E,pm_bfs_U35,24,0.030000000000000027,False,True
E,pm_bfs_U35,25,0.030000000000000027,False,True
E,pm_bfs_U35,26,0.020000000000000018,False,True
E,pm_bfs_U35,27,0.010000000000000009,False,True
E,pm_bfs_U35,28,0.040000000000000036,False,True
E,pm_bfs_U35,29,0.030000000000000027,False,True
E,pm_bfs_U35,30,0.010000000000000009,False,True
E,pm_bfs_U35,31,0.009999999999999995,False,True
E,pm_bfs_U35,32,0.009999999999999998,False,True
E,pm_bfs_U35,33,0.040000000000000036,False,True
E,pm_bfs_U35,34,0.030000000000000027,False,True
E,pm_bfs_U35,35,0.010000000000000009,False,True
E,pm_bfs_U35,36,0.010000000000000009,False,False
E,pm_bfs_U44,0,0.010000000000000009,False,True
E,pm_bfs_U44,0,0.020000000000000018,False,True
E,pm_bfs_U44,0,0.020000000000000018,False,True
E,pm_bfs_U44,1,0.040000000000000036,False,True
E,pm_bfs_U44,1,0.030000000000000027,False,True
E,pm_bfs_U44,1,0.010000000000000009,False,True
E,pm_bfs_U44,2,0.020000000000000018,False,True
E,pm_bfs_U44,2,0.040000000000000036,False,True
E,pm_bfs_U44,2,0.020000000000000018,False,True
E,pm_bfs_U44,3,0.010000000000000009,False,True
E,pm_bfs_U44,3,0.020000000000000018,False,True
E,pm_bfs_U44,3,0.020000000000000004,False,True
E,pm_bfs_U44,4,0.010000000000000009,False,True
E,pm_bfs_U44,4,0.010000000000000009,False,False
E,pm_bfs_U44,4,0.020000000000000018,False,False
E,pm_bfs_U44,5,0.020000000000000018,False,True
E,pm_bfs_U44,6,0.0,True,True
E,pm_bfs_U44,7,0.010000000000000009,False,True
E,pm_bfs_U44,8,0.050000000000000044,False,True
E,pm_bfs_U44,9,0.020000000000000018,False,True
E,pm_bfs_U44,10,0.030000000000000027,False,True
E,pm_bfs_U44,11,0.01999999999999999,False,True
E,pm_bfs_U44,12,0.010000000000000009,False,True
E,pm_bfs_U44,13,0.03999999999999998,False,True
E,pm_bfs_U44,14,0.0,True,True
E,pm_bfs_U44,15,0.04999999999999999,False,True
E,pm_bfs_U44,16,0.07999999999999996,False,True
E,pm_bfs_U44,17,0.030000000000000027,False,True
E,pm_bfs_U44,18,0.08000000000000002,False,True
E,pm_bfs_U44,19,0.020000000000000018,False,True
E,pm_bfs_U44,20,0.03999999999999998,False,True
E,pm_bfs_U44,21,0.030000000000000027,False,True
E,pm_bfs_U44,22,0.010000000000000009,False,True
E,pm_bfs_U44,23,0.030000000000000027,False,True
E,pm_bfs_U44,24,0.020000000000000018,False,True
E,pm_bfs_U44,25,0.020000000000000018,False,True
E,pm_bfs_U44,26,0.10000000000000003,False,True
E,pm_bfs_U44,27,0.039999999999999925,False,True
E,pm_bfs_U44,28,0.020000000000000018,False,True
E,pm_bfs_U44,29,0.02999999999999997,False,True
E,pm_bfs_U44,30,0.020000000000000018,False,False
E,pm_bfs_U50,0,0.009999999999999981,False,True
E,pm_bfs_U50,0,0.01999999999999999,False,True
E,pm_bfs_U50,0,0.010000000000000009,False,True
E,pm_bfs_U50,1,0.010000000000000009,False,True
E,pm_bfs_U50,1,0.010000000000000009,False,True
E,pm_bfs_U50,1,0.0,True,True
E,pm_bfs_U50,2,0.010000000000000009,False,True
E,pm_bfs_U50,2,0.019999999999999962,False,True
E,pm_bfs_U50,2,0.02999999999999997,False,True
E,pm_bfs_U50,3,0.010000000000000009,False,True
E,pm_bfs_U50,3,0.010000000000000009,False,True
E,pm_bfs_U50,3,0.010000000000000009,False,True
E,pm_bfs_U50,4,0.050000000000000044,False,True
E,pm_bfs_U50,4,0.0,True,True
E,pm_bfs_U50,4,0.050000000000000044,False,True
E,pm_bfs_U50,5,0.01999999999999999,False,True
E,pm_bfs_U50,5,0.040000000000000036,False,True
E,pm_bfs_U50,5,0.030000000000000027,False,True
E,pm_bfs_U50,6,0.010000000000000009,False,True
E,pm_bfs_U50,6,0.010000000000000009,False,True
E,pm_bfs_U50,6,0.020000000000000018,False,True
E,pm_bfs_U50,7,0.010000000000000009,False,True
E,pm_bfs_U50,7,0.0,True,True
E,pm_bfs_U50,7,0.010000000000000009,False,True
E,pm_bfs_U50,8,0.030000000000000027,False,True
E,pm_bfs_U50,8,0.010000000000000009,False,True
E,pm_bfs_U50,8,0.020000000000000018,False,True
E,pm_bfs_U50,9,0.030000000000000027,False,False
E,pm_bfs_U50,9,0.020000000000000018,False,False
E,pm_bfs_U50,9,0.040000000000000036,False,True
E,pm_bfs_U50,10,0.040000000000000036,False,True
E,pm_bfs_U50,11,0.020000000000000018,False,True
E,pm_bfs_U50,12,0.010000000000000009,False,True
E,pm_bfs_U50,13,0.03999999999999998,False,True
E,pm_bfs_U50,14,0.06999999999999995,False,True
E,pm_bfs_U50,15,0.010000000000000009,False,True
E,pm_bfs_U50,16,0.010000000000000009,False,True
E,pm_bfs_U50,17,0.04999999999999999,False,True
E,pm_bfs_U50,18,0.030000000000000027,False,True
E,pm_bfs_U50,19,0.030000000000000027,False,True
E,pm_bfs_U50,20,0.030000000000000027,False,True
E,pm_bfs_U50,21,0.010000000000000009,False,True
E,pm_bfs_U50,22,0.010000000000000009,False,True
E,pm_bfs_U50,23,0.010000000000000009,False,True
E,pm_bfs_U50,24,0.020000000000000018,False,True
E,pm_bfs_U50,25,0.06000000000000005,False,True
E,pm_bfs_U50,26,0.030000000000000027,False,True
E,pm_bfs_U50,27,0.010000000000000009,False,True
E,pm_bfs_U50,28,0.010000000000000009,False,True
E,pm_bfs_U50,29,0.020000000000000018,False,True
E,pm_bfs_U50,30,0.020000000000000018,False,True
E,pm_bfs_U50,31,0.03999999999999998,False,True
E,pm_bfs_U50,32,0.030000000000000027,False,True
E,pm_bfs_U50,33,0.030000000000000027,False,True
E,pm_bfs_U50,34,0.010000000000000009,False,True
E,pm_bfs_U50,35,0.020000000000000018,False,True
E,pm_bfs_U50,36,0.010000000000000009,False,True
E,pm_bfs_U50,37,0.009999999999999995,False,True
E,pm_bfs_U50,38,0.010000000000000009,False,True
E,pm_bfs_U50,39,0.010000000000000009,False,True
E,pm_bfs_U50,40,0.010000000000000009,False,True
E,pm_bfs_U50,41,0.030000000000000027,False,True
E,pm_bfs_U50,42,0.019999999999999962,False,True
E,pm_bfs_U50,43,0.01999999999999999,False,True
E,pm_bfs_U50,44,0.010000000000000009,False,True
E,pm_bfs_U50,45,0.010000000000000002,False,True
E,pm_bfs_U50,46,0.04999999999999999,False,True
E,pm_bfs_U50,47,0.010000000000000009,False,True
E,pm_bfs_U55,0,0.01999999999999999,False,True
E,pm_bfs_U55,0,0.01999999999999999,False,True
E,pm_bfs_U55,0,0.01999999999999999,False,True
E,pm_bfs_U55,1,0.020000000000000018,False,True
E,pm_bfs_U55,1,0.07,False,True
E,pm_bfs_U55,1,0.04999999999999999,False,True
E,pm_bfs_U55,2,0.010000000000000009,False,True
E,pm_bfs_U55,2,0.010000000000000009,False,True
E,pm_bfs_U55,2,0.0,True,True
E,pm_bfs_U55,3,0.020000000000000018,False,True
E,pm_bfs_U55,3,0.030000000000000027,False,True
E,pm_bfs_U55,3,0.010000000000000009,False,True
E,pm_bfs_U55,4,0.04000000000000001,False,True
E,pm_bfs_U55,4,0.020000000000000018,False,True
E,pm_bfs_U55,4,0.040000000000000036,False,True
E,pm_bfs_U55,5,0.010000000000000009,False,True
E,pm_bfs_U55,5,0.009999999999999995,False,True
E,pm_bfs_U55,5,0.010000000000000009,False,True
E,pm_bfs_U55,6,0.010000000000000009,False,True
E,pm_bfs_U55,6,0.010000000000000009,False,True
E,pm_bfs_U55,6,0.010000000000000009,False,True
E,pm_bfs_U55,7,0.040000000000000036,False,True
E,pm_bfs_U55,7,0.040000000000000036,False,True
E,pm_bfs_U55,7,0.020000000000000018,False,True
E,pm_bfs_U55,8,0.010000000000000009,False,True
E,pm_bfs_U55,8,0.010000000000000009,False,True
E,pm_bfs_U55,8,0.010000000000000009,False,True
E,pm_bfs_U55,9,0.020000000000000018,False,True
E,pm_bfs_U55,9,0.01999999999999999,False,True
E,pm_bfs_U55,9,0.020000000000000018,False,True
E,pm_bfs_U55,10,0.030000000000000027,False,True
E,pm_bfs_U55,10,0.020000000000000018,False,True
E,pm_bfs_U55,10,0.04999999999999999,False,True
E,pm_bfs_U55,11,0.029999999999999916,False,True
E,pm_bfs_U55,11,0.02999999999999997,False,True
E,pm_bfs_U55,11,0.02999999999999997,False,True
E,pm_bfs_U55,12,0.04999999999999999,False,True
E,pm_bfs_U55,12,0.010000000000000009,False,True
E,pm_bfs_U55,12,0.06,False,True
E,pm_bfs_U55,13,0.02999999999999997,False,True
E,pm_bfs_U55,13,0.019999999999999962,False,True
E,pm_bfs_U55,13,0.020000000000000018,False,True
E,pm_bfs_U55,14,0.039999999999999925,False,True
E,pm_bfs_U55,14,0.020000000000000018,False,True
E,pm_bfs_U55,14,0.04999999999999993,False,True
E,pm_bfs_U55,15,0.010000000000000009,False,True
E,pm_bfs_U55,15,0.07999999999999996,False,True
E,pm_bfs_U55,15,0.07999999999999996,False,True
E,pm_bfs_U55,16,0.010000000000000009,False,True
E,pm_bfs_U55,16,0.010000000000000009,False,True
E,pm_bfs_U55,16,0.020000000000000018,False,True
E,pm_bfs_U55,17,0.020000000000000018,False,True
E,pm_bfs_U55,17,0.030000000000000027,False,True
E,pm_bfs_U55,17,0.010000000000000009,False,True
E,pm_bfs_U55,18,0.020000000000000018,False,True
E,pm_bfs_U55,18,0.019999999999999962,False,True
E,pm_bfs_U55,18,0.010000000000000009,False,True
E,pm_bfs_U55,19,0.010000000000000009,False,True
E,pm_bfs_U55,19,0.010000000000000009,False,True
E,pm_bfs_U55,19,0.020000000000000018,False,True
E,pm_bfs_U55,20,0.010000000000000009,False,True
E,pm_bfs_U55,20,0.010000000000000009,False,True
E,pm_bfs_U55,20,0.010000000000000009,False,True
E,pm_bfs_U55,21,0.0,True,True
E,pm_bfs_U55,21,0.010000000000000009,False,True
E,pm_bfs_U55,21,0.010000000000000009,False,True
E,pm_bfs_U55,22,0.020000000000000004,False,True
E,pm_bfs_U55,22,0.019999999999999962,False,True
E,pm_bfs_U55,22,0.03,False,True
E,pm_bfs_U55,23,0.040000000000000036,False,True
E,pm_bfs_U55,23,0.019999999999999962,False,True
E,pm_bfs_U55,23,0.06,False,True
E,pm_bfs_U55,24,0.04999999999999999,False,True
E,pm_bfs_U55,24,0.019999999999999907,False,True
E,pm_bfs_U55,24,0.04999999999999999,False,True
E,pm_bfs_U55,25,0.040000000000000036,False,True
E,pm_bfs_U55,25,0.040000000000000036,False,True
E,pm_bfs_U55,25,0.05999999999999997,False,True
E,pm_bfs_U55,26,0.0,True,True
E,pm_bfs_U55,26,0.019999999999999962,False,True
E,pm_bfs_U55,26,0.019999999999999962,False,True
E,pm_bfs_U55,27,0.019999999999999962,False,False
E,pm_bfs_U55,27,0.06000000000000005,False,False
E,pm_bfs_U55,27,0.050000000000000044,False,True
E,pm_bfs_U55,28,0.020000000000000018,False,True
E,pm_bfs_U55,29,0.020000000000000018,False,True
E,pm_bfs_U55,30,0.01999999999999999,False,True
E,pm_bfs_U55,31,0.040000000000000036,False,True
E,pm_bfs_U55,32,0.01999999999999999,False,True
E,pm_bfs_U55,33,0.02999999999999997,False,True
E,pm_bfs_U55,34,0.03999999999999998,False,True
E,pm_bfs_U55,35,0.020000000000000018,False,True
E,pm_bfs_U55,36,0.010000000000000009,False,True
E,pm_bfs_U55,37,0.020000000000000018,False,True
E,pm_bfs_U55,38,0.020000000000000018,False,True
E,pm_bfs_U55,39,0.06000000000000005,False,True
E,pm_bfs_U55,40,0.010000000000000009,False,True
E,pm_bfs_U55,41,0.02999999999999997,False,True
E,pm_bfs_U55,42,0.039999999999999925,False,True
E,pm_bfs_U55,43,0.010000000000000009,False,True
E,pm_bfs_U55,44,0.010000000000000009,False,True
E,pm_bfs_U55,45,0.010000000000000002,False,True
E,pm_bfs_U55,46,0.02999999999999997,False,True
E,pm_bfs_U55,47,0.06,False,True
E,pm_bfs_U55,48,0.040000000000000036,False,True
E,pm_bfs_U65,0,0.01999999999999999,False,True
E,pm_bfs_U65,0,0.010000000000000009,False,True
E,pm_bfs_U65,0,0.010000000000000009,False,True
E,pm_bfs_U65,1,0.02999999999999997,False,True
E,pm_bfs_U65,1,0.020000000000000004,False,True
E,pm_bfs_U65,1,0.03999999999999998,False,True
E,pm_bfs_U65,2,0.010000000000000009,False,True
E,pm_bfs_U65,2,0.010000000000000009,False,True
E,pm_bfs_U65,2,0.019999999999999907,False,True
E,pm_bfs_U65,3,0.07000000000000006,False,True
E,pm_bfs_U65,3,0.09999999999999998,False,True
E,pm_bfs_U65,3,0.029999999999999916,False,True
E,pm_bfs_U65,4,0.030000000000000027,False,True
E,pm_bfs_U65,4,0.020000000000000018,False,False
E,pm_bfs_U65,4,0.050000000000000044,False,False
E,pm_bfs_U65,5,0.010000000000000009,False,True
E,pm_bfs_U65,6,0.01999999999999999,False,True
E,pm_bfs_U65,7,0.020000000000000018,False,True
E,pm_bfs_U65,8,0.010000000000000009,False,True
E,pm_bfs_U65,9,0.020000000000000018,False,True
E,pm_bfs_U65,10,0.07,False,True
E,pm_bfs_U65,11,0.050000000000000044,False,True
E,pm_bfs_U65,12,0.010000000000000009,False,True
E,pm_bfs_U65,13,0.040000000000000036,False,True
E,pm_bfs_U65,14,0.030000000000000027,False,True
E,pm_bfs_U65,15,0.030000000000000027,False,True
E,pm_bfs_U65,16,0.02999999999999997,False,True
E,pm_bfs_U65,17,0.020000000000000018,False,True
E,pm_bfs_U65,18,0.040000000000000036,False,True
E,pm_bfs_U65,19,0.010000000000000009,False,True
E,pm_bfs_U65,20,0.009999999999999898,False,True
E,pm_bfs_U65,21,0.0,True,True
E,pm_bfs_U65,22,0.020000000000000018,False,False
E,pm_bfs_U70,0,0.01999999999999999,False,True
E,pm_bfs_U70,0,0.010000000000000009,False,True
E,pm_bfs_U70,0,0.01999999999999999,False,True
E,pm_bfs_U70,1,0.06,False,True
E,pm_bfs_U70,1,0.020000000000000018,False,True
E,pm_bfs_U70,1,0.03999999999999998,False,True
E,pm_bfs_U70,2,0.040000000000000036,False,True
E,pm_bfs_U70,2,0.040000000000000036,False,True
E,pm_bfs_U70,2,0.0,True,True
E,pm_bfs_U70,3,0.10999999999999999,False,False
E,pm_bfs_U70,3,0.05999999999999994,False,False
E,pm_bfs_U70,3,0.050000000000000044,False,True
E,pm_bfs_U70,4,0.020000000000000018,False,False
E,pm_bfs_U75,0,0.01999999999999999,False,True
E,pm_bfs_U75,0,0.020000000000000018,False,True
E,pm_bfs_U75,0,0.01999999999999999,False,True
E,pm_bfs_U75,1,0.020000000000000018,False,True
E,pm_bfs_U75,1,0.020000000000000018,False,True
E,pm_bfs_U75,1,0.040000000000000036,False,True
E,pm_bfs_U75,2,0.020000000000000018,False,True
E,pm_bfs_U75,2,0.050000000000000044,False,True
E,pm_bfs_U75,2,0.07000000000000006,False,True
E,pm_bfs_U75,3,0.050000000000000044,False,False
E,pm_bfs_U75,3,0.020000000000000018,False,False
E,pm_bfs_U75,3,0.030000000000000027,False,True
E,pm_bfs_U75,4,0.010000000000000009,False,True
E,pm_bfs_U75,5,0.010000000000000009,False,True
E,pm_bfs_U75,6,0.01999999999999999,False,True
E,pm_bfs_U75,7,0.040000000000000036,False,True
E,pm_bfs_U75,8,0.030000000000000027,False,True
E,pm_bfs_U75,9,0.03999999999999998,False,True
E,pm_bfs_U75,10,0.030000000000000027,False,True
E,pm_bfs_U75,11,0.03999999999999998,False,True
E,pm_bfs_U75,12,0.04999999999999993,False,True
E,pm_bfs_U75,13,0.039999999999999925,False,True
E,pm_bfs_U75,14,0.020000000000000018,False,True
E,pm_bfs_U75,15,0.030000000000000027,False,True
E,pm_bfs_U75,16,0.010000000000000009,False,True
E,pm_bfs_U75,17,0.020000000000000018,False,True
E,pm_bfs_U75,18,0.03,False,True
E,pm_bfs_U75,19,0.010000000000000009,False,True
E,pm_bfs_U75,20,0.020000000000000018,False,True
E,pm_bfs_U75,21,0.010000000000000009,False,True
E,pm_bfs_U75,22,0.010000000000000009,False,True
E,pm_bfs_U75,23,0.02999999999999997,False,False
T,cav3T_Re1000_dt15,0,0.020000000000000018,False,True
T,cav3T_Re1000_dt15,0,0.010000000000000009,False,True
T,cav3T_Re1000_dt15,0,0.010000000000000009,False,True
T,cav3T_Re1000_dt15,1,0.010000000000000009,False,True
T,cav3T_Re1000_dt15,1,0.030000000000000027,False,True
T,cav3T_Re1000_dt15,1,0.020000000000000018,False,True
T,cav3T_Re1000_dt15,2,0.010000000000000009,False,True
T,cav3T_Re1000_dt15,2,0.010000000000000009,False,True
T,cav3T_Re1000_dt15,2,0.009999999999999995,False,True
T,cav3T_Re1000_dt15,3,0.020000000000000018,False,True
T,cav3T_Re1000_dt15,3,0.010000000000000009,False,True
T,cav3T_Re1000_dt15,3,0.020000000000000018,False,True
T,cav3T_Re1000_dt15,4,0.020000000000000018,False,True
T,cav3T_Re1000_dt15,4,0.020000000000000018,False,True
T,cav3T_Re1000_dt15,4,0.030000000000000027,False,True
T,cav3T_Re1000_dt15,5,0.02999999999999997,False,True
T,cav3T_Re1000_dt15,5,0.03999999999999998,False,True
T,cav3T_Re1000_dt15,5,0.010000000000000009,False,True
T,cav3T_Re1000_dt15,6,0.020000000000000018,False,True
T,cav3T_Re1000_dt15,6,0.010000000000000009,False,True
T,cav3T_Re1000_dt15,6,0.020000000000000018,False,True
T,cav3T_Re1000_dt15,7,0.010000000000000009,False,True
T,cav3T_Re1000_dt15,7,0.020000000000000018,False,True
T,cav3T_Re1000_dt15,7,0.010000000000000009,False,True
T,cav3T_Re1000_dt15,8,0.02999999999999997,False,True
T,cav3T_Re1000_dt15,8,0.020000000000000018,False,True
T,cav3T_Re1000_dt15,8,0.02999999999999997,False,True
T,cav3T_Re1000_dt15,9,0.020000000000000018,False,True
T,cav3T_Re1000_dt15,9,0.019999999999999962,False,True
T,cav3T_Re1000_dt15,9,0.03999999999999998,False,True
T,cav3T_Re1000_dt15,10,0.020000000000000018,False,True
T,cav3T_Re1000_dt15,10,0.020000000000000018,False,True
T,cav3T_Re1000_dt15,10,0.010000000000000009,False,True
T,cav3T_Re1000_dt15,11,0.040000000000000036,False,True
T,cav3T_Re1000_dt15,11,0.010000000000000009,False,True
T,cav3T_Re1000_dt15,11,0.030000000000000027,False,True
T,cav3T_Re1000_dt15,12,0.019999999999999962,False,True
T,cav3T_Re1000_dt15,12,0.010000000000000009,False,True
T,cav3T_Re1000_dt15,12,0.02999999999999997,False,True
T,cav3T_Re1000_dt15,13,0.02999999999999997,False,True
T,cav3T_Re1000_dt15,13,0.02999999999999997,False,True
T,cav3T_Re1000_dt15,13,0.010000000000000009,False,True
T,cav3T_Re1000_dt15,14,0.019999999999999962,False,True
T,cav3T_Re1000_dt15,14,0.010000000000000009,False,True
T,cav3T_Re1000_dt15,14,0.010000000000000009,False,True
T,cav3T_Re1000_dt15,15,0.02999999999999997,False,True
T,cav3T_Re1000_dt15,15,0.019999999999999962,False,True
T,cav3T_Re1000_dt15,15,0.010000000000000009,False,True
T,cav3T_Re1000_dt15,16,0.010000000000000009,False,True
T,cav3T_Re1000_dt15,16,0.010000000000000009,False,True
T,cav3T_Re1000_dt15,16,0.0,True,True
T,cav3T_Re1000_dt15,17,0.03999999999999998,False,True
T,cav3T_Re1000_dt15,17,0.06,False,True
T,cav3T_Re1000_dt15,17,0.020000000000000018,False,True
T,cav3T_Re1000_dt15,18,0.030000000000000027,False,True
T,cav3T_Re1000_dt15,18,0.020000000000000018,False,True
T,cav3T_Re1000_dt15,18,0.010000000000000009,False,True
T,cav3T_Re1000_dt15,19,0.010000000000000009,False,True
T,cav3T_Re1000_dt15,19,0.06,False,True
T,cav3T_Re1000_dt15,19,0.04999999999999999,False,True
T,cav3T_Re1000_dt15,20,0.02999999999999997,False,True
T,cav3T_Re1000_dt15,20,0.020000000000000018,False,True
T,cav3T_Re1000_dt15,20,0.010000000000000009,False,True
T,cav3T_Re1000_dt15,21,0.02999999999999997,False,True
T,cav3T_Re1000_dt15,21,0.019999999999999962,False,True
T,cav3T_Re1000_dt15,21,0.010000000000000009,False,True
T,cav3T_Re1000_dt15,22,0.010000000000000009,False,True
T,cav3T_Re1000_dt15,22,0.010000000000000009,False,True
T,cav3T_Re1000_dt15,22,0.010000000000000009,False,True
T,cav3T_Re1000_dt15,23,0.020000000000000018,False,True
T,cav3T_Re1000_dt15,23,0.020000000000000018,False,True
T,cav3T_Re1000_dt15,23,0.0,True,True
T,cav3T_Re1000_dt15,24,0.010000000000000009,False,True
T,cav3T_Re1000_dt15,24,0.010000000000000009,False,True
T,cav3T_Re1000_dt15,24,0.010000000000000009,False,True
T,cav3T_Re1000_dt15,25,0.020000000000000018,False,True
T,cav3T_Re1000_dt15,25,0.019999999999999962,False,True
T,cav3T_Re1000_dt15,25,0.03999999999999998,False,True
T,cav3T_Re1000_dt30,0,0.030000000000000027,False,True
T,cav3T_Re1000_dt30,0,0.02999999999999997,False,True
T,cav3T_Re1000_dt30,0,0.06,False,True
T,cav3T_Re1000_dt30,1,0.040000000000000036,False,True
T,cav3T_Re1000_dt30,1,0.030000000000000027,False,True
T,cav3T_Re1000_dt30,1,0.010000000000000009,False,True
T,cav3T_Re1000_dt30,2,0.040000000000000036,False,True
T,cav3T_Re1000_dt30,2,0.020000000000000018,False,True
T,cav3T_Re1000_dt30,2,0.020000000000000018,False,True
T,cav3T_Re1000_dt30,3,0.030000000000000027,False,True
T,cav3T_Re1000_dt30,3,0.030000000000000027,False,True
T,cav3T_Re1000_dt30,3,0.0,True,True
T,cav3T_Re1000_dt30,4,0.010000000000000009,False,True
T,cav3T_Re1000_dt30,4,0.0,True,True
T,cav3T_Re1000_dt30,4,0.010000000000000009,False,True
T,cav3T_Re1000_dt30,5,0.010000000000000009,False,True
T,cav3T_Re1000_dt30,5,0.020000000000000018,False,True
T,cav3T_Re1000_dt30,5,0.010000000000000009,False,True
T,cav3T_Re1000_dt30,6,0.03999999999999998,False,True
T,cav3T_Re1000_dt30,6,0.010000000000000002,False,True
T,cav3T_Re1000_dt30,6,0.03999999999999998,False,True
T,cav3T_Re1000_dt30,7,0.010000000000000009,False,True
T,cav3T_Re1000_dt30,7,0.02999999999999997,False,True
T,cav3T_Re1000_dt30,7,0.03999999999999998,False,True
T,cav3T_Re1000_dt30,9,0.03999999999999998,False,True
T,cav3T_Re1000_dt30,9,0.02999999999999997,False,True
T,cav3T_Re1000_dt30,9,0.010000000000000009,False,True
T,cav3T_Re1000_dt30,10,0.019999999999999962,False,True
T,cav3T_Re1000_dt30,10,0.019999999999999962,False,True
T,cav3T_Re1000_dt30,10,0.009999999999999995,False,True
T,cav3T_Re1000_dt30,11,0.010000000000000009,False,True
T,cav3T_Re1000_dt30,11,0.020000000000000018,False,True
T,cav3T_Re1000_dt30,11,0.01999999999999999,False,True
T,cav3T_Re1000_dt30,12,0.06999999999999995,False,True
T,cav3T_Re1000_dt30,12,0.009999999999999953,False,True
T,cav3T_Re1000_dt30,12,0.06,False,True
T,cav3T_Re1000_dt30,13,0.02999999999999997,False,True
T,cav3T_Re1000_dt30,13,0.03999999999999998,False,True
T,cav3T_Re1000_dt30,13,0.010000000000000009,False,True
T,cav3T_Re2000_dt15,0,0.020000000000000018,False,True
T,cav3T_Re2000_dt15,0,0.02999999999999997,False,True
T,cav3T_Re2000_dt15,0,0.04999999999999999,False,True
T,cav3T_Re2000_dt15,1,0.010000000000000009,False,True
T,cav3T_Re2000_dt15,1,0.010000000000000009,False,True
T,cav3T_Re2000_dt15,1,0.010000000000000009,False,True
T,cav3T_Re2000_dt15,2,0.010000000000000009,False,True
T,cav3T_Re2000_dt15,2,0.010000000000000009,False,True
T,cav3T_Re2000_dt15,2,0.0,True,True
T,cav3T_Re2000_dt15,3,0.010000000000000009,False,True
T,cav3T_Re2000_dt15,3,0.010000000000000009,False,True
T,cav3T_Re2000_dt15,3,0.020000000000000018,False,True
T,cav3T_Re2000_dt15,4,0.010000000000000009,False,True
T,cav3T_Re2000_dt15,4,0.030000000000000027,False,True
T,cav3T_Re2000_dt15,4,0.030000000000000027,False,True
T,cav3T_Re2000_dt15,5,0.0,True,True
T,cav3T_Re2000_dt15,5,0.020000000000000018,False,True
T,cav3T_Re2000_dt15,5,0.020000000000000018,False,True
T,cav3T_Re2000_dt15,6,0.010000000000000009,False,True
T,cav3T_Re2000_dt15,6,0.010000000000000009,False,True
T,cav3T_Re2000_dt15,6,0.020000000000000018,False,True
T,cav3T_Re2000_dt15,7,0.02999999999999997,False,True
T,cav3T_Re2000_dt15,7,0.02999999999999997,False,True
T,cav3T_Re2000_dt15,7,0.0,True,True
T,cav3T_Re2000_dt15,8,0.010000000000000009,False,True
T,cav3T_Re2000_dt15,8,0.020000000000000018,False,True
T,cav3T_Re2000_dt15,8,0.010000000000000009,False,True
T,cav3T_Re2000_dt15,9,0.04000000000000001,False,True
T,cav3T_Re2000_dt15,9,0.020000000000000018,False,True
T,cav3T_Re2000_dt15,9,0.01999999999999999,False,True
T,cav3T_Re2000_dt15,10,0.020000000000000018,False,True
T,cav3T_Re2000_dt15,10,0.08000000000000002,False,True
T,cav3T_Re2000_dt15,10,0.06,False,True
T,cav3T_Re2000_dt15,11,0.030000000000000027,False,True
T,cav3T_Re2000_dt15,11,0.030000000000000027,False,True
T,cav3T_Re2000_dt15,11,0.0,True,True
T,cav3T_Re2000_dt15,12,0.010000000000000009,False,True
T,cav3T_Re2000_dt15,12,0.040000000000000036,False,True
T,cav3T_Re2000_dt15,12,0.030000000000000027,False,True
T,cav3T_Re2000_dt15,13,0.010000000000000009,False,True
T,cav3T_Re2000_dt15,13,0.020000000000000018,False,True
T,cav3T_Re2000_dt15,13,0.020000000000000018,False,True
T,cav3T_Re2000_dt15,14,0.010000000000000009,False,True
T,cav3T_Re2000_dt15,14,0.01999999999999999,False,True
T,cav3T_Re2000_dt15,14,0.010000000000000009,False,True
T,cav3T_Re2000_dt15,15,0.020000000000000018,False,True
T,cav3T_Re2000_dt15,15,0.01999999999999999,False,True
T,cav3T_Re2000_dt15,15,0.010000000000000009,False,True
T,cav3T_Re2000_dt15,16,0.009999999999999995,False,True
T,cav3T_Re2000_dt15,16,0.010000000000000009,False,True
T,cav3T_Re2000_dt15,16,0.010000000000000009,False,True
T,cav3T_Re2000_dt15,17,0.01999999999999999,False,True
T,cav3T_Re2000_dt15,17,0.010000000000000009,False,True
T,cav3T_Re2000_dt15,17,0.010000000000000009,False,True
T,cav3T_Re2000_dt15,18,0.02999999999999997,False,True
T,cav3T_Re2000_dt15,18,0.009999999999999953,False,True
T,cav3T_Re2000_dt15,18,0.020000000000000018,False,True
T,cav3T_Re2000_dt15,19,0.020000000000000018,False,True
T,cav3T_Re2000_dt15,19,0.020000000000000018,False,True
T,cav3T_Re2000_dt15,19,0.010000000000000009,False,True
T,cav3T_Re2000_dt15,21,0.02999999999999997,False,True
T,cav3T_Re2000_dt15,21,0.02999999999999997,False,True
T,cav3T_Re2000_dt15,21,0.009999999999999995,False,True
T,cav3T_Re2000_dt15,22,0.020000000000000018,False,True
T,cav3T_Re2000_dt15,22,0.010000000000000009,False,True
T,cav3T_Re2000_dt15,22,0.030000000000000027,False,True
T,cav3T_Re2000_dt15,23,0.019999999999999962,False,True
T,cav3T_Re2000_dt15,23,0.02999999999999997,False,True
T,cav3T_Re2000_dt15,23,0.010000000000000009,False,True
T,cav3T_Re2000_dt15,24,0.020000000000000018,False,True
T,cav3T_Re2000_dt15,24,0.020000000000000018,False,True
T,cav3T_Re2000_dt15,24,0.010000000000000009,False,True
T,cav3T_Re2000_dt15,25,0.03999999999999998,False,True
T,cav3T_Re2000_dt15,25,0.06,False,True
T,cav3T_Re2000_dt15,25,0.020000000000000018,False,True
T,cav3T_Re2000_dt15,26,0.020000000000000018,False,True
T,cav3T_Re2000_dt15,26,0.010000000000000009,False,True
T,cav3T_Re2000_dt15,26,0.010000000000000009,False,True
T,cav3T_Re400_dt30,0,0.04000000000000001,False,True
T,cav3T_Re400_dt30,0,0.04000000000000001,False,True
T,cav3T_Re400_dt30,0,0.06999999999999998,False,True
T,cav3T_Re400_dt30,1,0.019999999999999962,False,True
T,cav3T_Re400_dt30,1,0.009999999999999953,False,True
T,cav3T_Re400_dt30,1,0.010000000000000009,False,True
T,cav3T_Re400_dt30,2,0.04999999999999999,False,True
T,cav3T_Re400_dt30,2,0.03999999999999998,False,True
T,cav3T_Re400_dt30,2,0.010000000000000009,False,True
T,cav3T_Re400_dt30,3,0.019999999999999962,False,True
T,cav3T_Re400_dt30,3,0.019999999999999962,False,True
T,cav3T_Re400_dt30,3,0.009999999999999995,False,True
T,cav3T_Re400_dt30,4,0.020000000000000018,False,True
T,cav3T_Re400_dt30,4,0.010000000000000009,False,True
T,cav3T_Re400_dt30,4,0.010000000000000009,False,True
T,cav3T_Re400_dt30,5,0.010000000000000009,False,True
T,cav3T_Re400_dt30,5,0.020000000000000018,False,True
T,cav3T_Re400_dt30,5,0.020000000000000018,False,True
T,cav3T_Re400_dt30,6,0.010000000000000009,False,True
T,cav3T_Re400_dt30,6,0.010000000000000009,False,True
T,cav3T_Re400_dt30,6,0.010000000000000009,False,True
T,cav3T_Re400_dt30,7,0.010000000000000009,False,True
T,cav3T_Re400_dt30,7,0.009999999999999898,False,True
T,cav3T_Re400_dt30,7,0.010000000000000009,False,True
T,cavT_Re1000_dt05,0,0.019999999999999962,False,True
T,cavT_Re1000_dt05,0,0.010000000000000009,False,True
T,cavT_Re1000_dt05,0,0.02999999999999997,False,True
T,cavT_Re1000_dt05,1,0.010000000000000009,False,True
T,cavT_Re1000_dt05,1,0.0,True,True
T,cavT_Re1000_dt05,1,0.010000000000000009,False,True
T,cavT_Re1000_dt05,2,0.06,False,True
T,cavT_Re1000_dt05,2,0.03999999999999998,False,True
T,cavT_Re1000_dt05,2,0.020000000000000018,False,True
T,cavT_Re1000_dt05,3,0.010000000000000009,False,True
T,cavT_Re1000_dt05,3,0.010000000000000009,False,True
T,cavT_Re1000_dt05,3,0.009999999999999981,False,True
T,cavT_Re1000_dt05,4,0.010000000000000009,False,True
T,cavT_Re1000_dt05,4,0.01999999999999999,False,True
T,cavT_Re1000_dt05,4,0.009999999999999981,False,True
T,cavT_Re1000_dt05,5,0.009999999999999981,False,True
T,cavT_Re1000_dt05,5,0.020000000000000018,False,True
T,cavT_Re1000_dt05,5,0.03,False,True
T,cavT_Re1000_dt05,6,0.010000000000000009,False,True
T,cavT_Re1000_dt05,6,0.010000000000000009,False,True
T,cavT_Re1000_dt05,6,0.020000000000000018,False,True
T,cavT_Re1000_dt05,8,0.0,True,True
T,cavT_Re1000_dt05,8,0.020000000000000018,False,True
T,cavT_Re1000_dt05,8,0.020000000000000018,False,True
T,cavT_Re1000_dt05,9,0.010000000000000009,False,True
T,cavT_Re1000_dt05,9,0.020000000000000018,False,True
T,cavT_Re1000_dt05,9,0.010000000000000009,False,True
T,cavT_Re1000_dt05,10,0.010000000000000009,False,True
T,cavT_Re1000_dt05,10,0.01999999999999999,False,True
T,cavT_Re1000_dt05,10,0.010000000000000009,False,True
T,cavT_Re1000_dt05,11,0.009999999999999981,False,True
T,cavT_Re1000_dt05,11,0.0,True,True
T,cavT_Re1000_dt05,11,0.009999999999999981,False,True
T,cavT_Re1000_dt05,12,0.010000000000000009,False,True
T,cavT_Re1000_dt05,12,0.010000000000000009,False,True
T,cavT_Re1000_dt05,12,0.010000000000000009,False,True
T,cavT_Re1000_dt05,13,0.02999999999999997,False,True
T,cavT_Re1000_dt05,13,0.009999999999999953,False,True
T,cavT_Re1000_dt05,13,0.020000000000000018,False,True
T,cavT_Re1000_dt05,14,0.010000000000000009,False,True
T,cavT_Re1000_dt05,14,0.009999999999999981,False,True
T,cavT_Re1000_dt05,14,0.010000000000000009,False,True
T,cavT_Re1000_dt05,15,0.020000000000000018,False,True
T,cavT_Re1000_dt05,15,0.0,True,True
T,cavT_Re1000_dt05,15,0.020000000000000018,False,True
T,cavT_Re1000_dt05,16,0.03,False,True
T,cavT_Re1000_dt05,16,0.010000000000000009,False,True
T,cavT_Re1000_dt05,16,0.01999999999999999,False,True
T,cavT_Re1000_dt05,17,0.020000000000000018,False,True
T,cavT_Re1000_dt05,17,0.010000000000000009,False,True
T,cavT_Re1000_dt05,17,0.030000000000000027,False,True
T,cavT_Re1000_dt05,18,0.010000000000000009,False,True
T,cavT_Re1000_dt05,18,0.010000000000000009,False,True
T,cavT_Re1000_dt05,18,0.010000000000000009,False,True
T,cavT_Re1000_dt05,20,0.020000000000000018,False,True
T,cavT_Re1000_dt05,20,0.0,True,True
T,cavT_Re1000_dt05,20,0.020000000000000018,False,True
T,cavT_Re1000_dt05,21,0.03,False,True
T,cavT_Re1000_dt05,21,0.01999999999999999,False,True
T,cavT_Re1000_dt05,21,0.010000000000000009,False,True
T,cavT_Re1000_dt05,22,0.010000000000000009,False,True
T,cavT_Re1000_dt05,22,0.03,False,True
T,cavT_Re1000_dt05,22,0.04000000000000001,False,True
T,cavT_Re1000_dt05,23,0.019999999999999962,False,True
T,cavT_Re1000_dt05,23,0.04999999999999999,False,True
T,cavT_Re1000_dt05,23,0.030000000000000027,False,True
T,cavT_Re1000_dt05,24,0.010000000000000009,False,True
T,cavT_Re1000_dt05,24,0.020000000000000018,False,True
T,cavT_Re1000_dt05,24,0.010000000000000009,False,True
T,cavT_Re1000_dt05,25,0.010000000000000009,False,True
T,cavT_Re1000_dt05,25,0.010000000000000009,False,True
T,cavT_Re1000_dt05,25,0.01999999999999999,False,True
T,cavT_Re1000_dt05,26,0.010000000000000009,False,True
T,cavT_Re1000_dt05,26,0.01999999999999999,False,True
T,cavT_Re1000_dt05,26,0.01999999999999999,False,True
T,cavT_Re1000_dt05,27,0.010000000000000009,False,True
T,cavT_Re1000_dt05,27,0.020000000000000018,False,True
T,cavT_Re1000_dt05,27,0.030000000000000027,False,True
T,cavT_Re1000_dt05,28,0.010000000000000009,False,True
T,cavT_Re1000_dt05,28,0.010000000000000009,False,True
T,cavT_Re1000_dt05,28,0.010000000000000009,False,True
T,cavT_Re1000_dt05,29,0.0,True,True
T,cavT_Re1000_dt05,29,0.03999999999999998,False,True
T,cavT_Re1000_dt05,29,0.03999999999999998,False,True
T,cavT_Re1000_dt05,30,0.010000000000000009,False,True
T,cavT_Re1000_dt05,30,0.010000000000000009,False,True
T,cavT_Re1000_dt05,30,0.0,True,True
T,cavT_Re1000_dt05,31,0.010000000000000009,False,True
T,cavT_Re1000_dt05,31,0.019999999999999962,False,True
T,cavT_Re1000_dt05,31,0.02999999999999997,False,True
T,cavT_Re1000_dt05,32,0.01999999999999999,False,True
T,cavT_Re1000_dt05,32,0.03,False,True
T,cavT_Re1000_dt05,32,0.010000000000000009,False,True
T,cavT_Re1000_dt05,33,0.010000000000000009,False,True
T,cavT_Re1000_dt05,33,0.010000000000000009,False,True
T,cavT_Re1000_dt05,33,0.010000000000000009,False,True
T,cavT_Re1000_dt05,34,0.009999999999999995,False,True
T,cavT_Re1000_dt05,34,0.010000000000000009,False,True
T,cavT_Re1000_dt05,34,0.010000000000000009,False,True
T,cavT_Re1000_dt05,35,0.020000000000000018,False,True
T,cavT_Re1000_dt05,35,0.010000000000000009,False,True
T,cavT_Re1000_dt05,35,0.020000000000000018,False,True
T,cavT_Re1000_dt05,36,0.03,False,True
T,cavT_Re1000_dt05,36,0.01999999999999999,False,True
T,cavT_Re1000_dt05,36,0.01999999999999999,False,True
T,cavT_Re1000_dt05,37,0.020000000000000018,False,True
T,cavT_Re1000_dt05,37,0.030000000000000027,False,True
T,cavT_Re1000_dt05,37,0.010000000000000009,False,True
T,cavT_Re1000_dt05,38,0.010000000000000009,False,True
T,cavT_Re1000_dt05,38,0.010000000000000009,False,True
T,cavT_Re1000_dt05,38,0.020000000000000018,False,True
T,cavT_Re1000_dt05,39,0.01999999999999999,False,True
T,cavT_Re1000_dt05,39,0.010000000000000009,False,True
T,cavT_Re1000_dt05,39,0.01999999999999999,False,True
T,cavT_Re1000_dt05,40,0.030000000000000027,False,True
T,cavT_Re1000_dt05,40,0.030000000000000027,False,True
T,cavT_Re1000_dt05,40,0.009999999999999981,False,True
T,cavT_Re1000_dt10,0,0.06,False,True
T,cavT_Re1000_dt10,0,0.07999999999999996,False,True
T,cavT_Re1000_dt10,0,0.019999999999999962,False,True
T,cavT_Re1000_dt10,1,0.019999999999999962,False,True
T,cavT_Re1000_dt10,1,0.010000000000000009,False,True
T,cavT_Re1000_dt10,1,0.010000000000000009,False,True
T,cavT_Re1000_dt10,2,0.03999999999999998,False,True
T,cavT_Re1000_dt10,2,0.02999999999999997,False,True
T,cavT_Re1000_dt10,2,0.010000000000000009,False,True
T,cavT_Re1000_dt10,3,0.030000000000000027,False,True
T,cavT_Re1000_dt10,3,0.019999999999999962,False,True
T,cavT_Re1000_dt10,3,0.04999999999999999,False,True
T,cavT_Re1000_dt10,4,0.030000000000000027,False,True
T,cavT_Re1000_dt10,4,0.030000000000000027,False,True
T,cavT_Re1000_dt10,4,0.010000000000000009,False,True
T,cavT_Re1000_dt10,5,0.02999999999999997,False,True
T,cavT_Re1000_dt10,5,0.030000000000000027,False,True
T,cavT_Re1000_dt10,5,0.06,False,True
T,cavT_Re1000_dt10,6,0.02999999999999997,False,True
T,cavT_Re1000_dt10,6,0.010000000000000009,False,True
T,cavT_Re1000_dt10,6,0.02999999999999997,False,True
T,cavT_Re1000_dt10,7,0.020000000000000018,False,True
T,cavT_Re1000_dt10,7,0.06,False,True
T,cavT_Re1000_dt10,7,0.03999999999999998,False,True
T,cavT_Re1000_dt10,8,0.020000000000000018,False,True
T,cavT_Re1000_dt10,8,0.020000000000000018,False,True
T,cavT_Re1000_dt10,8,0.020000000000000018,False,True
T,cavT_Re1000_dt10,9,0.010000000000000009,False,True
T,cavT_Re1000_dt10,9,0.010000000000000009,False,True
T,cavT_Re1000_dt10,9,0.020000000000000018,False,True
T,cavT_Re1000_dt10,10,0.02999999999999997,False,True
T,cavT_Re1000_dt10,10,0.010000000000000009,False,True
T,cavT_Re1000_dt10,10,0.03999999999999998,False,True
T,cavT_Re1000_dt10,11,0.020000000000000018,False,True
T,cavT_Re1000_dt10,11,0.010000000000000009,False,True
T,cavT_Re1000_dt10,11,0.020000000000000018,False,True
T,cavT_Re1000_dt10,12,0.030000000000000027,False,True
T,cavT_Re1000_dt10,12,0.010000000000000009,False,True
T,cavT_Re1000_dt10,12,0.030000000000000027,False,True
T,cavT_Re1000_dt10,13,0.030000000000000027,False,True
T,cavT_Re1000_dt10,13,0.010000000000000009,False,True
T,cavT_Re1000_dt10,13,0.040000000000000036,False,True
T,cavT_Re1000_dt10,14,0.010000000000000009,False,True
T,cavT_Re1000_dt10,14,0.010000000000000009,False,True
T,cavT_Re1000_dt10,14,0.010000000000000009,False,True
T,cavT_Re1000_dt10,15,0.03999999999999998,False,True
T,cavT_Re1000_dt10,15,0.020000000000000018,False,True
T,cavT_Re1000_dt10,15,0.019999999999999962,False,True
T,cavT_Re1000_dt10,16,0.010000000000000009,False,True
T,cavT_Re1000_dt10,16,0.010000000000000009,False,True
T,cavT_Re1000_dt10,16,0.010000000000000009,False,True
T,cavT_Re1000_dt10,17,0.02999999999999997,False,True
T,cavT_Re1000_dt10,17,0.04999999999999999,False,True
T,cavT_Re1000_dt10,17,0.020000000000000018,False,True
T,cavT_Re1000_dt10,18,0.03999999999999998,False,True
T,cavT_Re1000_dt10,18,0.02999999999999997,False,True
T,cavT_Re1000_dt10,18,0.010000000000000009,False,True
T,cavT_Re2500_dt05,0,0.06,False,True
T,cavT_Re2500_dt05,0,0.06,False,True
T,cavT_Re2500_dt05,0,0.009999999999999995,False,True
T,cavT_Re2500_dt05,1,0.010000000000000009,False,True
T,cavT_Re2500_dt05,1,0.009999999999999995,False,True
T,cavT_Re2500_dt05,1,0.010000000000000009,False,True
T,cavT_Re2500_dt05,2,0.010000000000000009,False,True
T,cavT_Re2500_dt05,2,0.010000000000000009,False,True
T,cavT_Re2500_dt05,2,0.009999999999999953,False,True
T,cavT_Re2500_dt05,3,0.03,False,True
T,cavT_Re2500_dt05,3,0.010000000000000009,False,True
T,cavT_Re2500_dt05,3,0.01999999999999999,False,True
T,cavT_Re2500_dt05,4,0.01999999999999999,False,True
T,cavT_Re2500_dt05,4,0.009999999999999981,False,True
T,cavT_Re2500_dt05,4,0.010000000000000009,False,True
T,cavT_Re2500_dt05,5,0.020000000000000018,False,True
T,cavT_Re2500_dt05,5,0.010000000000000009,False,True
T,cavT_Re2500_dt05,5,0.02999999999999997,False,True
T,cavT_Re2500_dt05,6,0.010000000000000009,False,True
T,cavT_Re2500_dt05,6,0.010000000000000009,False,True
T,cavT_Re2500_dt05,6,0.0,True,True
T,cavT_Re2500_dt05,7,0.0,True,True
T,cavT_Re2500_dt05,7,0.020000000000000018,False,True
T,cavT_Re2500_dt05,7,0.020000000000000018,False,True
T,cavT_Re2500_dt05,8,0.02999999999999997,False,True
T,cavT_Re2500_dt05,8,0.010000000000000009,False,True
T,cavT_Re2500_dt05,8,0.03999999999999998,False,True
T,cavT_Re2500_dt05,10,0.020000000000000018,False,True
T,cavT_Re2500_dt05,10,0.010000000000000009,False,True
T,cavT_Re2500_dt05,10,0.020000000000000018,False,True
T,cavT_Re2500_dt05,11,0.02999999999999997,False,True
T,cavT_Re2500_dt05,11,0.020000000000000004,False,True
T,cavT_Re2500_dt05,11,0.02999999999999997,False,True
T,cavT_Re2500_dt05,12,0.010000000000000009,False,True
T,cavT_Re2500_dt05,12,0.010000000000000009,False,True
T,cavT_Re2500_dt05,12,0.010000000000000009,False,True
T,cavT_Re2500_dt05,13,0.020000000000000018,False,True
T,cavT_Re2500_dt05,13,0.010000000000000009,False,True
T,cavT_Re2500_dt05,13,0.010000000000000009,False,True
T,cavT_Re2500_dt05,14,0.019999999999999962,False,True
T,cavT_Re2500_dt05,14,0.020000000000000004,False,True
T,cavT_Re2500_dt05,14,0.010000000000000009,False,True
T,cavT_Re2500_dt05,15,0.010000000000000009,False,True
T,cavT_Re2500_dt05,15,0.010000000000000009,False,True
T,cavT_Re2500_dt05,15,0.010000000000000009,False,True
T,cavT_Re2500_dt05,16,0.010000000000000009,False,True
T,cavT_Re2500_dt05,16,0.020000000000000004,False,True
T,cavT_Re2500_dt05,16,0.020000000000000004,False,True
T,cavT_Re2500_dt05,17,0.010000000000000009,False,True
T,cavT_Re2500_dt05,17,0.01999999999999999,False,True
T,cavT_Re2500_dt05,17,0.03,False,True
T,cavT_Re2500_dt05,18,0.010000000000000009,False,True
T,cavT_Re2500_dt05,18,0.019999999999999962,False,True
T,cavT_Re2500_dt05,18,0.010000000000000009,False,True
T,cavT_Re2500_dt05,19,0.010000000000000009,False,True
T,cavT_Re2500_dt05,19,0.009999999999999953,False,True
T,cavT_Re2500_dt05,19,0.019999999999999962,False,True
T,cavT_Re2500_dt05,20,0.02999999999999997,False,True
T,cavT_Re2500_dt05,20,0.010000000000000009,False,True
T,cavT_Re2500_dt05,20,0.019999999999999962,False,True
T,cavT_Re2500_dt05,22,0.010000000000000009,False,True
T,cavT_Re2500_dt05,22,0.010000000000000009,False,True
T,cavT_Re2500_dt05,22,0.010000000000000009,False,True
T,cavT_Re2500_dt05,23,0.07,False,True
T,cavT_Re2500_dt05,23,0.020000000000000018,False,True
T,cavT_Re2500_dt05,23,0.04999999999999999,False,True
T,cavT_Re2500_dt05,24,0.010000000000000009,False,True
T,cavT_Re2500_dt05,24,0.020000000000000018,False,True
T,cavT_Re2500_dt05,24,0.030000000000000027,False,True
T,cavT_Re2500_dt05,25,0.019999999999999962,False,True
T,cavT_Re2500_dt05,25,0.010000000000000009,False,True
T,cavT_Re2500_dt05,25,0.009999999999999995,False,True
T,cavT_Re2500_dt05,26,0.010000000000000009,False,True
T,cavT_Re2500_dt05,26,0.03999999999999998,False,True
T,cavT_Re2500_dt05,26,0.030000000000000027,False,True
T,cavT_Re2500_dt05,27,0.050000000000000044,False,True
T,cavT_Re2500_dt05,27,0.020000000000000018,False,True
T,cavT_Re2500_dt05,27,0.030000000000000027,False,True
T,cavT_Re2500_dt05,28,0.019999999999999962,False,True
T,cavT_Re2500_dt05,28,0.010000000000000009,False,True
T,cavT_Re2500_dt05,28,0.02999999999999997,False,True
T,cavT_Re2500_dt05,29,0.019999999999999962,False,True
T,cavT_Re2500_dt05,29,0.010000000000000009,False,True
T,cavT_Re2500_dt05,29,0.02999999999999997,False,True
T,cavT_Re2500_dt05,30,0.03999999999999998,False,True
T,cavT_Re2500_dt05,30,0.02999999999999997,False,True
T,cavT_Re2500_dt05,30,0.010000000000000009,False,True
T,cavT_Re2500_dt05,31,0.010000000000000009,False,True
T,cavT_Re2500_dt05,31,0.03999999999999998,False,True
T,cavT_Re2500_dt05,31,0.04999999999999999,False,True
T,cavT_Re2500_dt05,32,0.02999999999999997,False,True
T,cavT_Re2500_dt05,32,0.019999999999999962,False,True
T,cavT_Re2500_dt05,32,0.010000000000000009,False,True
T,cavT_Re2500_dt05,33,0.010000000000000009,False,True
T,cavT_Re2500_dt05,33,0.02999999999999997,False,True
T,cavT_Re2500_dt05,33,0.020000000000000018,False,True
T,cavT_Re2500_dt05,34,0.010000000000000009,False,True
T,cavT_Re2500_dt05,34,0.010000000000000009,False,True
T,cavT_Re2500_dt05,34,0.010000000000000009,False,True
T,cavT_Re2500_dt05,35,0.06999999999999995,False,True
T,cavT_Re2500_dt05,35,0.06999999999999995,False,True
T,cavT_Re2500_dt05,35,0.010000000000000009,False,True
T,cavT_Re2500_dt05,36,0.010000000000000009,False,True
T,cavT_Re2500_dt05,36,0.03999999999999998,False,True
T,cavT_Re2500_dt05,36,0.04999999999999999,False,True
T,cavT_Re2500_dt05,37,0.019999999999999962,False,True
T,cavT_Re2500_dt05,37,0.010000000000000009,False,True
T,cavT_Re2500_dt05,37,0.009999999999999995,False,True
T,cavT_Re2500_dt05,38,0.02999999999999997,False,True
T,cavT_Re2500_dt05,38,0.020000000000000004,False,True
T,cavT_Re2500_dt05,38,0.019999999999999962,False,True
T,cavT_Re2500_dt05,39,0.010000000000000009,False,True
T,cavT_Re2500_dt05,39,0.010000000000000009,False,True
T,cavT_Re2500_dt05,39,0.0,True,True
T,cavT_Re2500_dt05,40,0.010000000000000009,False,True
T,cavT_Re2500_dt05,40,0.03999999999999998,False,True
T,cavT_Re2500_dt05,40,0.03999999999999998,False,True
T,cavT_Re400_dt10,2,0.0,True,True
T,cavT_Re400_dt10,2,0.010000000000000009,False,True
T,cavT_Re400_dt10,2,0.010000000000000009,False,True
T,cavT_Re400_dt10,5,0.0,True,True
T,cavT_Re400_dt10,5,0.010000000000000009,False,True
T,cavT_Re400_dt10,5,0.010000000000000009,False,True
T,cavT_Re400_dt10,8,0.0,True,True
T,cavT_Re400_dt10,8,0.010000000000000009,False,True
T,cavT_Re400_dt10,8,0.010000000000000009,False,True
T,cavT_Re400_dt10,11,0.010000000000000009,False,True
T,cavT_Re400_dt10,11,0.0,True,True
T,cavT_Re400_dt10,11,0.010000000000000009,False,True
T,cavT_Re400_dt10,14,0.0,True,True
T,cavT_Re400_dt10,14,0.010000000000000009,False,True
T,cavT_Re400_dt10,14,0.010000000000000009,False,True
T,cavT_Re400_dt10,17,0.010000000000000009,False,True
T,cavT_Re400_dt10,17,0.009999999999999898,False,True
T,cavT_Re400_dt10,17,0.010000000000000009,False,True
T,cavT_Re400_dt10,20,0.009999999999999995,False,True
T,cavT_Re400_dt10,20,0.010000000000000009,False,True
T,cavT_Re400_dt10,20,0.010000000000000009,False,True
T,cavT_Re400_dt10,23,0.010000000000000009,False,True
T,cavT_Re400_dt10,23,0.010000000000000009,False,True
T,cavT_Re400_dt10,23,0.0,True,True
T,cavT_Re400_dt10,26,0.0,True,True
T,cavT_Re400_dt10,26,0.010000000000000009,False,True
T,cavT_Re400_dt10,26,0.010000000000000009,False,True
T,cavT_Re400_dt10,29,0.009999999999999995,False,True
T,cavT_Re400_dt10,29,0.010000000000000009,False,True
T,cavT_Re400_dt10,29,0.010000000000000009,False,True
T,cavT_Re400_dt10,32,0.009999999999999898,False,True
T,cavT_Re400_dt10,32,0.010000000000000009,False,True
T,cavT_Re400_dt10,32,0.010000000000000009,False,True
T,cavT_Re400_dt10,35,0.009999999999999898,False,True
T,cavT_Re400_dt10,35,0.020000000000000004,False,True
T,cavT_Re400_dt10,35,0.020000000000000004,False,True
T,cavT_Re400_dt10,38,0.010000000000000009,False,True
T,cavT_Re400_dt10,38,0.010000000000000009,False,True
T,cavT_Re400_dt10,38,0.0,True,True
T,cavT_Re400_dt10,41,0.009999999999999898,False,True
T,cavT_Re400_dt10,41,0.009999999999999995,False,True
T,cavT_Re400_dt10,41,0.009999999999999995,False,True
T,cavT_Re400_dt10,44,0.010000000000000009,False,True
T,cavT_Re400_dt10,44,0.010000000000000009,False,True
T,cavT_Re400_dt10,44,0.010000000000000009,False,True
T,cavT_Re400_dt10,47,0.009999999999999998,False,True
T,cavT_Re400_dt10,47,0.009999999999999898,False,True
T,cavT_Re400_dt10,47,0.009999999999999998,False,True
T,cavT_Re400_dt10,50,0.010000000000000009,False,True
T,cavT_Re400_dt10,50,0.009999999999999995,False,True
T,cavT_Re400_dt10,50,0.010000000000000009,False,True
T,cavT_Re400_dt10,53,0.009999999999999995,False,True
T,cavT_Re400_dt10,53,0.0,True,True
T,cavT_Re400_dt10,53,0.009999999999999995,False,True
T,cavT_Re400_dt10,56,0.009999999999999898,False,True
T,cavT_Re400_dt10,56,0.009999999999999995,False,True
T,cavT_Re400_dt10,56,0.009999999999999995,False,True
T,cylT_Re100_dt05,0,0.009999999999999995,False,True
T,cylT_Re100_dt05,0,0.040000000000000036,False,True
T,cylT_Re100_dt05,0,0.04999999999999999,False,True
T,cylT_Re100_dt05,1,0.020000000000000018,False,True
T,cylT_Re100_dt05,1,0.020000000000000018,False,True
T,cylT_Re100_dt05,1,0.010000000000000009,False,True
T,cylT_Re100_dt05,2,0.020000000000000018,False,True
T,cylT_Re100_dt05,2,0.020000000000000004,False,True
T,cylT_Re100_dt05,2,0.030000000000000027,False,True
T,cylT_Re100_dt05,3,0.020000000000000018,False,True
T,cylT_Re100_dt05,3,0.010000000000000009,False,True
T,cylT_Re100_dt05,3,0.030000000000000027,False,True
T,cylT_Re100_dt05,4,0.010000000000000002,False,True
T,cylT_Re100_dt05,4,0.009999999999999995,False,True
T,cylT_Re100_dt05,4,0.010000000000000002,False,True
T,cylT_Re100_dt05,5,0.06,False,True
T,cylT_Re100_dt05,5,0.010000000000000009,False,True
T,cylT_Re100_dt05,5,0.04999999999999999,False,True
T,cylT_Re100_dt05,6,0.040000000000000036,False,True
T,cylT_Re100_dt05,6,0.050000000000000044,False,True
T,cylT_Re100_dt05,6,0.010000000000000009,False,True
T,cylT_Re100_dt05,7,0.010000000000000009,False,True
T,cylT_Re100_dt05,7,0.010000000000000009,False,True
T,cylT_Re100_dt05,7,0.020000000000000018,False,True
T,cylT_Re100_dt05,8,0.010000000000000009,False,True
T,cylT_Re100_dt05,8,0.01999999999999999,False,True
T,cylT_Re100_dt05,8,0.010000000000000009,False,True
T,cylT_Re100_dt05,9,0.01999999999999999,False,True
T,cylT_Re100_dt05,9,0.01999999999999999,False,True
T,cylT_Re100_dt05,9,0.020000000000000018,False,True
T,cylT_Re100_dt05,10,0.020000000000000018,False,True
T,cylT_Re100_dt05,10,0.03,False,True
T,cylT_Re100_dt05,10,0.04000000000000001,False,True
T,cylT_Re100_dt05,11,0.020000000000000018,False,True
T,cylT_Re100_dt05,11,0.010000000000000009,False,True
T,cylT_Re100_dt05,11,0.010000000000000009,False,True
T,cylT_Re100_dt05,12,0.040000000000000036,False,True
T,cylT_Re100_dt05,12,0.009999999999999981,False,True
T,cylT_Re100_dt05,12,0.040000000000000036,False,True
T,cylT_Re100_dt05,13,0.01999999999999999,False,True
T,cylT_Re100_dt05,13,0.01999999999999999,False,True
T,cylT_Re100_dt05,13,0.010000000000000009,False,True
T,cylT_Re100_dt05,14,0.019999999999999907,False,True
T,cylT_Re100_dt05,14,0.010000000000000009,False,True
T,cylT_Re100_dt05,14,0.029999999999999916,False,True
T,cylT_Re100_dt05,15,0.029999999999999916,False,True
T,cylT_Re100_dt05,15,0.019999999999999962,False,True
T,cylT_Re100_dt05,15,0.029999999999999916,False,True
T,cylT_Re100_dt05,16,0.030000000000000027,False,True
T,cylT_Re100_dt05,16,0.05999999999999994,False,True
T,cylT_Re100_dt05,16,0.04999999999999993,False,True
T,cylT_Re100_dt05,17,0.03,False,True
T,cylT_Re100_dt05,17,0.039999999999999925,False,True
T,cylT_Re100_dt05,17,0.04999999999999993,False,True
T,cylT_Re100_dt05,18,0.08000000000000007,False,True
T,cylT_Re100_dt05,18,0.029999999999999916,False,True
T,cylT_Re100_dt05,18,0.10999999999999999,False,True
T,cylT_Re100_dt05,19,0.019999999999999907,False,True
T,cylT_Re100_dt05,19,0.020000000000000018,False,True
T,cylT_Re100_dt05,19,0.039999999999999925,False,True
T,cylT_Re100_dt05,20,0.019999999999999907,False,True
T,cylT_Re100_dt05,20,0.010000000000000009,False,True
T,cylT_Re100_dt05,20,0.019999999999999907,False,True
T,cylT_Re100_dt05,21,0.030000000000000027,False,True
T,cylT_Re100_dt05,21,0.02999999999999997,False,True
T,cylT_Re100_dt05,21,0.020000000000000018,False,True
T,cylT_Re100_dt05,22,0.050000000000000044,False,True
T,cylT_Re100_dt05,22,0.020000000000000018,False,True
T,cylT_Re100_dt05,22,0.06000000000000005,False,True
T,cylT_Re100_dt05,23,0.020000000000000018,False,True
T,cylT_Re100_dt05,23,0.04999999999999993,False,True
T,cylT_Re100_dt05,23,0.039999999999999925,False,True
T,cylT_Re100_dt05,24,0.010000000000000009,False,True
T,cylT_Re100_dt05,24,0.020000000000000018,False,True
T,cylT_Re100_dt05,24,0.01999999999999999,False,True
T,cylT_Re100_dt05,25,0.05999999999999994,False,True
T,cylT_Re100_dt05,25,0.05999999999999994,False,True
T,cylT_Re100_dt05,25,0.01999999999999999,False,True
T,cylT_Re100_dt05,26,0.040000000000000036,False,True
T,cylT_Re100_dt05,26,0.010000000000000009,False,True
T,cylT_Re100_dt05,26,0.030000000000000027,False,True
T,cylT_Re100_dt05,27,0.029999999999999916,False,True
T,cylT_Re100_dt05,27,0.029999999999999916,False,True
T,cylT_Re100_dt05,27,0.020000000000000018,False,True
T,cylT_Re100_dt05,28,0.03,False,True
T,cylT_Re100_dt05,28,0.01999999999999999,False,True
T,cylT_Re100_dt05,28,0.01999999999999999,False,True
T,cylT_Re100_dt05,29,0.039999999999999925,False,True
T,cylT_Re100_dt05,29,0.029999999999999916,False,True
T,cylT_Re100_dt05,29,0.01999999999999999,False,True
T,cylT_Re100_dt05,30,0.030000000000000027,False,True
T,cylT_Re100_dt05,30,0.010000000000000009,False,True
T,cylT_Re100_dt05,30,0.030000000000000027,False,True
T,cylT_Re100_dt05,31,0.039999999999999925,False,True
T,cylT_Re100_dt05,31,0.029999999999999916,False,True
T,cylT_Re100_dt05,31,0.010000000000000009,False,True
T,cylT_Re100_dt05,32,0.010000000000000009,False,True
T,cylT_Re100_dt05,32,0.010000000000000009,False,True
T,cylT_Re100_dt05,32,0.01999999999999999,False,True
T,cylT_Re100_dt05,33,0.09999999999999998,False,True
T,cylT_Re100_dt05,33,0.07999999999999996,False,True
T,cylT_Re100_dt05,33,0.020000000000000018,False,True
T,cylT_Re100_dt05,34,0.05999999999999994,False,True
T,cylT_Re100_dt05,34,0.04999999999999993,False,True
T,cylT_Re100_dt05,34,0.020000000000000018,False,True
T,cylT_Re100_dt05,35,0.020000000000000018,False,True
T,cylT_Re100_dt05,35,0.040000000000000036,False,True
T,cylT_Re100_dt05,35,0.020000000000000018,False,True
T,cylT_Re100_dt05,36,0.010000000000000009,False,True
T,cylT_Re100_dt05,36,0.06999999999999995,False,True
T,cylT_Re100_dt05,36,0.05999999999999994,False,True
T,cylT_Re100_dt05,37,0.050000000000000044,False,True
T,cylT_Re100_dt05,37,0.029999999999999916,False,True
T,cylT_Re100_dt05,37,0.07999999999999996,False,True
T,cylT_Re100_dt05,38,0.07999999999999996,False,True
T,cylT_Re100_dt05,38,0.039999999999999925,False,True
T,cylT_Re100_dt05,38,0.040000000000000036,False,True
T,cylT_Re100_dt05,39,0.08999999999999997,False,True
T,cylT_Re100_dt05,39,0.01999999999999999,False,True
T,cylT_Re100_dt05,39,0.07000000000000006,False,True
T,cylT_Re100_dt05,40,0.09999999999999998,False,True
T,cylT_Re100_dt05,40,0.06999999999999995,False,True
T,cylT_Re100_dt05,40,0.030000000000000027,False,True
T,cylT_Re100_dt05,41,0.020000000000000018,False,True
T,cylT_Re100_dt05,41,0.030000000000000027,False,True
T,cylT_Re100_dt05,41,0.040000000000000036,False,True
T,cylT_Re100_dt05,42,0.039999999999999925,False,True
T,cylT_Re100_dt05,42,0.04999999999999993,False,True
T,cylT_Re100_dt05,42,0.020000000000000018,False,True
T,cylT_Re100_dt05,43,0.03,False,True
T,cylT_Re100_dt05,43,0.01999999999999999,False,True
T,cylT_Re100_dt05,43,0.01999999999999999,False,True
T,cylT_Re100_dt05,44,0.07999999999999996,False,True
T,cylT_Re100_dt05,44,0.05999999999999994,False,True
T,cylT_Re100_dt05,44,0.020000000000000018,False,True
T,cylT_Re100_dt05,45,0.010000000000000009,False,True
T,cylT_Re100_dt05,45,0.04999999999999993,False,True
T,cylT_Re100_dt05,45,0.039999999999999925,False,True
T,cylT_Re100_dt05,46,0.09999999999999998,False,True
T,cylT_Re100_dt05,46,0.08999999999999997,False,True
T,cylT_Re100_dt05,46,0.010000000000000009,False,True
T,cylT_Re100_dt05,47,0.06000000000000005,False,True
T,cylT_Re100_dt05,47,0.01999999999999999,False,True
T,cylT_Re100_dt05,47,0.06999999999999995,False,True
T,cylT_Re100_dt05,48,0.040000000000000036,False,True
T,cylT_Re100_dt05,48,0.04999999999999999,False,True
T,cylT_Re100_dt05,48,0.040000000000000036,False,True
T,cylT_Re100_dt05,49,0.050000000000000044,False,True
T,cylT_Re100_dt05,49,0.030000000000000027,False,True
T,cylT_Re100_dt05,49,0.020000000000000018,False,True
T,cylT_Re100_dt05,50,0.019999999999999907,False,True
T,cylT_Re100_dt05,50,0.020000000000000018,False,True
T,cylT_Re100_dt05,50,0.039999999999999925,False,True
T,cylT_Re100_dt05,51,0.01999999999999999,False,True
T,cylT_Re100_dt05,51,0.05999999999999994,False,True
T,cylT_Re100_dt05,51,0.05999999999999994,False,True
T,cylT_Re100_dt05,52,0.050000000000000044,False,True
T,cylT_Re100_dt05,52,0.040000000000000036,False,True
T,cylT_Re100_dt05,52,0.020000000000000018,False,True
T,cylT_Re100_dt05,53,0.020000000000000018,False,True
T,cylT_Re100_dt05,53,0.01999999999999999,False,True
T,cylT_Re100_dt05,53,0.020000000000000018,False,True
T,cylT_Re100_dt05,54,0.029999999999999916,False,True
T,cylT_Re100_dt05,54,0.020000000000000018,False,True
T,cylT_Re100_dt05,54,0.010000000000000009,False,True
T,cylT_Re100_dt05,55,0.010000000000000009,False,True
T,cylT_Re100_dt05,55,0.030000000000000027,False,True
T,cylT_Re100_dt05,55,0.040000000000000036,False,True
T,cylT_Re100_dt05,56,0.050000000000000044,False,True
T,cylT_Re100_dt05,56,0.07999999999999996,False,True
T,cylT_Re100_dt05,56,0.13,False,True
T,cylT_Re100_dt05,57,0.010000000000000009,False,True
T,cylT_Re100_dt05,57,0.030000000000000027,False,True
T,cylT_Re100_dt05,57,0.040000000000000036,False,True
T,cylT_Re100_dt05,58,0.020000000000000018,False,True
T,cylT_Re100_dt05,58,0.01999999999999999,False,True
T,cylT_Re100_dt05,58,0.020000000000000018,False,True
T,cylT_Re100_dt10,0,0.019999999999999962,False,True
T,cylT_Re100_dt10,0,0.020000000000000018,False,True
T,cylT_Re100_dt10,0,0.03999999999999998,False,True
T,cylT_Re100_dt10,1,0.040000000000000036,False,True
T,cylT_Re100_dt10,1,0.010000000000000009,False,True
T,cylT_Re100_dt10,1,0.030000000000000027,False,True
T,cylT_Re100_dt10,2,0.040000000000000036,False,True
T,cylT_Re100_dt10,2,0.010000000000000009,False,True
T,cylT_Re100_dt10,2,0.030000000000000027,False,True
T,cylT_Re100_dt10,3,0.019999999999999962,False,True
T,cylT_Re100_dt10,3,0.040000000000000036,False,True
T,cylT_Re100_dt10,3,0.06,False,True
T,cylT_Re100_dt10,4,0.020000000000000018,False,True
T,cylT_Re100_dt10,4,0.019999999999999962,False,True
T,cylT_Re100_dt10,4,0.03999999999999998,False,True
T,cylT_Re100_dt10,5,0.03,False,True
T,cylT_Re100_dt10,5,0.03,False,True
T,cylT_Re100_dt10,5,0.010000000000000009,False,True
T,cylT_Re100_dt10,6,0.02999999999999997,False,True
T,cylT_Re100_dt10,6,0.04999999999999999,False,True
T,cylT_Re100_dt10,6,0.020000000000000018,False,True
T,cylT_Re100_dt10,7,0.050000000000000044,False,True
T,cylT_Re100_dt10,7,0.020000000000000018,False,True
T,cylT_Re100_dt10,7,0.030000000000000027,False,True
T,cylT_Re100_dt10,8,0.010000000000000009,False,True
T,cylT_Re100_dt10,8,0.020000000000000018,False,True
T,cylT_Re100_dt10,8,0.030000000000000027,False,True
T,cylT_Re100_dt10,9,0.010000000000000009,False,True
T,cylT_Re100_dt10,9,0.009999999999999995,False,True
T,cylT_Re100_dt10,9,0.010000000000000009,False,True
T,cylT_Re100_dt10,10,0.02999999999999997,False,True
T,cylT_Re100_dt10,10,0.03,False,True
T,cylT_Re100_dt10,10,0.020000000000000018,False,True
T,cylT_Re100_dt10,11,0.010000000000000009,False,True
T,cylT_Re100_dt10,11,0.010000000000000009,False,True
T,cylT_Re100_dt10,11,0.010000000000000009,False,True
T,cylT_Re100_dt10,12,0.01999999999999999,False,True
T,cylT_Re100_dt10,12,0.01999999999999999,False,True
T,cylT_Re100_dt10,12,0.010000000000000009,False,True
T,cylT_Re100_dt10,13,0.020000000000000018,False,True
T,cylT_Re100_dt10,13,0.039999999999999925,False,True
T,cylT_Re100_dt10,13,0.05999999999999994,False,True
T,cylT_Re100_dt10,14,0.020000000000000018,False,True
T,cylT_Re100_dt10,14,0.010000000000000009,False,True
T,cylT_Re100_dt10,14,0.010000000000000009,False,True
T,cylT_Re100_dt10,15,0.010000000000000009,False,True
T,cylT_Re100_dt10,15,0.01999999999999999,False,True
T,cylT_Re100_dt10,15,0.01999999999999999,False,True
T,cylT_Re100_dt10,16,0.020000000000000018,False,True
T,cylT_Re100_dt10,16,0.020000000000000018,False,True
T,cylT_Re100_dt10,16,0.030000000000000027,False,True
T,cylT_Re100_dt10,17,0.01999999999999999,False,True
T,cylT_Re100_dt10,17,0.010000000000000009,False,True
T,cylT_Re100_dt10,17,0.010000000000000009,False,True
T,cylT_Re100_dt10,18,0.020000000000000018,False,True
T,cylT_Re100_dt10,18,0.010000000000000009,False,True
T,cylT_Re100_dt10,18,0.010000000000000009,False,True
T,cylT_Re100_dt10,19,0.010000000000000009,False,True
T,cylT_Re100_dt10,19,0.0,True,True
T,cylT_Re100_dt10,19,0.010000000000000009,False,True
T,cylT_Re100_dt10,20,0.020000000000000018,False,True
T,cylT_Re100_dt10,20,0.020000000000000018,False,True
T,cylT_Re100_dt10,20,0.020000000000000018,False,True
T,cylT_Re100_dt10,21,0.010000000000000009,False,True
T,cylT_Re100_dt10,21,0.01999999999999999,False,True
T,cylT_Re100_dt10,21,0.020000000000000018,False,True
T,cylT_Re100_dt10,22,0.020000000000000018,False,True
T,cylT_Re100_dt10,22,0.020000000000000018,False,True
T,cylT_Re100_dt10,22,0.009999999999999981,False,True
T,cylT_Re100_dt10,23,0.010000000000000009,False,True
T,cylT_Re100_dt10,23,0.040000000000000036,False,True
T,cylT_Re100_dt10,23,0.030000000000000027,False,True
T,cylT_Re100_dt10,24,0.010000000000000009,False,True
T,cylT_Re100_dt10,24,0.039999999999999925,False,True
T,cylT_Re100_dt10,24,0.03,False,True
T,cylT_Re100_dt10,25,0.03,False,True
T,cylT_Re100_dt10,25,0.020000000000000018,False,True
T,cylT_Re100_dt10,25,0.010000000000000009,False,True
T,cylT_Re100_dt10,26,0.020000000000000018,False,True
T,cylT_Re100_dt10,26,0.010000000000000009,False,True
T,cylT_Re100_dt10,26,0.010000000000000009,False,True
T,cylT_Re100_dt10,27,0.019999999999999962,False,True
T,cylT_Re100_dt10,27,0.020000000000000018,False,True
T,cylT_Re100_dt10,27,0.03999999999999998,False,True
T,cylT_Re100_dt10,28,0.020000000000000018,False,True
T,cylT_Re100_dt10,28,0.03,False,True
T,cylT_Re100_dt10,28,0.030000000000000027,False,True
T,cylT_Re150_dt05,0,0.02999999999999997,False,True
T,cylT_Re150_dt05,0,0.019999999999999962,False,True
T,cylT_Re150_dt05,0,0.010000000000000009,False,True
T,cylT_Re150_dt05,1,0.010000000000000009,False,True
T,cylT_Re150_dt05,1,0.010000000000000009,False,True
T,cylT_Re150_dt05,1,0.010000000000000009,False,True
T,cylT_Re150_dt05,2,0.010000000000000009,False,True
T,cylT_Re150_dt05,2,0.020000000000000018,False,True
T,cylT_Re150_dt05,2,0.010000000000000009,False,True
T,cylT_Re150_dt05,3,0.02999999999999997,False,True
T,cylT_Re150_dt05,3,0.010000000000000009,False,True
T,cylT_Re150_dt05,3,0.019999999999999962,False,True
T,cylT_Re150_dt05,4,0.06999999999999995,False,True
T,cylT_Re150_dt05,4,0.03999999999999998,False,True
T,cylT_Re150_dt05,4,0.02999999999999997,False,True
T,cylT_Re150_dt05,5,0.010000000000000009,False,True
T,cylT_Re150_dt05,5,0.010000000000000009,False,True
T,cylT_Re150_dt05,5,0.009999999999999995,False,True
T,cylT_Re150_dt05,6,0.010000000000000009,False,True
T,cylT_Re150_dt05,6,0.06,False,True
T,cylT_Re150_dt05,6,0.04999999999999999,False,True
T,cylT_Re150_dt05,7,0.010000000000000009,False,True
T,cylT_Re150_dt05,7,0.010000000000000009,False,True
T,cylT_Re150_dt05,7,0.010000000000000009,False,True
T,cylT_Re150_dt05,8,0.010000000000000009,False,True
T,cylT_Re150_dt05,8,0.010000000000000009,False,True
T,cylT_Re150_dt05,8,0.010000000000000009,False,True
T,cylT_Re150_dt05,9,0.010000000000000009,False,True
T,cylT_Re150_dt05,9,0.01999999999999999,False,True
T,cylT_Re150_dt05,9,0.03,False,True
T,cylT_Re150_dt05,10,0.03,False,True
T,cylT_Re150_dt05,10,0.010000000000000009,False,True
T,cylT_Re150_dt05,10,0.01999999999999999,False,True
T,cylT_Re150_dt05,11,0.010000000000000009,False,True
T,cylT_Re150_dt05,11,0.010000000000000009,False,True
T,cylT_Re150_dt05,11,0.020000000000000018,False,True
T,cylT_Re150_dt05,12,0.01999999999999999,False,True
T,cylT_Re150_dt05,12,0.010000000000000009,False,True
T,cylT_Re150_dt05,12,0.010000000000000009,False,True
T,cylT_Re150_dt05,13,0.01999999999999999,False,True
T,cylT_Re150_dt05,13,0.020000000000000018,False,True
T,cylT_Re150_dt05,13,0.03,False,True
T,cylT_Re150_dt05,14,0.010000000000000009,False,True
T,cylT_Re150_dt05,14,0.04000000000000001,False,True
T,cylT_Re150_dt05,14,0.030000000000000027,False,True
T,cylT_Re150_dt05,15,0.03,False,True
T,cylT_Re150_dt05,15,0.01999999999999999,False,True
T,cylT_Re150_dt05,15,0.01999999999999999,False,True
T,cylT_Re150_dt05,16,0.01999999999999999,False,True
T,cylT_Re150_dt05,16,0.04000000000000001,False,True
T,cylT_Re150_dt05,16,0.020000000000000018,False,True
T,cylT_Re150_dt05,17,0.020000000000000018,False,True
T,cylT_Re150_dt05,17,0.010000000000000009,False,True
T,cylT_Re150_dt05,17,0.020000000000000018,False,True
T,cylT_Re150_dt05,18,0.030000000000000027,False,True
T,cylT_Re150_dt05,18,0.010000000000000009,False,True
T,cylT_Re150_dt05,18,0.020000000000000018,False,True
T,cylT_Re150_dt05,19,0.040000000000000036,False,True
T,cylT_Re150_dt05,19,0.020000000000000018,False,True
T,cylT_Re150_dt05,19,0.020000000000000018,False,True
T,cylT_Re150_dt05,20,0.04000000000000001,False,True
T,cylT_Re150_dt05,20,0.03,False,True
T,cylT_Re150_dt05,20,0.03,False,True
T,cylT_Re150_dt05,21,0.09000000000000008,False,True
T,cylT_Re150_dt05,21,0.10000000000000009,False,True
T,cylT_Re150_dt05,21,0.010000000000000009,False,True
T,cylT_Re150_dt05,22,0.010000000000000009,False,True
T,cylT_Re150_dt05,22,0.010000000000000009,False,True
T,cylT_Re150_dt05,22,0.010000000000000009,False,True
T,cylT_Re150_dt05,23,0.03,False,True
T,cylT_Re150_dt05,23,0.0,True,True
T,cylT_Re150_dt05,23,0.03,False,True
T,cylT_Re150_dt05,24,0.01999999999999999,False,True
T,cylT_Re150_dt05,24,0.010000000000000009,False,True
T,cylT_Re150_dt05,24,0.03,False,True
T,cylT_Re150_dt05,25,0.040000000000000036,False,True
T,cylT_Re150_dt05,25,0.06000000000000005,False,True
T,cylT_Re150_dt05,25,0.020000000000000018,False,True
T,cylT_Re150_dt05,26,0.030000000000000027,False,True
T,cylT_Re150_dt05,26,0.020000000000000018,False,True
T,cylT_Re150_dt05,26,0.03,False,True
T,cylT_Re150_dt05,27,0.04999999999999993,False,True
T,cylT_Re150_dt05,27,0.04000000000000001,False,True
T,cylT_Re150_dt05,27,0.04999999999999993,False,True
T,cylT_Re150_dt05,28,0.029999999999999916,False,True
T,cylT_Re150_dt05,28,0.039999999999999925,False,True
T,cylT_Re150_dt05,28,0.01999999999999999,False,True
T,cylT_Re150_dt05,29,0.030000000000000027,False,True
T,cylT_Re150_dt05,29,0.08000000000000007,False,True
T,cylT_Re150_dt05,29,0.050000000000000044,False,True
T,cylT_Re150_dt05,30,0.050000000000000044,False,True
T,cylT_Re150_dt05,30,0.09999999999999998,False,True
T,cylT_Re150_dt05,30,0.04999999999999993,False,True
T,cylT_Re150_dt05,31,0.029999999999999916,False,True
T,cylT_Re150_dt05,31,0.05999999999999994,False,True
T,cylT_Re150_dt05,31,0.030000000000000027,False,True
T,cylT_Re150_dt05,32,0.01999999999999999,False,True
T,cylT_Re150_dt05,32,0.020000000000000018,False,True
T,cylT_Re150_dt05,32,0.03,False,True
T,cylT_Re150_dt05,33,0.01999999999999999,False,True
T,cylT_Re150_dt05,33,0.010000000000000009,False,True
T,cylT_Re150_dt05,33,0.01999999999999999,False,True
T,cylT_Re150_dt05,34,0.020000000000000018,False,True
T,cylT_Re150_dt05,34,0.040000000000000036,False,True
T,cylT_Re150_dt05,34,0.020000000000000018,False,True
T,cylT_Re150_dt05,35,0.01999999999999999,False,True
T,cylT_Re150_dt05,35,0.020000000000000018,False,True
T,cylT_Re150_dt05,35,0.020000000000000018,False,True
T,cylT_Re150_dt05,36,0.020000000000000004,False,True
T,cylT_Re150_dt05,36,0.020000000000000004,False,True
T,cylT_Re150_dt05,36,0.020000000000000018,False,True
T,cylT_Re150_dt05,37,0.029999999999999916,False,True
T,cylT_Re150_dt05,37,0.04999999999999993,False,True
T,cylT_Re150_dt05,37,0.020000000000000018,False,True
T,cylT_Re150_dt05,38,0.010000000000000009,False,True
T,cylT_Re150_dt05,38,0.020000000000000018,False,True
T,cylT_Re150_dt05,38,0.020000000000000018,False,True
T,cylT_Re150_dt05,39,0.010000000000000009,False,True
T,cylT_Re150_dt05,39,0.030000000000000027,False,True
T,cylT_Re150_dt05,39,0.030000000000000027,False,True
T,cylT_Re150_dt05,40,0.020000000000000018,False,True
T,cylT_Re150_dt05,40,0.04999999999999993,False,True
T,cylT_Re150_dt05,40,0.04999999999999993,False,True
T,cylT_Re150_dt05,41,0.030000000000000027,False,True
T,cylT_Re150_dt05,41,0.020000000000000018,False,True
T,cylT_Re150_dt05,41,0.050000000000000044,False,True
T,cylT_Re150_dt05,42,0.010000000000000009,False,True
T,cylT_Re150_dt05,42,0.05999999999999994,False,True
T,cylT_Re150_dt05,42,0.06999999999999995,False,True
T,cylT_Re150_dt05,43,0.010000000000000009,False,True
T,cylT_Re150_dt05,43,0.019999999999999962,False,True
T,cylT_Re150_dt05,43,0.020000000000000018,False,True
T,cylT_Re150_dt05,44,0.020000000000000018,False,True
T,cylT_Re150_dt05,44,0.039999999999999925,False,True
T,cylT_Re150_dt05,44,0.04000000000000001,False,True
T,cylT_Re150_dt05,45,0.039999999999999925,False,True
T,cylT_Re150_dt05,45,0.010000000000000009,False,True
T,cylT_Re150_dt05,45,0.039999999999999925,False,True
T,cylT_Re150_dt05,46,0.04999999999999993,False,True
T,cylT_Re150_dt05,46,0.09999999999999998,False,True
T,cylT_Re150_dt05,46,0.050000000000000044,False,True
T,cylT_Re150_dt05,47,0.05999999999999994,False,True
T,cylT_Re150_dt05,47,0.01999999999999999,False,True
T,cylT_Re150_dt05,47,0.06999999999999995,False,True
T,cylT_Re150_dt05,48,0.030000000000000027,False,True
T,cylT_Re150_dt05,48,0.019999999999999907,False,True
T,cylT_Re150_dt05,48,0.04999999999999993,False,True
T,cylT_Re150_dt05,49,0.03,False,True
T,cylT_Re150_dt05,49,0.05999999999999994,False,True
T,cylT_Re150_dt05,49,0.030000000000000027,False,True
T,cylT_Re150_dt05,50,0.019999999999999907,False,True
T,cylT_Re150_dt05,50,0.020000000000000018,False,True
T,cylT_Re150_dt05,50,0.039999999999999925,False,True
T,cylT_Re150_dt05,51,0.01999999999999999,False,True
T,cylT_Re150_dt05,51,0.03,False,True
T,cylT_Re150_dt05,51,0.03,False,True
T,cylT_Re150_dt05,52,0.039999999999999925,False,True
T,cylT_Re150_dt05,52,0.020000000000000018,False,True
T,cylT_Re150_dt05,52,0.019999999999999907,False,True
T,cylT_Re150_dt05,53,0.01999999999999999,False,True
T,cylT_Re150_dt05,53,0.029999999999999916,False,True
T,cylT_Re150_dt05,53,0.020000000000000018,False,True
T,cylT_Re150_dt05,54,0.03,False,True
T,cylT_Re150_dt05,54,0.04000000000000001,False,True
T,cylT_Re150_dt05,54,0.03999999999999998,False,True
T,cylT_Re150_dt05,55,0.04000000000000001,False,True
T,cylT_Re150_dt05,55,0.03,False,True
T,cylT_Re150_dt05,55,0.04000000000000001,False,True
T,cylT_Re150_dt05,56,0.01999999999999999,False,True
T,cylT_Re150_dt05,56,0.04000000000000001,False,True
T,cylT_Re150_dt05,56,0.04000000000000001,False,True
T,cylT_Re150_dt05,57,0.010000000000000009,False,True
T,cylT_Re150_dt05,57,0.05000000000000002,False,True
T,cylT_Re150_dt05,57,0.04000000000000001,False,True
T,cylT_Re150_dt05,58,0.05000000000000002,False,True
T,cylT_Re150_dt05,58,0.010000000000000009,False,True
T,cylT_Re150_dt05,58,0.05000000000000002,False,True
T,cylT_Re60_dt10,0,0.03999999999999998,False,True
T,cylT_Re60_dt10,0,0.02999999999999997,False,True
T,cylT_Re60_dt10,0,0.010000000000000009,False,True
T,cylT_Re60_dt10,1,0.03999999999999998,False,True
T,cylT_Re60_dt10,1,0.02999999999999997,False,True
T,cylT_Re60_dt10,1,0.010000000000000009,False,True
T,cylT_Re60_dt10,2,0.009999999999999898,False,True
T,cylT_Re60_dt10,2,0.020000000000000018,False,True
T,cylT_Re60_dt10,2,0.020000000000000018,False,True
T,cylT_Re60_dt10,3,0.020000000000000018,False,True
T,cylT_Re60_dt10,3,0.02999999999999997,False,True
T,cylT_Re60_dt10,3,0.04999999999999999,False,True
T,cylT_Re60_dt10,4,0.019999999999999962,False,True
T,cylT_Re60_dt10,4,0.010000000000000009,False,True
T,cylT_Re60_dt10,4,0.019999999999999962,False,True
T,cylT_Re60_dt10,5,0.010000000000000009,False,True
T,cylT_Re60_dt10,5,0.010000000000000009,False,True
T,cylT_Re60_dt10,5,0.010000000000000002,False,True
T,cylT_Re60_dt10,6,0.010000000000000009,False,True
T,cylT_Re60_dt10,6,0.010000000000000009,False,True
T,cylT_Re60_dt10,6,0.010000000000000009,False,True
T,cylT_Re60_dt10,7,0.020000000000000018,False,True
T,cylT_Re60_dt10,7,0.01999999999999999,False,True
T,cylT_Re60_dt10,7,0.020000000000000018,False,True
T,cylT_Re60_dt10,8,0.030000000000000027,False,True
T,cylT_Re60_dt10,8,0.040000000000000036,False,True
T,cylT_Re60_dt10,8,0.010000000000000009,False,True
T,cylT_Re60_dt10,9,0.03999999999999998,False,True
T,cylT_Re60_dt10,9,0.09000000000000002,False,True
T,cylT_Re60_dt10,9,0.050000000000000044,False,True
T,cylT_Re60_dt10,10,0.010000000000000009,False,True
T,cylT_Re60_dt10,10,0.010000000000000009,False,True
T,cylT_Re60_dt10,10,0.010000000000000009,False,True
T,cylT_Re60_dt10,11,0.020000000000000018,False,True
T,cylT_Re60_dt10,11,0.010000000000000009,False,True
T,cylT_Re60_dt10,11,0.030000000000000027,False,True
T,cylT_Re60_dt10,12,0.040000000000000036,False,True
T,cylT_Re60_dt10,12,0.010000000000000009,False,True
T,cylT_Re60_dt10,12,0.030000000000000027,False,True
T,cylT_Re60_dt10,13,0.010000000000000009,False,True
T,cylT_Re60_dt10,13,0.010000000000000009,False,True
T,cylT_Re60_dt10,13,0.020000000000000018,False,True
T,cylT_Re60_dt10,14,0.039999999999999925,False,True
T,cylT_Re60_dt10,14,0.020000000000000018,False,True
T,cylT_Re60_dt10,14,0.030000000000000027,False,True
T,cylT_Re60_dt10,15,0.010000000000000009,False,True
T,cylT_Re60_dt10,15,0.020000000000000018,False,True
T,cylT_Re60_dt10,15,0.030000000000000027,False,True
T,cylT_Re60_dt10,16,0.02999999999999997,False,True
T,cylT_Re60_dt10,16,0.03999999999999998,False,True
T,cylT_Re60_dt10,16,0.010000000000000009,False,True
T,cylT_Re60_dt10,17,0.040000000000000036,False,True
T,cylT_Re60_dt10,17,0.020000000000000018,False,True
T,cylT_Re60_dt10,17,0.020000000000000018,False,True
T,cylT_Re60_dt10,18,0.07999999999999996,False,True
T,cylT_Re60_dt10,18,0.039999999999999925,False,True
T,cylT_Re60_dt10,18,0.040000000000000036,False,True
T,cylT_Re60_dt10,19,0.029999999999999916,False,True
T,cylT_Re60_dt10,19,0.010000000000000009,False,True
T,cylT_Re60_dt10,19,0.029999999999999916,False,True
T,cylT_Re60_dt10,20,0.04000000000000001,False,True
T,cylT_Re60_dt10,20,0.020000000000000018,False,True
T,cylT_Re60_dt10,20,0.04000000000000001,False,True
T,cylT_Re60_dt10,21,0.04000000000000001,False,True
T,cylT_Re60_dt10,21,0.04000000000000001,False,True
T,cylT_Re60_dt10,21,0.01999999999999999,False,True
T,cylT_Re60_dt10,22,0.010000000000000009,False,True
T,cylT_Re60_dt10,22,0.020000000000000018,False,True
T,cylT_Re60_dt10,22,0.03,False,True
T,cylT_Re60_dt10,23,0.04000000000000001,False,True
T,cylT_Re60_dt10,23,0.030000000000000027,False,True
T,cylT_Re60_dt10,23,0.030000000000000027,False,True
T,cylT_Re60_dt10,24,0.040000000000000036,False,True
T,cylT_Re60_dt10,24,0.030000000000000027,False,True
T,cylT_Re60_dt10,24,0.010000000000000009,False,True
T,cylT_Re60_dt10,25,0.020000000000000018,False,True
T,cylT_Re60_dt10,25,0.040000000000000036,False,True
T,cylT_Re60_dt10,25,0.030000000000000027,False,True
T,cylT_Re60_dt10,26,0.010000000000000009,False,True
T,cylT_Re60_dt10,26,0.020000000000000018,False,True
T,cylT_Re60_dt10,26,0.030000000000000027,False,True
T,cylT_Re60_dt10,27,0.010000000000000009,False,True
T,cylT_Re60_dt10,27,0.019999999999999907,False,True
T,cylT_Re60_dt10,27,0.019999999999999907,False,True
T,cylT_Re60_dt10,28,0.039999999999999925,False,True
T,cylT_Re60_dt10,28,0.009999999999999995,False,True
T,cylT_Re60_dt10,28,0.039999999999999925,False,True
T,pitzT_U10_dt1,0,0.019999999999999962,False,True
T,pitzT_U10_dt1,0,0.030000000000000027,False,True
T,pitzT_U10_dt1,0,0.04999999999999999,False,True
T,pitzT_U10_dt1,1,0.019999999999999962,False,True
T,pitzT_U10_dt1,1,0.02999999999999997,False,True
T,pitzT_U10_dt1,1,0.010000000000000009,False,True
T,pitzT_U10_dt1,2,0.04999999999999999,False,True
T,pitzT_U10_dt1,2,0.019999999999999962,False,True
T,pitzT_U10_dt1,2,0.030000000000000027,False,True
T,pitzT_U10_dt1,3,0.010000000000000009,False,True
T,pitzT_U10_dt1,3,0.010000000000000009,False,True
T,pitzT_U10_dt1,3,0.010000000000000009,False,True
T,pitzT_U10_dt1,4,0.020000000000000018,False,True
T,pitzT_U10_dt1,4,0.010000000000000009,False,True
T,pitzT_U10_dt1,4,0.010000000000000009,False,True
T,pitzT_U10_dt1,5,0.030000000000000027,False,True
T,pitzT_U10_dt1,5,0.010000000000000009,False,True
T,pitzT_U10_dt1,5,0.020000000000000018,False,True
T,pitzT_U10_dt1,6,0.020000000000000018,False,True
T,pitzT_U10_dt1,6,0.010000000000000009,False,True
T,pitzT_U10_dt1,6,0.010000000000000009,False,True
T,pitzT_U10_dt1,7,0.010000000000000009,False,True
T,pitzT_U10_dt1,7,0.010000000000000002,False,True
T,pitzT_U10_dt1,7,0.010000000000000009,False,True
T,pitzT_U10_dt1,8,0.03,False,True
T,pitzT_U10_dt1,8,0.020000000000000018,False,True
T,pitzT_U10_dt1,8,0.010000000000000009,False,True
T,pitzT_U10_dt1,9,0.03,False,True
T,pitzT_U10_dt1,9,0.010000000000000009,False,True
T,pitzT_U10_dt1,9,0.01999999999999999,False,True
T,pitzT_U10_dt1,10,0.010000000000000009,False,True
T,pitzT_U10_dt1,10,0.010000000000000009,False,True
T,pitzT_U10_dt1,10,0.010000000000000009,False,True
T,pitzT_U10_dt1,11,0.020000000000000018,False,True
T,pitzT_U10_dt1,11,0.030000000000000027,False,True
T,pitzT_U10_dt1,11,0.010000000000000009,False,True
T,pitzT_U10_dt1,12,0.03,False,True
T,pitzT_U10_dt1,12,0.010000000000000009,False,True
T,pitzT_U10_dt1,12,0.020000000000000018,False,True
T,pitzT_U10_dt1,13,0.010000000000000009,False,True
T,pitzT_U10_dt1,13,0.01999999999999999,False,True
T,pitzT_U10_dt1,13,0.03,False,True
T,pitzT_U10_dt1,14,0.03,False,True
T,pitzT_U10_dt1,14,0.009999999999999981,False,True
T,pitzT_U10_dt1,14,0.020000000000000018,False,True
T,pitzT_U10_dt1,15,0.020000000000000018,False,True
T,pitzT_U10_dt1,15,0.010000000000000009,False,True
T,pitzT_U10_dt1,15,0.020000000000000018,False,True
T,pitzT_U10_dt1,16,0.010000000000000009,False,True
T,pitzT_U10_dt1,16,0.020000000000000018,False,True
T,pitzT_U10_dt1,16,0.020000000000000018,False,True
T,pitzT_U10_dt1,17,0.030000000000000027,False,True
T,pitzT_U10_dt1,17,0.020000000000000018,False,True
T,pitzT_U10_dt1,17,0.01999999999999999,False,True
T,pitzT_U10_dt1,18,0.040000000000000036,False,True
T,pitzT_U10_dt1,18,0.010000000000000009,False,True
T,pitzT_U10_dt1,18,0.030000000000000027,False,True
T,pitzT_U10_dt1,19,0.010000000000000009,False,True
T,pitzT_U10_dt1,19,0.030000000000000027,False,True
T,pitzT_U10_dt1,19,0.020000000000000018,False,True
T,pitzT_U10_dt1,20,0.01999999999999999,False,True
T,pitzT_U10_dt1,20,0.020000000000000018,False,True
T,pitzT_U10_dt1,20,0.030000000000000027,False,True
T,pitzT_U10_dt1,21,0.010000000000000009,False,True
T,pitzT_U10_dt1,21,0.020000000000000018,False,True
T,pitzT_U10_dt1,21,0.020000000000000018,False,True
T,pitzT_U10_dt1,22,0.010000000000000009,False,True
T,pitzT_U10_dt1,22,0.030000000000000027,False,True
T,pitzT_U10_dt1,22,0.030000000000000027,False,True
T,pitzT_U10_dt1,23,0.010000000000000009,False,True
T,pitzT_U10_dt1,23,0.04000000000000001,False,True
T,pitzT_U10_dt1,23,0.03,False,True
T,pitzT_U10_dt1,24,0.029999999999999916,False,True
T,pitzT_U10_dt1,24,0.019999999999999907,False,True
T,pitzT_U10_dt1,24,0.010000000000000009,False,True
T,pitzT_U10_dt1,25,0.010000000000000009,False,True
T,pitzT_U10_dt1,25,0.04000000000000001,False,True
T,pitzT_U10_dt1,25,0.03,False,True
T,pitzT_U10_dt1,26,0.030000000000000027,False,True
T,pitzT_U10_dt1,26,0.039999999999999925,False,True
T,pitzT_U10_dt1,26,0.06999999999999995,False,True
T,pitzT_U10_dt1,27,0.010000000000000009,False,True
T,pitzT_U10_dt1,27,0.010000000000000009,False,True
T,pitzT_U10_dt1,27,0.010000000000000009,False,True
T,pitzT_U10_dt1,28,0.010000000000000009,False,True
T,pitzT_U10_dt1,28,0.04000000000000001,False,True
T,pitzT_U10_dt1,28,0.03,False,True
T,pitzT_U10_dt1,29,0.010000000000000009,False,True
T,pitzT_U10_dt1,29,0.030000000000000027,False,True
T,pitzT_U10_dt1,29,0.030000000000000027,False,True
T,pitzT_U10_dt1,30,0.040000000000000036,False,True
T,pitzT_U10_dt1,30,0.030000000000000027,False,True
T,pitzT_U10_dt1,30,0.01999999999999999,False,True
T,pitzT_U10_dt1,31,0.020000000000000018,False,True
T,pitzT_U10_dt1,31,0.020000000000000018,False,True
T,pitzT_U10_dt1,31,0.030000000000000027,False,True
T,pitzT_U10_dt1,32,0.03,False,True
T,pitzT_U10_dt1,32,0.050000000000000044,False,True
T,pitzT_U10_dt1,32,0.040000000000000036,False,True
T,pitzT_U10_dt1,33,0.040000000000000036,False,True
T,pitzT_U10_dt1,33,0.020000000000000018,False,True
T,pitzT_U10_dt1,33,0.03999999999999998,False,True
T,pitzT_U10_dt1,34,0.050000000000000044,False,True
T,pitzT_U10_dt1,34,0.020000000000000018,False,True
T,pitzT_U10_dt1,34,0.030000000000000027,False,True
T,pitzT_U10_dt1,35,0.020000000000000018,False,True
T,pitzT_U10_dt1,35,0.020000000000000018,False,True
T,pitzT_U10_dt1,35,0.030000000000000027,False,True
T,pitzT_U10_dt1,36,0.029999999999999916,False,True
T,pitzT_U10_dt1,36,0.030000000000000027,False,True
T,pitzT_U10_dt1,36,0.05999999999999994,False,True
T,pitzT_U10_dt1,37,0.010000000000000009,False,True
T,pitzT_U10_dt1,37,0.02999999999999997,False,True
T,pitzT_U10_dt1,37,0.02999999999999997,False,True
T,pitzT_U10_dt1,38,0.010000000000000009,False,True
T,pitzT_U10_dt1,38,0.020000000000000018,False,True
T,pitzT_U10_dt1,38,0.01999999999999999,False,True
T,pitzT_U10_dt1,39,0.020000000000000018,False,True
T,pitzT_U10_dt1,39,0.020000000000000018,False,True
T,pitzT_U10_dt1,39,0.010000000000000009,False,True
T,pitzT_U10_dt1,40,0.010000000000000009,False,True
T,pitzT_U10_dt1,40,0.04999999999999993,False,True
T,pitzT_U10_dt1,40,0.039999999999999925,False,True
T,pitzT_U10_dt1,41,0.020000000000000018,False,True
T,pitzT_U10_dt1,41,0.01999999999999999,False,True
T,pitzT_U10_dt1,41,0.010000000000000009,False,True
T,pitzT_U10_dt1,42,0.020000000000000018,False,True
T,pitzT_U10_dt1,42,0.010000000000000009,False,True
T,pitzT_U10_dt1,42,0.020000000000000004,False,True
T,pitzT_U10_dt1,43,0.03,False,True
T,pitzT_U10_dt1,43,0.029999999999999916,False,True
T,pitzT_U10_dt1,43,0.020000000000000018,False,True
T,pitzT_U10_dt1,44,0.039999999999999925,False,True
T,pitzT_U10_dt1,44,0.029999999999999916,False,True
T,pitzT_U10_dt1,44,0.020000000000000018,False,True
T,pitzT_U10_dt1,45,0.009999999999999995,False,True
T,pitzT_U10_dt1,45,0.03,False,True
T,pitzT_U10_dt1,45,0.03,False,True
T,pitzT_U10_dt1,46,0.020000000000000018,False,True
T,pitzT_U10_dt1,46,0.029999999999999916,False,True
T,pitzT_U10_dt1,46,0.020000000000000018,False,True
T,pitzT_U10_dt1,47,0.030000000000000027,False,True
T,pitzT_U10_dt1,47,0.029999999999999916,False,True
T,pitzT_U10_dt1,47,0.05999999999999994,False,True
T,pitzT_U10_dt1,48,0.009999999999999981,False,True
T,pitzT_U10_dt1,48,0.020000000000000018,False,True
T,pitzT_U10_dt1,48,0.020000000000000018,False,True
T,pitzT_U10_dt1,49,0.019999999999999907,False,True
T,pitzT_U10_dt1,49,0.029999999999999916,False,True
T,pitzT_U10_dt1,49,0.01999999999999999,False,True
T,pitzT_U10_dt1,50,0.010000000000000009,False,True
T,pitzT_U10_dt1,50,0.030000000000000027,False,True
T,pitzT_U10_dt1,50,0.040000000000000036,False,True
T,pitzT_U10_dt1,51,0.029999999999999916,False,True
T,pitzT_U10_dt1,51,0.009999999999999995,False,True
T,pitzT_U10_dt1,51,0.029999999999999916,False,True
T,pitzT_U10_dt1,52,0.0,True,True
T,pitzT_U10_dt1,52,0.010000000000000009,False,True
T,pitzT_U10_dt1,52,0.010000000000000009,False,True
T,pitzT_U10_dt1,53,0.020000000000000004,False,True
T,pitzT_U10_dt1,53,0.010000000000000009,False,True
T,pitzT_U10_dt1,53,0.019999999999999907,False,True
T,pitzT_U10_dt1,54,0.03,False,True
T,pitzT_U10_dt1,54,0.020000000000000018,False,True
T,pitzT_U10_dt1,54,0.010000000000000009,False,True
T,pitzT_U10_dt1,55,0.030000000000000027,False,True
T,pitzT_U10_dt1,55,0.010000000000000009,False,True
T,pitzT_U10_dt1,55,0.030000000000000027,False,True
T,pitzT_U10_dt1,56,0.01999999999999999,False,True
T,pitzT_U10_dt1,56,0.020000000000000018,False,True
T,pitzT_U10_dt1,56,0.020000000000000018,False,True
T,pitzT_U10_dt1,57,0.020000000000000018,False,True
T,pitzT_U10_dt1,57,0.030000000000000027,False,True
T,pitzT_U10_dt1,57,0.010000000000000009,False,True
T,pitzT_U10_dt1,58,0.020000000000000018,False,True
T,pitzT_U10_dt1,58,0.04999999999999993,False,True
T,pitzT_U10_dt1,58,0.029999999999999916,False,True
T,pitzT_U10_dt1,59,0.009999999999999995,False,True
T,pitzT_U10_dt1,59,0.010000000000000009,False,True
T,pitzT_U10_dt1,59,0.010000000000000009,False,True
T,pitzT_U10_dt1,60,0.04999999999999993,False,True
T,pitzT_U10_dt1,60,0.05999999999999994,False,True
T,pitzT_U10_dt1,60,0.020000000000000018,False,True
T,pitzT_U10_dt1,61,0.020000000000000004,False,True
T,pitzT_U10_dt1,61,0.019999999999999907,False,True
T,pitzT_U10_dt1,61,0.010000000000000009,False,True
T,pitzT_U10_dt1,62,0.03,False,True
T,pitzT_U10_dt1,62,0.05999999999999994,False,True
T,pitzT_U10_dt1,62,0.039999999999999925,False,True
T,pitzT_U10_dt1,63,0.020000000000000018,False,True
T,pitzT_U10_dt1,63,0.029999999999999916,False,True
T,pitzT_U10_dt1,63,0.03,False,True
T,pitzT_U10_dt1,64,0.020000000000000018,False,True
T,pitzT_U10_dt1,64,0.010000000000000009,False,True
T,pitzT_U10_dt1,64,0.03,False,True
T,pitzT_U10_dt1,65,0.010000000000000009,False,True
T,pitzT_U10_dt1,65,0.04999999999999993,False,True
T,pitzT_U10_dt1,65,0.04999999999999993,False,True
T,pitzT_U10_dt1,66,0.039999999999999925,False,True
T,pitzT_U10_dt1,66,0.039999999999999925,False,True
T,pitzT_U10_dt1,66,0.010000000000000009,False,True
T,pitzT_U10_dt1,67,0.020000000000000018,False,True
T,pitzT_U10_dt1,67,0.029999999999999916,False,True
T,pitzT_U10_dt1,67,0.01999999999999999,False,True
T,pitzT_U10_dt1,68,0.030000000000000027,False,True
T,pitzT_U10_dt1,68,0.010000000000000009,False,True
T,pitzT_U10_dt1,68,0.020000000000000018,False,True
T,pitzT_U10_dt1,69,0.03,False,True
T,pitzT_U10_dt1,69,0.020000000000000018,False,True
T,pitzT_U10_dt1,69,0.04000000000000001,False,True
T,pitzT_U10_dt1,70,0.01999999999999999,False,True
T,pitzT_U10_dt1,70,0.010000000000000009,False,True
T,pitzT_U10_dt1,70,0.01999999999999999,False,True
T,pitzT_U10_dt1,71,0.020000000000000018,False,True
T,pitzT_U10_dt1,71,0.020000000000000018,False,True
T,pitzT_U10_dt1,71,0.010000000000000009,False,True
T,pitzT_U10_dt1,72,0.01999999999999999,False,True
T,pitzT_U10_dt1,72,0.010000000000000009,False,True
T,pitzT_U10_dt1,72,0.03,False,True
T,pitzT_U10_dt1,73,0.029999999999999916,False,True
T,pitzT_U10_dt1,73,0.009999999999999995,False,True
T,pitzT_U10_dt1,73,0.020000000000000018,False,True
T,pitzT_U10_dt1,74,0.020000000000000018,False,True
T,pitzT_U10_dt1,74,0.020000000000000018,False,True
T,pitzT_U10_dt1,74,0.009999999999999981,False,True
T,pitzT_U10_dt1,75,0.010000000000000009,False,True
T,pitzT_U10_dt1,75,0.010000000000000009,False,True
T,pitzT_U10_dt1,75,0.009999999999999981,False,True
T,pitzT_U10_dt1,76,0.010000000000000009,False,True
T,pitzT_U10_dt1,76,0.010000000000000009,False,True
T,pitzT_U10_dt1,76,0.020000000000000018,False,True
T,pitzT_U10_dt1,77,0.030000000000000027,False,True
T,pitzT_U10_dt1,77,0.040000000000000036,False,True
T,pitzT_U10_dt1,77,0.010000000000000009,False,True
T,pitzT_U10_dt1,78,0.02999999999999997,False,True
T,pitzT_U10_dt1,78,0.010000000000000009,False,True
T,pitzT_U10_dt1,78,0.02999999999999997,False,True
T,pitzT_U10_dt1,79,0.01999999999999999,False,True
T,pitzT_U10_dt1,79,0.020000000000000018,False,True
T,pitzT_U10_dt1,79,0.020000000000000018,False,True
T,pitzT_U10_dt1,80,0.01999999999999999,False,True
T,pitzT_U10_dt1,80,0.010000000000000009,False,True
T,pitzT_U10_dt1,80,0.01999999999999999,False,True
T,pitzT_U10_dt1,81,0.01999999999999999,False,True
T,pitzT_U10_dt1,81,0.01999999999999999,False,True
T,pitzT_U10_dt1,81,0.03999999999999998,False,True
T,pitzT_U10_dt1,82,0.05999999999999994,False,True
T,pitzT_U10_dt1,82,0.029999999999999916,False,True
T,pitzT_U10_dt1,82,0.030000000000000027,False,True
T,pitzT_U10_dt1,83,0.020000000000000018,False,True
T,pitzT_U10_dt1,83,0.020000000000000018,False,True
T,pitzT_U10_dt1,83,0.040000000000000036,False,True
T,pitzT_U10_dt1,84,0.029999999999999916,False,True
T,pitzT_U10_dt1,84,0.010000000000000009,False,True
T,pitzT_U10_dt1,84,0.020000000000000018,False,True
T,pitzT_U10_dt1,85,0.09000000000000008,False,True
T,pitzT_U10_dt1,85,0.050000000000000044,False,True
T,pitzT_U10_dt1,85,0.040000000000000036,False,True
T,pitzT_U10_dt1,86,0.010000000000000009,False,True
T,pitzT_U10_dt1,86,0.020000000000000018,False,True
T,pitzT_U10_dt1,86,0.03,False,True
T,pitzT_U10_dt1,87,0.010000000000000009,False,True
T,pitzT_U10_dt1,87,0.040000000000000036,False,True
T,pitzT_U10_dt1,87,0.030000000000000027,False,True
T,pitzT_U10_dt1,88,0.030000000000000027,False,True
T,pitzT_U10_dt1,88,0.010000000000000009,False,True
T,pitzT_U10_dt1,88,0.030000000000000027,False,True
T,pitzT_U10_dt1,89,0.020000000000000018,False,True
T,pitzT_U10_dt1,89,0.010000000000000009,False,True
T,pitzT_U10_dt1,89,0.020000000000000018,False,True
T,pitzT_U10_dt1,90,0.010000000000000009,False,True
T,pitzT_U10_dt1,90,0.020000000000000018,False,True
T,pitzT_U10_dt1,90,0.010000000000000009,False,True
T,pitzT_U10_dt1,91,0.020000000000000018,False,True
T,pitzT_U10_dt1,91,0.04000000000000001,False,True
T,pitzT_U10_dt1,91,0.020000000000000018,False,True
T,pitzT_U10_dt1,92,0.010000000000000009,False,True
T,pitzT_U10_dt1,92,0.010000000000000009,False,True
T,pitzT_U10_dt1,92,0.01999999999999999,False,True
T,pitzT_U10_dt1,93,0.040000000000000036,False,True
T,pitzT_U10_dt1,93,0.020000000000000018,False,True
T,pitzT_U10_dt1,93,0.06000000000000005,False,True
T,pitzT_U10_dt1,94,0.01999999999999999,False,True
T,pitzT_U10_dt1,94,0.010000000000000009,False,True
T,pitzT_U10_dt1,94,0.01999999999999999,False,True
T,pitzT_U10_dt1,95,0.01999999999999999,False,True
T,pitzT_U10_dt1,95,0.030000000000000027,False,True
T,pitzT_U10_dt1,95,0.020000000000000018,False,True
T,pitzT_U10_dt1,96,0.03,False,True
T,pitzT_U10_dt1,96,0.010000000000000009,False,True
T,pitzT_U10_dt1,96,0.020000000000000018,False,True
T,pitzT_U10_dt1,97,0.020000000000000018,False,True
T,pitzT_U10_dt1,97,0.050000000000000044,False,True
T,pitzT_U10_dt1,97,0.030000000000000027,False,True
T,pitzT_U10_dt1,98,0.01999999999999999,False,True
T,pitzT_U10_dt1,98,0.06000000000000005,False,True
T,pitzT_U10_dt1,98,0.07000000000000006,False,True
T,pitzT_U10_dt2,0,0.009999999999999995,False,True
T,pitzT_U10_dt2,0,0.019999999999999962,False,True
T,pitzT_U10_dt2,0,0.010000000000000009,False,True
T,pitzT_U10_dt2,1,0.010000000000000009,False,True
T,pitzT_U10_dt2,1,0.020000000000000018,False,True
T,pitzT_U10_dt2,1,0.030000000000000027,False,True
T,pitzT_U10_dt2,2,0.020000000000000018,False,True
T,pitzT_U10_dt2,2,0.020000000000000018,False,True
T,pitzT_U10_dt2,2,0.010000000000000009,False,True
T,pitzT_U10_dt2,3,0.010000000000000009,False,True
T,pitzT_U10_dt2,3,0.030000000000000027,False,True
T,pitzT_U10_dt2,3,0.040000000000000036,False,True
T,pitzT_U10_dt2,4,0.04999999999999999,False,True
T,pitzT_U10_dt2,4,0.02999999999999997,False,True
T,pitzT_U10_dt2,4,0.020000000000000018,False,True
T,pitzT_U10_dt2,5,0.010000000000000009,False,True
T,pitzT_U10_dt2,5,0.020000000000000018,False,True
T,pitzT_U10_dt2,5,0.03,False,True
T,pitzT_U10_dt2,6,0.02999999999999997,False,True
T,pitzT_U10_dt2,6,0.03999999999999998,False,True
T,pitzT_U10_dt2,6,0.01999999999999999,False,True
T,pitzT_U10_dt2,7,0.030000000000000027,False,True
T,pitzT_U10_dt2,7,0.040000000000000036,False,True
T,pitzT_U10_dt2,7,0.010000000000000009,False,True
T,pitzT_U10_dt2,8,0.010000000000000009,False,True
T,pitzT_U10_dt2,8,0.019999999999999962,False,True
T,pitzT_U10_dt2,8,0.010000000000000009,False,True
T,pitzT_U10_dt2,10,0.020000000000000018,False,True
T,pitzT_U10_dt2,10,0.010000000000000009,False,True
T,pitzT_U10_dt2,10,0.020000000000000018,False,True
T,pitzT_U10_dt2,11,0.020000000000000018,False,True
T,pitzT_U10_dt2,11,0.030000000000000027,False,True
T,pitzT_U10_dt2,11,0.03999999999999998,False,True
T,pitzT_U10_dt2,12,0.020000000000000018,False,True
T,pitzT_U10_dt2,12,0.010000000000000009,False,True
T,pitzT_U10_dt2,12,0.010000000000000009,False,True
T,pitzT_U10_dt2,13,0.02999999999999997,False,True
T,pitzT_U10_dt2,13,0.010000000000000009,False,True
T,pitzT_U10_dt2,13,0.019999999999999962,False,True
T,pitzT_U10_dt2,14,0.019999999999999962,False,True
T,pitzT_U10_dt2,14,0.010000000000000009,False,True
T,pitzT_U10_dt2,14,0.019999999999999962,False,True
T,pitzT_U10_dt2,15,0.02999999999999997,False,True
T,pitzT_U10_dt2,15,0.02999999999999997,False,True
T,pitzT_U10_dt2,15,0.010000000000000009,False,True
T,pitzT_U10_dt2,16,0.020000000000000018,False,True
T,pitzT_U10_dt2,16,0.020000000000000018,False,True
T,pitzT_U10_dt2,16,0.020000000000000018,False,True
T,pitzT_U10_dt2,17,0.010000000000000009,False,True
T,pitzT_U10_dt2,17,0.009999999999999981,False,True
T,pitzT_U10_dt2,17,0.010000000000000009,False,True
T,pitzT_U10_dt2,18,0.010000000000000009,False,True
T,pitzT_U10_dt2,18,0.019999999999999962,False,True
T,pitzT_U10_dt2,18,0.020000000000000018,False,True
T,pitzT_U10_dt2,19,0.020000000000000018,False,True
T,pitzT_U10_dt2,19,0.030000000000000027,False,True
T,pitzT_U10_dt2,19,0.010000000000000009,False,True
T,pitzT_U10_dt2,20,0.01999999999999999,False,True
T,pitzT_U10_dt2,20,0.02999999999999997,False,True
T,pitzT_U10_dt2,20,0.03,False,True
T,pitzT_U10_dt2,22,0.020000000000000018,False,True
T,pitzT_U10_dt2,22,0.040000000000000036,False,True
T,pitzT_U10_dt2,22,0.040000000000000036,False,True
T,pitzT_U10_dt2,23,0.010000000000000009,False,True
T,pitzT_U10_dt2,23,0.010000000000000009,False,True
T,pitzT_U10_dt2,23,0.020000000000000018,False,True
T,pitzT_U10_dt2,24,0.010000000000000009,False,True
T,pitzT_U10_dt2,24,0.010000000000000009,False,True
T,pitzT_U10_dt2,24,0.020000000000000018,False,True
T,pitzT_U10_dt2,25,0.020000000000000018,False,True
T,pitzT_U10_dt2,25,0.020000000000000018,False,True
T,pitzT_U10_dt2,25,0.009999999999999995,False,True
T,pitzT_U10_dt2,26,0.020000000000000018,False,True
T,pitzT_U10_dt2,26,0.020000000000000018,False,True
T,pitzT_U10_dt2,26,0.010000000000000009,False,True
T,pitzT_U10_dt2,27,0.04999999999999999,False,True
T,pitzT_U10_dt2,27,0.010000000000000009,False,True
T,pitzT_U10_dt2,27,0.06,False,True
T,pitzT_U10_dt2,28,0.020000000000000018,False,True
T,pitzT_U10_dt2,28,0.020000000000000018,False,True
T,pitzT_U10_dt2,28,0.0,True,True
T,pitzT_U10_dt2,29,0.020000000000000018,False,True
T,pitzT_U10_dt2,29,0.010000000000000009,False,True
T,pitzT_U10_dt2,29,0.010000000000000009,False,True
T,pitzT_U10_dt2,30,0.010000000000000009,False,True
T,pitzT_U10_dt2,30,0.03,False,True
T,pitzT_U10_dt2,30,0.01999999999999999,False,True
T,pitzT_U10_dt2,31,0.010000000000000009,False,True
T,pitzT_U10_dt2,31,0.010000000000000009,False,True
T,pitzT_U10_dt2,31,0.010000000000000009,False,True
T,pitzT_U10_dt2,32,0.010000000000000009,False,True
T,pitzT_U10_dt2,32,0.010000000000000009,False,True
T,pitzT_U10_dt2,32,0.010000000000000009,False,True
T,pitzT_U10_dt2,33,0.010000000000000009,False,True
T,pitzT_U10_dt2,33,0.020000000000000018,False,True
T,pitzT_U10_dt2,33,0.020000000000000018,False,True
T,pitzT_U10_dt2,34,0.02999999999999997,False,True
T,pitzT_U10_dt2,34,0.019999999999999962,False,True
T,pitzT_U10_dt2,34,0.01999999999999999,False,True
T,pitzT_U10_dt2,35,0.030000000000000027,False,True
T,pitzT_U10_dt2,35,0.020000000000000018,False,True
T,pitzT_U10_dt2,35,0.010000000000000009,False,True
T,pitzT_U10_dt2,36,0.03999999999999998,False,True
T,pitzT_U10_dt2,36,0.010000000000000009,False,True
T,pitzT_U10_dt2,36,0.03999999999999998,False,True
T,pitzT_U10_dt2,37,0.010000000000000009,False,True
T,pitzT_U10_dt2,37,0.01999999999999999,False,True
T,pitzT_U10_dt2,37,0.010000000000000009,False,True
T,pitzT_U10_dt2,38,0.02999999999999997,False,True
T,pitzT_U10_dt2,38,0.010000000000000009,False,True
T,pitzT_U10_dt2,38,0.03999999999999998,False,True
T,pitzT_U10_dt2,39,0.020000000000000018,False,True
T,pitzT_U10_dt2,39,0.03,False,True
T,pitzT_U10_dt2,39,0.03,False,True
T,pitzT_U10_dt2,40,0.020000000000000018,False,True
T,pitzT_U10_dt2,40,0.020000000000000018,False,True
T,pitzT_U10_dt2,40,0.0,True,True
T,pitzT_U10_dt2,41,0.010000000000000009,False,True
T,pitzT_U10_dt2,41,0.020000000000000018,False,True
T,pitzT_U10_dt2,41,0.010000000000000009,False,True
T,pitzT_U10_dt2,42,0.01999999999999999,False,True
T,pitzT_U10_dt2,42,0.01999999999999999,False,True
T,pitzT_U10_dt2,42,0.010000000000000009,False,True
T,pitzT_U10_dt2,43,0.010000000000000009,False,True
T,pitzT_U10_dt2,43,0.010000000000000009,False,True
T,pitzT_U10_dt2,43,0.0,True,True
T,pitzT_U10_dt2,45,0.03999999999999998,False,True
T,pitzT_U10_dt2,45,0.020000000000000018,False,True
T,pitzT_U10_dt2,45,0.020000000000000018,False,True
T,pitzT_U10_dt2,46,0.020000000000000018,False,True
T,pitzT_U10_dt2,46,0.009999999999999995,False,True
T,pitzT_U10_dt2,46,0.020000000000000018,False,True
T,pitzT_U10_dt2,47,0.019999999999999962,False,True
T,pitzT_U10_dt2,47,0.020000000000000018,False,True
T,pitzT_U10_dt2,47,0.010000000000000009,False,True
T,pitzT_U10_dt2,48,0.010000000000000009,False,True
T,pitzT_U10_dt2,48,0.030000000000000013,False,True
T,pitzT_U10_dt2,48,0.020000000000000018,False,True
T,pitzT_U10_dt2,49,0.0,True,True
T,pitzT_U10_dt2,49,0.010000000000000009,False,True
T,pitzT_U10_dt2,49,0.010000000000000009,False,True
T,pitzT_U10_dt2,50,0.010000000000000009,False,True
T,pitzT_U10_dt2,50,0.010000000000000009,False,True
T,pitzT_U10_dt2,50,0.020000000000000018,False,True
T,pitzT_U10_dt2,51,0.010000000000000009,False,True
T,pitzT_U10_dt2,51,0.04999999999999999,False,True
T,pitzT_U10_dt2,51,0.03999999999999998,False,True
T,pitzT_U20_dt1,0,0.010000000000000009,False,True
T,pitzT_U20_dt1,0,0.010000000000000009,False,True
T,pitzT_U20_dt1,0,0.010000000000000009,False,True
T,pitzT_U20_dt1,1,0.010000000000000009,False,True
T,pitzT_U20_dt1,1,0.010000000000000002,False,True
T,pitzT_U20_dt1,1,0.010000000000000009,False,True
T,pitzT_U20_dt1,2,0.010000000000000009,False,True
T,pitzT_U20_dt1,2,0.03999999999999998,False,True
T,pitzT_U20_dt1,2,0.02999999999999997,False,True
T,pitzT_U20_dt1,3,0.020000000000000018,False,True
T,pitzT_U20_dt1,3,0.0,True,True
T,pitzT_U20_dt1,3,0.020000000000000018,False,True
T,pitzT_U20_dt1,4,0.010000000000000009,False,True
T,pitzT_U20_dt1,4,0.020000000000000018,False,True
T,pitzT_U20_dt1,4,0.010000000000000009,False,True
T,pitzT_U20_dt1,5,0.010000000000000009,False,True
T,pitzT_U20_dt1,5,0.030000000000000027,False,True
T,pitzT_U20_dt1,5,0.04000000000000001,False,True
T,pitzT_U20_dt1,6,0.010000000000000009,False,True
T,pitzT_U20_dt1,6,0.01999999999999999,False,True
T,pitzT_U20_dt1,6,0.020000000000000018,False,True
T,pitzT_U20_dt1,7,0.010000000000000009,False,True
T,pitzT_U20_dt1,7,0.010000000000000009,False,True
T,pitzT_U20_dt1,7,0.020000000000000018,False,True
T,pitzT_U20_dt1,8,0.0,True,True
T,pitzT_U20_dt1,8,0.04999999999999999,False,True
T,pitzT_U20_dt1,8,0.04999999999999999,False,True
T,pitzT_U20_dt1,10,0.010000000000000009,False,True
T,pitzT_U20_dt1,10,0.010000000000000009,False,True
T,pitzT_U20_dt1,10,0.010000000000000009,False,True
T,pitzT_U20_dt1,11,0.010000000000000009,False,True
T,pitzT_U20_dt1,11,0.020000000000000004,False,True
T,pitzT_U20_dt1,11,0.010000000000000009,False,True
T,pitzT_U20_dt1,12,0.03999999999999998,False,True
T,pitzT_U20_dt1,12,0.02999999999999997,False,True
T,pitzT_U20_dt1,12,0.020000000000000018,False,True
T,pitzT_U20_dt1,13,0.07999999999999996,False,True
T,pitzT_U20_dt1,13,0.07,False,True
T,pitzT_U20_dt1,13,0.009999999999999953,False,True
T,pitzT_U20_dt1,14,0.010000000000000009,False,True
T,pitzT_U20_dt1,14,0.0,True,True
T,pitzT_U20_dt1,14,0.010000000000000009,False,True
T,pitzT_U20_dt1,15,0.04999999999999999,False,True
T,pitzT_U20_dt1,15,0.010000000000000009,False,True
T,pitzT_U20_dt1,15,0.03999999999999998,False,True
T,pitzT_U20_dt1,16,0.03999999999999998,False,True
T,pitzT_U20_dt1,16,0.020000000000000018,False,True
T,pitzT_U20_dt1,16,0.03999999999999998,False,True
T,pitzT_U20_dt1,17,0.010000000000000009,False,True
T,pitzT_U20_dt1,17,0.010000000000000009,False,True
T,pitzT_U20_dt1,17,0.010000000000000009,False,True
T,pitzT_U20_dt1,18,0.020000000000000018,False,True
T,pitzT_U20_dt1,18,0.02999999999999997,False,True
T,pitzT_U20_dt1,18,0.04999999999999999,False,True
T,pitzT_U20_dt1,19,0.019999999999999962,False,True
T,pitzT_U20_dt1,19,0.03999999999999998,False,True
T,pitzT_U20_dt1,19,0.020000000000000018,False,True
T,pitzT_U20_dt1,20,0.010000000000000009,False,True
T,pitzT_U20_dt1,20,0.020000000000000018,False,True
T,pitzT_U20_dt1,20,0.010000000000000009,False,True
T,pitzT_U20_dt1,22,0.020000000000000018,False,True
T,pitzT_U20_dt1,22,0.009999999999999995,False,True
T,pitzT_U20_dt1,22,0.020000000000000018,False,True
T,pitzT_U20_dt1,23,0.010000000000000009,False,True
T,pitzT_U20_dt1,23,0.01999999999999999,False,True
T,pitzT_U20_dt1,23,0.009999999999999981,False,True
T,pitzT_U20_dt1,24,0.040000000000000036,False,True
T,pitzT_U20_dt1,24,0.040000000000000036,False,True
T,pitzT_U20_dt1,24,0.010000000000000009,False,True
T,pitzT_U20_dt1,25,0.010000000000000009,False,True
T,pitzT_U20_dt1,25,0.019999999999999962,False,True
T,pitzT_U20_dt1,25,0.02999999999999997,False,True
T,pitzT_U20_dt1,26,0.010000000000000009,False,True
T,pitzT_U20_dt1,26,0.010000000000000009,False,True
T,pitzT_U20_dt1,26,0.020000000000000018,False,True
T,pitzT_U20_dt1,27,0.010000000000000009,False,True
T,pitzT_U20_dt1,27,0.03999999999999998,False,True
T,pitzT_U20_dt1,27,0.03999999999999998,False,True
T,pitzT_U20_dt1,28,0.02999999999999997,False,True
T,pitzT_U20_dt1,28,0.02999999999999997,False,True
T,pitzT_U20_dt1,28,0.010000000000000009,False,True
T,pitzT_U20_dt1,29,0.009999999999999995,False,True
T,pitzT_U20_dt1,29,0.020000000000000018,False,True
T,pitzT_U20_dt1,29,0.020000000000000018,False,True
T,pitzT_U20_dt1,30,0.01999999999999999,False,True
T,pitzT_U20_dt1,30,0.03,False,True
T,pitzT_U20_dt1,30,0.010000000000000009,False,True
T,pitzT_U20_dt1,31,0.020000000000000018,False,True
T,pitzT_U20_dt1,31,0.010000000000000009,False,True
T,pitzT_U20_dt1,31,0.01999999999999999,False,True
T,pitzT_U20_dt1,32,0.010000000000000009,False,True
T,pitzT_U20_dt1,32,0.010000000000000009,False,True
T,pitzT_U20_dt1,32,0.010000000000000009,False,True
T,pitzT_U20_dt1,33,0.010000000000000009,False,True
T,pitzT_U20_dt1,33,0.020000000000000018,False,True
T,pitzT_U20_dt1,33,0.020000000000000018,False,True
T,pitzT_U20_dt1,34,0.019999999999999962,False,True
T,pitzT_U20_dt1,34,0.010000000000000009,False,True
T,pitzT_U20_dt1,34,0.010000000000000009,False,True
T,pitzT_U20_dt1,35,0.010000000000000009,False,True
T,pitzT_U20_dt1,35,0.020000000000000018,False,True
T,pitzT_U20_dt1,35,0.010000000000000009,False,True
T,pitzT_U20_dt1,36,0.01999999999999999,False,True
T,pitzT_U20_dt1,36,0.040000000000000036,False,True
T,pitzT_U20_dt1,36,0.04999999999999999,False,True
T,pitzT_U20_dt1,37,0.010000000000000009,False,True
T,pitzT_U20_dt1,37,0.010000000000000009,False,True
T,pitzT_U20_dt1,37,0.010000000000000009,False,True
T,pitzT_U20_dt1,38,0.06,False,True
T,pitzT_U20_dt1,38,0.030000000000000027,False,True
T,pitzT_U20_dt1,38,0.02999999999999997,False,True
T,pitzT_U20_dt1,39,0.010000000000000009,False,True
T,pitzT_U20_dt1,39,0.0,True,True
T,pitzT_U20_dt1,39,0.010000000000000009,False,True
T,pitzT_U20_dt1,40,0.010000000000000009,False,True
T,pitzT_U20_dt1,40,0.010000000000000009,False,True
T,pitzT_U20_dt1,40,0.020000000000000018,False,True
T,pitzT_U20_dt1,41,0.010000000000000009,False,True
T,pitzT_U20_dt1,41,0.030000000000000027,False,True
T,pitzT_U20_dt1,41,0.020000000000000018,False,True
T,pitzT_U20_dt1,42,0.0,True,True
T,pitzT_U20_dt1,42,0.010000000000000009,False,True
T,pitzT_U20_dt1,42,0.010000000000000009,False,True
T,pitzT_U20_dt1,43,0.010000000000000009,False,True
T,pitzT_U20_dt1,43,0.009999999999999995,False,True
T,pitzT_U20_dt1,43,0.010000000000000009,False,True
T,pitzT_U20_dt1,45,0.020000000000000018,False,True
T,pitzT_U20_dt1,45,0.03,False,True
T,pitzT_U20_dt1,45,0.020000000000000018,False,True
T,pitzT_U20_dt1,46,0.010000000000000009,False,True
T,pitzT_U20_dt1,46,0.019999999999999962,False,True
T,pitzT_U20_dt1,46,0.010000000000000009,False,True
T,pitzT_U20_dt1,47,0.020000000000000018,False,True
T,pitzT_U20_dt1,47,0.020000000000000018,False,True
T,pitzT_U20_dt1,47,0.02999999999999997,False,True
T,pitzT_U20_dt1,48,0.020000000000000018,False,True
T,pitzT_U20_dt1,48,0.019999999999999962,False,True
T,pitzT_U20_dt1,48,0.020000000000000018,False,True
T,pitzT_U20_dt1,49,0.03999999999999998,False,True
T,pitzT_U20_dt1,49,0.01999999999999999,False,True
T,pitzT_U20_dt1,49,0.03,False,True
T,pitzT_U20_dt1,50,0.02999999999999997,False,True
T,pitzT_U20_dt1,50,0.020000000000000004,False,True
T,pitzT_U20_dt1,50,0.019999999999999962,False,True
T,pitzT_U20_dt1,51,0.020000000000000018,False,True
T,pitzT_U20_dt1,51,0.010000000000000009,False,True
T,pitzT_U20_dt1,51,0.020000000000000018,False,True
T,pitzT_U20_dt1,52,0.020000000000000018,False,True
T,pitzT_U20_dt1,52,0.020000000000000018,False,True
T,pitzT_U20_dt1,52,0.010000000000000009,False,True
T,pitzT_U20_dt1,53,0.010000000000000009,False,True
T,pitzT_U20_dt1,53,0.01999999999999999,False,True
T,pitzT_U20_dt1,53,0.03,False,True
T,pitzT_U20_dt1,54,0.010000000000000009,False,True
T,pitzT_U20_dt1,54,0.02999999999999997,False,True
T,pitzT_U20_dt1,54,0.020000000000000018,False,True
T,pitzT_U20_dt1,55,0.010000000000000009,False,True
T,pitzT_U20_dt1,55,0.010000000000000009,False,True
T,pitzT_U20_dt1,55,0.010000000000000009,False,True
T,pitzT_U20_dt1,56,0.020000000000000018,False,True
T,pitzT_U20_dt1,56,0.010000000000000009,False,True
T,pitzT_U20_dt1,56,0.010000000000000009,False,True
T,pitzT_U20_dt1,57,0.040000000000000036,False,True
T,pitzT_U20_dt1,57,0.07,False,True
T,pitzT_U20_dt1,57,0.02999999999999997,False,True
T,pitzT_U20_dt1,58,0.05999999999999997,False,True
T,pitzT_U20_dt1,58,0.05999999999999997,False,True
T,pitzT_U20_dt1,58,0.01999999999999999,False,True
T,pitzT_U20_dt1,59,0.010000000000000009,False,True
T,pitzT_U20_dt1,59,0.020000000000000018,False,True
T,pitzT_U20_dt1,59,0.010000000000000009,False,True
T,pitzT_U20_dt1,60,0.010000000000000009,False,True
T,pitzT_U20_dt1,60,0.010000000000000009,False,True
T,pitzT_U20_dt1,60,0.010000000000000009,False,True
T,pitzT_U20_dt1,61,0.04999999999999999,False,True
T,pitzT_U20_dt1,61,0.02999999999999997,False,True
T,pitzT_U20_dt1,61,0.020000000000000018,False,True
T,pitzT_U20_dt1,62,0.04999999999999999,False,True
T,pitzT_U20_dt1,62,0.030000000000000027,False,True
T,pitzT_U20_dt1,62,0.019999999999999962,False,True
T,pitzT_U20_dt1,63,0.030000000000000027,False,True
T,pitzT_U20_dt1,63,0.040000000000000036,False,True
T,pitzT_U20_dt1,63,0.010000000000000009,False,True
T,pitzT_U20_dt1,64,0.020000000000000018,False,True
T,pitzT_U20_dt1,64,0.030000000000000027,False,True
T,pitzT_U20_dt1,64,0.020000000000000018,False,True
T,pitzT_U20_dt1,65,0.020000000000000018,False,True
T,pitzT_U20_dt1,65,0.03,False,True
T,pitzT_U20_dt1,65,0.020000000000000018,False,True
T,pitzT_U20_dt1,66,0.0,True,True
T,pitzT_U20_dt1,66,0.06,False,True
T,pitzT_U20_dt1,66,0.06,False,True
T,pitzT_U20_dt1,67,0.019999999999999962,False,True
T,pitzT_U20_dt1,67,0.040000000000000036,False,True
T,pitzT_U20_dt1,67,0.06,False,True
T,pitzT_U20_dt1,68,0.010000000000000009,False,True
T,pitzT_U20_dt1,68,0.02999999999999997,False,True
T,pitzT_U20_dt1,68,0.020000000000000018,False,True
T,pitzT_U20_dt1,69,0.04999999999999999,False,True
T,pitzT_U20_dt1,69,0.02999999999999997,False,True
T,pitzT_U20_dt1,69,0.020000000000000018,False,True
T,pitzT_U20_dt1,70,0.020000000000000018,False,True
T,pitzT_U20_dt1,70,0.010000000000000009,False,True
T,pitzT_U20_dt1,70,0.020000000000000018,False,True
T,pitzT_U20_dt1,71,0.04000000000000001,False,True
T,pitzT_U20_dt1,71,0.020000000000000018,False,True
T,pitzT_U20_dt1,71,0.04000000000000001,False,True
T,pitzT_U20_dt1,72,0.02999999999999997,False,True
T,pitzT_U20_dt1,72,0.020000000000000018,False,True
T,pitzT_U20_dt1,72,0.020000000000000018,False,True
T,pitzT_U20_dt1,73,0.010000000000000009,False,True
T,pitzT_U20_dt1,73,0.010000000000000009,False,True
T,pitzT_U20_dt1,73,0.010000000000000009,False,True
T,pitzT_U20_dt1,74,0.04999999999999999,False,True
T,pitzT_U20_dt1,74,0.06,False,True
T,pitzT_U20_dt1,74,0.010000000000000009,False,True
T,pitzT_U20_dt1,75,0.03,False,True
T,pitzT_U20_dt1,75,0.010000000000000009,False,True
T,pitzT_U20_dt1,75,0.01999999999999999,False,True
T,pitzT_U20_dt1,76,0.019999999999999962,False,True
T,pitzT_U20_dt1,76,0.020000000000000018,False,True
T,pitzT_U20_dt1,76,0.03999999999999998,False,True
T,pitzT_U20_dt1,77,0.04999999999999999,False,True
T,pitzT_U20_dt1,77,0.01999999999999999,False,True
T,pitzT_U20_dt1,77,0.030000000000000027,False,True
T,pitzT_U20_dt1,78,0.019999999999999962,False,True
T,pitzT_U20_dt1,78,0.030000000000000027,False,True
T,pitzT_U20_dt1,78,0.02999999999999997,False,True
T,pitzT_U20_dt1,79,0.03999999999999998,False,True
T,pitzT_U20_dt1,79,0.019999999999999962,False,True
T,pitzT_U20_dt1,79,0.020000000000000018,False,True
T,pitzT_U20_dt1,80,0.03999999999999998,False,False
T,pitzT_U20_dt1,80,0.04999999999999993,False,False
T,pitzT_U20_dt1,80,0.05999999999999994,False,True
T,pitzT_U20_dt1,81,0.05000000000000002,False,True
T,pitzT_U20_dt1,82,0.010000000000000009,False,True
T,pitzT_U20_dt1,83,0.020000000000000018,False,True
T,pitzT_U20_dt1,84,0.030000000000000027,False,False
T,pitzT_U5_dt2,0,0.040000000000000036,False,True
T,pitzT_U5_dt2,0,0.009999999999999995,False,True
T,pitzT_U5_dt2,0,0.040000000000000036,False,True
T,pitzT_U5_dt2,1,0.020000000000000018,False,True
T,pitzT_U5_dt2,1,0.030000000000000027,False,True
T,pitzT_U5_dt2,1,0.010000000000000009,False,True
T,pitzT_U5_dt2,2,0.010000000000000009,False,True
T,pitzT_U5_dt2,2,0.020000000000000018,False,True
T,pitzT_U5_dt2,2,0.010000000000000009,False,True
T,pitzT_U5_dt2,3,0.010000000000000009,False,True
T,pitzT_U5_dt2,3,0.030000000000000027,False,True
T,pitzT_U5_dt2,3,0.020000000000000018,False,True
T,pitzT_U5_dt2,4,0.020000000000000018,False,True
T,pitzT_U5_dt2,4,0.030000000000000027,False,True
T,pitzT_U5_dt2,4,0.020000000000000018,False,True
T,pitzT_U5_dt2,5,0.019999999999999962,False,True
T,pitzT_U5_dt2,5,0.020000000000000018,False,True
T,pitzT_U5_dt2,5,0.010000000000000009,False,True
T,pitzT_U5_dt2,6,0.04999999999999999,False,True
T,pitzT_U5_dt2,6,0.030000000000000027,False,True
T,pitzT_U5_dt2,6,0.019999999999999962,False,True
T,pitzT_U5_dt2,7,0.020000000000000018,False,True
T,pitzT_U5_dt2,7,0.03,False,True
T,pitzT_U5_dt2,7,0.010000000000000009,False,True
T,pitzT_U5_dt2,8,0.010000000000000009,False,True
T,pitzT_U5_dt2,8,0.03,False,True
T,pitzT_U5_dt2,8,0.01999999999999999,False,True
T,pitzT_U5_dt2,9,0.04000000000000001,False,True
T,pitzT_U5_dt2,9,0.03,False,True
T,pitzT_U5_dt2,9,0.010000000000000009,False,True
T,pitzT_U5_dt2,10,0.020000000000000018,False,True
T,pitzT_U5_dt2,10,0.040000000000000036,False,True
T,pitzT_U5_dt2,10,0.040000000000000036,False,True
T,pitzT_U5_dt2,11,0.020000000000000018,False,True
T,pitzT_U5_dt2,11,0.01999999999999999,False,True
T,pitzT_U5_dt2,11,0.030000000000000027,False,True
T,pitzT_U5_dt2,12,0.01999999999999999,False,True
T,pitzT_U5_dt2,12,0.020000000000000018,False,True
T,pitzT_U5_dt2,12,0.04000000000000001,False,True
T,pitzT_U5_dt2,13,0.040000000000000036,False,True
T,pitzT_U5_dt2,13,0.010000000000000009,False,True
T,pitzT_U5_dt2,13,0.030000000000000027,False,True
T,pitzT_U5_dt2,14,0.030000000000000027,False,True
T,pitzT_U5_dt2,14,0.010000000000000009,False,True
T,pitzT_U5_dt2,14,0.020000000000000018,False,True
T,pitzT_U5_dt2,15,0.010000000000000009,False,True
T,pitzT_U5_dt2,15,0.010000000000000009,False,True
T,pitzT_U5_dt2,15,0.020000000000000018,False,True
T,pitzT_U5_dt2,16,0.040000000000000036,False,True
T,pitzT_U5_dt2,16,0.020000000000000018,False,True
T,pitzT_U5_dt2,16,0.040000000000000036,False,True
T,pitzT_U5_dt2,17,0.01999999999999999,False,True
T,pitzT_U5_dt2,17,0.01999999999999999,False,True
T,pitzT_U5_dt2,17,0.010000000000000009,False,True
T,pitzT_U5_dt2,18,0.030000000000000027,False,True
T,pitzT_U5_dt2,18,0.04000000000000001,False,True
T,pitzT_U5_dt2,18,0.04000000000000001,False,True
T,pitzT_U5_dt2,19,0.01999999999999999,False,True
T,pitzT_U5_dt2,19,0.010000000000000009,False,True
T,pitzT_U5_dt2,19,0.01999999999999999,False,True
T,pitzT_U5_dt2,20,0.020000000000000018,False,True
T,pitzT_U5_dt2,20,0.020000000000000018,False,True
T,pitzT_U5_dt2,20,0.020000000000000018,False,True
T,pitzT_U5_dt2,21,0.01999999999999999,False,True
T,pitzT_U5_dt2,21,0.010000000000000009,False,True
T,pitzT_U5_dt2,21,0.020000000000000018,False,True
T,pitzT_U5_dt2,22,0.03999999999999998,False,True
T,pitzT_U5_dt2,22,0.03,False,True
T,pitzT_U5_dt2,22,0.020000000000000018,False,True
T,pitzT_U5_dt2,23,0.030000000000000027,False,True
T,pitzT_U5_dt2,23,0.04999999999999993,False,True
T,pitzT_U5_dt2,23,0.03,False,True
T,pitzT_U5_dt2,24,0.04999999999999993,False,True
T,pitzT_U5_dt2,24,0.06999999999999995,False,True
T,pitzT_U5_dt2,24,0.03,False,True
T,pitzT_U5_dt2,25,0.03,False,True
T,pitzT_U5_dt2,25,0.01999999999999999,False,True
T,pitzT_U5_dt2,25,0.01999999999999999,False,True
T,pitzT_U5_dt2,26,0.040000000000000036,False,True
T,pitzT_U5_dt2,26,0.020000000000000018,False,True
T,pitzT_U5_dt2,26,0.020000000000000018,False,True
T,pitzT_U5_dt2,27,0.050000000000000044,False,True
T,pitzT_U5_dt2,27,0.010000000000000009,False,True
T,pitzT_U5_dt2,27,0.050000000000000044,False,True
T,pitzT_U5_dt2,28,0.01999999999999999,False,True
T,pitzT_U5_dt2,28,0.01999999999999999,False,True
T,pitzT_U5_dt2,28,0.010000000000000009,False,True
T,pitzT_U5_dt2,29,0.010000000000000009,False,True
T,pitzT_U5_dt2,29,0.030000000000000027,False,True
T,pitzT_U5_dt2,29,0.04000000000000001,False,True
T,pitzT_U5_dt2,30,0.020000000000000018,False,True
T,pitzT_U5_dt2,30,0.020000000000000018,False,True
T,pitzT_U5_dt2,30,0.039999999999999925,False,True
T,pitzT_U5_dt2,31,0.03,False,True
T,pitzT_U5_dt2,31,0.010000000000000009,False,True
T,pitzT_U5_dt2,31,0.04000000000000001,False,True
T,pitzT_U5_dt2,32,0.05999999999999994,False,True
T,pitzT_U5_dt2,32,0.08999999999999997,False,True
T,pitzT_U5_dt2,32,0.030000000000000027,False,True
T,pitzT_U5_dt2,33,0.010000000000000009,False,True
T,pitzT_U5_dt2,33,0.01999999999999999,False,True
T,pitzT_U5_dt2,33,0.03,False,True
T,pitzT_U5_dt2,34,0.06999999999999995,False,True
T,pitzT_U5_dt2,34,0.05999999999999994,False,True
T,pitzT_U5_dt2,34,0.010000000000000009,False,True
T,pitzT_U5_dt2,35,0.050000000000000044,False,True
T,pitzT_U5_dt2,35,0.020000000000000018,False,True
T,pitzT_U5_dt2,35,0.030000000000000027,False,True
T,pitzT_U5_dt2,36,0.03,False,True
T,pitzT_U5_dt2,36,0.040000000000000036,False,True
T,pitzT_U5_dt2,36,0.06000000000000005,False,True
T,pitzT_U5_dt2,37,0.030000000000000027,False,True
T,pitzT_U5_dt2,37,0.030000000000000027,False,True
T,pitzT_U5_dt2,37,0.010000000000000009,False,True
T,pitzT_U5_dt2,38,0.030000000000000027,False,True
T,pitzT_U5_dt2,38,0.020000000000000018,False,True
T,pitzT_U5_dt2,38,0.01999999999999999,False,True
T,pitzT_U5_dt2,39,0.010000000000000009,False,True
T,pitzT_U5_dt2,39,0.020000000000000018,False,True
T,pitzT_U5_dt2,39,0.010000000000000009,False,True
T,pitzT_U5_dt2,40,0.009999999999999995,False,True
T,pitzT_U5_dt2,40,0.010000000000000009,False,True
T,pitzT_U5_dt2,40,0.010000000000000009,False,True
T,pitzT_U5_dt2,41,0.020000000000000018,False,True
T,pitzT_U5_dt2,41,0.030000000000000027,False,True
T,pitzT_U5_dt2,41,0.050000000000000044,False,True
T,pitzT_U5_dt2,42,0.020000000000000018,False,True
T,pitzT_U5_dt2,42,0.020000000000000018,False,True
T,pitzT_U5_dt2,42,0.010000000000000009,False,True
T,pitzT_U5_dt2,43,0.020000000000000018,False,True
T,pitzT_U5_dt2,43,0.010000000000000009,False,True
T,pitzT_U5_dt2,43,0.030000000000000027,False,True
T,pitzT_U5_dt2,44,0.030000000000000027,False,True
T,pitzT_U5_dt2,44,0.01999999999999999,False,True
T,pitzT_U5_dt2,44,0.020000000000000018,False,True
T,pitzT_U5_dt2,45,0.020000000000000004,False,True
T,pitzT_U5_dt2,45,0.04999999999999993,False,True
T,pitzT_U5_dt2,45,0.039999999999999925,False,True
T,pitzT_U5_dt2,46,0.030000000000000027,False,True
T,pitzT_U5_dt2,46,0.030000000000000027,False,True
T,pitzT_U5_dt2,46,0.010000000000000009,False,True
T,pitzT_U5_dt2,47,0.010000000000000009,False,True
T,pitzT_U5_dt2,47,0.039999999999999925,False,True
T,pitzT_U5_dt2,47,0.030000000000000027,False,True
T,pitzT_U5_dt2,48,0.01999999999999999,False,True
T,pitzT_U5_dt2,48,0.03,False,True
T,pitzT_U5_dt2,48,0.020000000000000018,False,True
